Player,Nation,Pos,Squad,Comp,Age,MP,Starts,Min,90s,Gls,Ast,G+A,G-PK,PK,PKatt,CrdY,CrdR,G+A-PK,Sh,SoT,SoT%,Sh/90,SoT/90,G/Sh,G/SoT,Mn/MP,Min%,Compl,Subs,Mn/Sub,PPM,onG,onGA,+/-,+/-90,On-Off,2CrdY,Fls,Fld,Off,Crs,Int,TklW,Gls_90,Ast_90,Sh_90,SoT_90,Int_90,TklW_90,Crs_90
Brenden Aaronson,us USA,"MF,FW",Leeds United,eng Premier League,25.0,33,27,2220,24.7,4,5,9,4,0,0,2,0,0.36,43,16,37.2,1.74,0.65,0.09,0.25,67,72.5,2,6,21.0,1.12,35,28,7,0.28,1.78,0,19,47,5,36,15,22,0.16216216216216217,0.20270270270270271,1.7432432432432432,0.6486486486486487,0.6081081081081081,0.8918918918918919,1.4594594594594597
Himad Abdelli,dz ALG,MF,Angers,fr Ligue 1,26.0,13,11,943,10.5,2,0,2,0,2,2,1,0,0.0,11,5,45.5,1.05,0.48,0.0,0.0,73,33.8,4,2,25.0,1.38,12,13,-1,-0.1,0.68,0,16,12,1,9,13,17,0.19088016967126195,0.0,1.0498409331919407,0.47720042417815484,1.2407211028632026,1.6224814422057265,0.8589607635206787
Ali Abdi,tn TUN,"MF,DF",Nice,fr Ligue 1,32.0,19,12,1045,11.6,2,0,2,2,0,0,4,1,0.17,9,2,22.2,0.78,0.17,0.22,1.0,55,37.5,6,7,22.0,0.68,18,16,2,0.17,1.41,1,19,17,0,30,10,9,0.1722488038277512,0.0,0.7751196172248803,0.1722488038277512,0.8612440191387559,0.7751196172248803,2.583732057416268
Saud Abdulhamid,sa KSA,MF,Lens,fr Ligue 1,26.0,23,12,1227,13.6,2,4,6,2,0,0,3,0,0.44,8,3,37.5,0.59,0.22,0.25,0.67,53,45.4,8,11,18.0,1.83,31,17,14,1.03,0.17,0,22,13,1,45,9,22,0.14669926650366746,0.2933985330073349,0.5867970660146699,0.2200488997555012,0.6601466992665037,1.6136919315403422,3.3007334963325183
Laurent Abergel,fr FRA,MF,Lorient,fr Ligue 1,33.0,25,24,2073,23.0,1,0,1,1,0,0,6,0,0.04,20,5,25.0,0.87,0.22,0.05,0.2,83,74.3,17,1,22.0,1.4,34,37,-3,-0.13,0.12,0,23,23,0,9,26,22,0.043415340086830685,0.0,0.8683068017366136,0.2170767004341534,1.1287988422575976,0.9551374819102749,0.39073806078147616
Matthis Abline,fr FRA,"FW,MF",Nantes,fr Ligue 1,23.0,30,25,2323,25.8,5,3,8,5,0,1,5,0,0.31,76,21,27.6,2.94,0.81,0.07,0.24,77,83.3,18,5,26.0,0.57,22,48,-26,-1.01,-1.2,0,28,42,5,57,9,12,0.19371502367628068,0.11622901420576841,2.9444683598794663,0.8136030994403788,0.3486870426173052,0.46491605682307363,2.2083512699095995
Abner,br BRA,"DF,MF",Lyon,fr Ligue 1,25.0,23,22,1881,20.9,3,1,4,3,0,0,4,1,0.19,16,6,37.5,0.77,0.29,0.19,0.5,82,67.4,15,1,3.0,1.91,30,17,13,0.62,0.32,0,22,6,1,56,5,18,0.14354066985645933,0.04784688995215312,0.7655502392344499,0.28708133971291866,0.23923444976076555,0.8612440191387559,2.679425837320574
Abdel Abqar,ma MAR,DF,Getafe,es La Liga,27.0,19,14,1166,13.0,0,2,2,0,0,0,8,1,0.15,7,1,14.3,0.54,0.08,0.0,0.0,61,39.3,5,5,27.0,1.21,14,12,2,0.15,0.55,0,24,32,1,2,18,16,0.0,0.15437392795883362,0.5403087478559176,0.07718696397941681,1.3893653516295026,1.234991423670669,0.15437392795883362
Francesco Acerbi,it ITA,DF,Inter,it Serie A,38.0,16,13,1198,13.3,0,1,1,0,0,0,3,0,0.08,3,1,33.3,0.23,0.08,0.0,0.0,75,39.2,10,3,22.0,2.13,30,17,13,0.98,-0.76,0,15,12,3,2,17,9,0.0,0.07512520868113523,0.22537562604340566,0.07512520868113523,1.2771285475792988,0.6761268781302171,0.15025041736227046
Ragnar Ache,de GER,FW,Köln,de Bundesliga,27.0,29,18,1718,19.1,7,4,11,7,0,0,3,0,0.58,52,22,42.3,2.72,1.15,0.13,0.32,59,61.6,3,11,29.0,1.03,27,38,-11,-0.58,-0.83,0,18,29,10,1,4,8,0.36670547147846333,0.20954598370197905,2.724097788125728,1.1525029103608846,0.20954598370197905,0.4190919674039581,0.05238649592549476
Akor Adams,ng NGA,FW,Sevilla,es La Liga,26.0,28,19,1846,20.5,8,3,11,5,3,3,2,0,0.39,55,27,49.1,2.68,1.32,0.09,0.19,66,62.2,13,9,26.0,1.07,27,37,-10,-0.49,-0.09,0,31,10,38,15,1,3,0.39003250270855905,0.14626218851570966,2.6814734561213434,1.3163596966413869,0.04875406283856988,0.14626218851570966,0.7313109425785481
Che Adams,sct SCO,FW,Torino,it Serie A,29.0,31,19,1826,20.3,5,2,7,5,0,0,0,0,0.35,48,14,29.2,2.37,0.69,0.1,0.36,59,59.7,4,12,32.0,1.23,24,30,-6,-0.3,0.51,0,17,15,9,13,1,9,0.24644030668127054,0.09857612267250822,2.365826944140197,0.6900328587075575,0.04928806133625411,0.443592552026287,0.6407447973713034
Tyler Adams,us USA,MF,Bournemouth,eng Premier League,27.0,21,18,1476,16.4,2,2,4,2,0,0,7,0,0.24,9,6,66.7,0.55,0.37,0.22,0.33,70,48.2,8,3,22.0,1.43,20,26,-6,-0.37,-0.71,0,29,12,1,2,26,20,0.12195121951219512,0.12195121951219512,0.5487804878048781,0.3658536585365854,1.5853658536585364,1.2195121951219512,0.12195121951219512
Karim Adeyemi,de GER,"MF,FW",Dortmund,de Bundesliga,24.0,26,15,1170,13.0,7,3,10,7,0,0,5,0,0.77,31,14,45.2,2.38,1.08,0.23,0.5,45,41.9,0,11,12.0,2.23,26,13,13,1.0,-0.17,0,21,25,5,10,8,4,0.5384615384615385,0.23076923076923078,2.3846153846153846,1.076923076923077,0.6153846153846154,0.3076923076923077,0.7692307692307693
Amine Adli,ma MAR,MF,Bournemouth,eng Premier League,25.0,28,10,1058,11.8,3,1,4,3,0,0,2,0,0.34,20,9,45.0,1.7,0.77,0.15,0.33,38,34.6,2,18,18.0,1.39,18,17,1,0.09,0.13,0,26,23,4,39,5,16,0.2551984877126654,0.08506616257088848,1.7013232514177694,0.7655954631379962,0.42533081285444235,1.3610586011342156,3.31758034026465
Michel Aebischer,ch SUI,MF,Pisa,it Serie A,29.0,32,30,2652,29.5,1,1,2,1,0,0,7,0,0.07,17,3,17.6,0.58,0.1,0.06,0.33,83,86.7,23,2,45.0,0.56,21,42,-21,-0.71,2.82,0,36,38,0,39,30,36,0.03393665158371041,0.03393665158371041,0.5769230769230769,0.10180995475113123,1.0180995475113122,1.2217194570135748,1.3235294117647058
David Affengruber,at AUT,DF,Elche,es La Liga,25.0,31,28,2532,28.1,1,1,2,1,0,0,6,1,0.07,11,4,36.4,0.39,0.14,0.09,0.25,82,85.3,23,3,31.0,1.16,41,43,-2,-0.07,0.75,0,29,33,2,7,45,41,0.035545023696682464,0.035545023696682464,0.3909952606635071,0.14218009478672985,1.599526066350711,1.457345971563981,0.24881516587677727
Emmanuel Agbadou,ci CIV,DF,Wolves,eng Premier League,28.0,14,12,1101,12.2,0,0,0,0,0,0,1,1,0.0,10,3,30.0,0.82,0.25,0.0,0.0,79,36.0,11,2,38.0,0.14,6,27,-21,-1.72,-0.94,0,10,5,1,13,14,21,0.0,0.0,0.8174386920980927,0.24523160762942778,1.1444141689373297,1.7166212534059946,1.0626702997275204
Lucien Agoume,fr FRA,MF,Sevilla,es La Liga,24.0,29,27,2327,25.9,1,2,3,1,0,0,11,0,0.12,12,2,16.7,0.46,0.08,0.08,0.5,80,78.4,18,2,21.0,1.07,35,44,-9,-0.35,0.49,0,49,13,8,17,41,33,0.03867640739149119,0.07735281478298238,0.46411688869789425,0.07735281478298238,1.5857327030511388,1.2763214439192092,0.6574989256553502
Marc Aguado,es ESP,MF,Elche,es La Liga,26.0,30,25,2077,23.1,1,2,3,1,0,0,2,0,0.13,2,1,50.0,0.09,0.04,0.5,1.0,69,69.9,7,5,21.0,1.03,28,32,-4,-0.17,0.03,0,19,23,0,2,36,24,0.043331728454501686,0.08666345690900337,0.08666345690900337,0.043331728454501686,1.5599422243620609,1.0399614829080404,0.08666345690900337
Nayef Aguerd,ma MAR,DF,Marseille,fr Ligue 1,30.0,16,16,1396,15.5,1,0,1,1,0,0,4,0,0.06,10,2,20.0,0.64,0.13,0.1,0.5,87,50.0,13,0,0.0,1.94,33,17,16,1.03,0.9,0,21,6,0,2,21,16,0.06446991404011461,0.0,0.6446991404011462,0.12893982808022922,1.3538681948424067,1.0315186246418337,0.12893982808022922
Ruben Aguilar,fr FRA,MF,Lens,fr Ligue 1,33.0,22,19,1554,17.3,2,2,4,2,0,0,5,1,0.23,13,3,23.1,0.75,0.17,0.15,0.67,71,57.6,6,3,22.0,2.14,28,20,8,0.46,-1.11,1,23,10,5,84,21,23,0.11583011583011582,0.11583011583011582,0.752895752895753,0.17374517374517376,1.2162162162162162,1.332046332046332,4.864864864864865
Honest Ahanor,it ITA,DF,Atalanta,it Serie A,18.0,18,12,1079,12.0,0,0,0,0,0,0,1,1,0.0,10,2,20.0,0.83,0.17,0.0,0.0,60,35.3,7,6,39.0,1.72,16,11,5,0.42,-0.04,0,17,22,0,1,15,15,0.0,0.0,0.8341056533827618,0.16682113067655235,1.2511584800741427,1.2511584800741427,0.08341056533827618
Lucas Ahijado,es ESP,DF,Oviedo,es La Liga,31.0,15,10,972,10.8,0,1,1,0,0,0,2,0,0.09,8,2,25.0,0.74,0.19,0.0,0.0,65,32.7,7,5,29.0,0.6,8,20,-12,-1.11,-0.53,0,10,3,2,15,15,27,0.0,0.0925925925925926,0.7407407407407408,0.1851851851851852,1.3888888888888888,2.5,1.3888888888888888
Ola Aina,ng NGA,DF,Nottingham Forest,eng Premier League,29.0,18,18,1588,17.6,0,0,0,0,0,0,3,0,0.0,12,1,8.3,0.68,0.06,0.0,0.0,88,51.9,15,0,0.0,1.39,27,19,8,0.45,1.19,0,13,15,0,39,26,21,0.0,0.0,0.6801007556675063,0.05667506297229219,1.473551637279597,1.1901763224181359,2.2103274559193955
Abdelhamid Ait Boudlal,ma MAR,DF,Rennes,fr Ligue 1,20.0,17,14,1133,12.6,2,1,3,2,0,0,3,1,0.24,9,4,44.4,0.71,0.32,0.22,0.5,67,40.6,11,3,13.0,2.0,28,20,8,0.64,0.42,0,9,7,0,2,16,9,0.1588702559576346,0.0794351279788173,0.7149161518093556,0.3177405119152692,1.2709620476610768,0.7149161518093556,0.1588702559576346
Tosin Aiyegun,bj BEN,"MF,FW",Lorient,fr Ligue 1,27.0,24,10,957,10.6,4,0,4,4,0,1,1,0,0.38,25,10,40.0,2.35,0.94,0.16,0.4,40,34.3,1,14,20.0,1.0,11,16,-5,-0.47,-0.47,0,11,12,3,6,1,5,0.3761755485893417,0.0,2.3510971786833856,0.9404388714733543,0.09404388714733543,0.4702194357366771,0.5642633228840125
Kristoffer Ajer,no NOR,DF,Brentford,eng Premier League,28.0,24,18,1628,18.1,0,1,1,0,0,0,3,0,0.06,10,3,30.0,0.55,0.17,0.0,0.0,68,53.2,12,6,22.0,1.38,27,27,0,0.0,-0.19,0,22,5,0,7,12,21,0.0,0.05528255528255528,0.5528255528255528,0.16584766584766586,0.6633906633906634,1.160933660933661,0.386977886977887
Ludovic Ajorque,fr FRA,FW,Brest,fr Ligue 1,32.0,28,28,2460,27.3,7,9,16,7,0,0,9,1,0.59,47,15,31.9,1.72,0.55,0.15,0.47,88,91.1,24,0,0.0,1.36,39,41,-2,-0.07,1.43,0,57,51,12,9,9,19,0.25609756097560976,0.32926829268292684,1.719512195121951,0.5487804878048781,0.32926829268292684,0.6951219512195123,0.32926829268292684
Manuel Akanji,ch SUI,DF,Inter,it Serie A,30.0,32,30,2731,30.3,2,0,2,2,0,0,4,0,0.07,23,6,26.1,0.76,0.2,0.09,0.33,85,89.2,29,2,21.0,2.38,71,26,45,1.48,0.39,0,25,17,2,3,37,24,0.06590992310508971,0.0,0.7579641157085316,0.19772976931526912,1.2193335774441596,0.7909190772610765,0.09886488465763456
Ebenezer Akinsanmiro,ng NGA,MF,Pisa,it Serie A,21.0,20,12,1189,13.2,0,1,1,0,0,0,2,0,0.08,13,3,23.1,0.98,0.23,0.0,0.0,59,38.9,7,8,31.0,0.6,8,21,-13,-0.98,0.17,0,26,25,1,9,20,19,0.0,0.07569386038687972,0.9840201850294364,0.2270815811606392,1.5138772077375946,1.4381833473507148,0.6812447434819175
Maghnes Akliouche,fr FRA,"MF,FW",Monaco,fr Ligue 1,24.0,28,25,2154,23.9,6,5,11,6,0,0,3,0,0.46,44,17,38.6,1.84,0.71,0.14,0.35,77,77.2,14,3,33.0,1.61,42,33,9,0.38,0.66,0,24,34,9,38,16,23,0.25069637883008355,0.20891364902506962,1.8384401114206128,0.7103064066852367,0.6685236768802229,0.9610027855153204,1.5877437325905293
Clément Akpa,ci CIV,DF,Auxerre,fr Ligue 1,24.0,24,21,1853,20.6,0,0,0,0,0,0,4,1,0.0,6,0,0.0,0.29,0.0,0.0,0.0,77,66.4,18,3,22.0,0.83,14,29,-15,-0.73,-0.73,1,11,30,1,29,23,19,0.0,0.0,0.2914193200215866,0.0,1.117107393416082,0.9228278467350243,1.4085267134376684
Jean-Daniel Akpa-Akpro,ci CIV,MF,Hellas Verona,it Serie A,33.0,18,14,1215,13.5,1,0,1,1,0,0,9,0,0.07,13,4,30.8,0.96,0.3,0.08,0.25,68,39.7,5,4,44.0,0.5,8,15,-7,-0.52,0.75,0,35,11,0,16,18,27,0.07407407407407407,0.0,0.962962962962963,0.2962962962962963,1.3333333333333335,2.0,1.1851851851851851
Omar Alderete,py PAR,DF,Sunderland,eng Premier League,29.0,30,29,2596,28.8,1,1,2,1,0,0,6,0,0.07,23,9,39.1,0.8,0.31,0.04,0.11,87,84.8,25,1,38.0,1.37,29,39,-10,-0.35,-0.54,0,30,9,5,11,32,16,0.03466872110939908,0.03466872110939908,0.7973805855161787,0.3120184899845917,1.1093990755007705,0.5546995377503853,0.3813559322033898
Alexandre Alemão,br BRA,FW,Rayo Vallecano,es La Liga,28.0,21,9,902,10.0,2,0,2,2,0,0,2,0,0.2,19,9,47.4,1.9,0.9,0.11,0.22,43,30.4,0,12,20.0,1.24,8,11,-3,-0.3,-0.08,0,17,19,2,3,1,1,0.19955654101995565,0.0,1.8957871396895787,0.8980044345898004,0.09977827050997783,0.09977827050997783,0.29933481152993346
Carles Aleñá,es ESP,MF,Alavés,es La Liga,28.0,33,23,1971,21.9,0,4,4,0,0,0,4,0,0.18,29,5,17.2,1.32,0.23,0.0,0.0,60,66.4,4,10,28.0,1.09,23,32,-9,-0.41,-0.23,0,37,36,1,119,12,24,0.0,0.182648401826484,1.324200913242009,0.228310502283105,0.547945205479452,1.095890410958904,5.433789954337899
Trent Alexander-Arnold,eng ENG,DF,Real Madrid,es La Liga,27.0,17,11,906,10.1,0,4,4,0,0,0,2,0,0.4,8,1,12.5,0.79,0.1,0.0,0.0,53,30.5,4,6,15.0,2.0,22,12,10,0.99,-0.18,0,7,0,0,96,11,7,0.0,0.3973509933774834,0.7947019867549668,0.09933774834437085,1.0927152317880795,0.695364238410596,9.536423841059603
Mohamed Ali Cho,fr FRA,"FW,MF",Nice,fr Ligue 1,22.0,21,18,1477,16.4,4,3,7,4,0,0,1,0,0.43,25,12,48.0,1.52,0.73,0.16,0.33,70,52.9,4,3,34.0,0.67,20,32,-12,-0.73,-0.05,0,14,30,4,37,4,9,0.24373730534867974,0.18280297901150983,1.5233581584292484,0.7312119160460393,0.24373730534867974,0.5484089370345294,2.2545700744752875
Thiago Almada,ar ARG,"MF,FW",Atlético Madrid,es La Liga,25.0,23,14,1119,12.4,3,1,4,3,0,0,1,1,0.32,19,10,52.6,1.53,0.8,0.16,0.3,49,37.7,3,9,22.0,1.7,17,16,1,0.08,-0.79,0,10,15,2,29,7,16,0.24128686327077747,0.08042895442359249,1.5281501340482573,0.8042895442359249,0.5630026809651475,1.2868632707774799,2.3324396782841825
Domingos André Ribeiro Almeida,pt POR,MF,Valencia,es La Liga,25.0,20,11,1008,11.2,0,1,1,0,0,0,0,0,0.09,9,3,33.3,0.8,0.27,0.0,0.0,50,33.9,3,9,20.0,1.05,12,14,-2,-0.18,0.23,0,12,21,0,64,8,10,0.0,0.08928571428571427,0.8035714285714285,0.26785714285714285,0.7142857142857142,0.8928571428571428,5.7142857142857135
Marcos Alonso,es ESP,DF,Celta Vigo,es La Liga,35.0,28,27,2408,26.8,1,0,1,0,1,1,5,0,0.0,22,3,13.6,0.82,0.11,0.0,0.0,86,81.1,24,1,33.0,1.36,35,33,2,0.07,0.07,0,21,18,0,17,29,21,0.03737541528239203,0.0,0.8222591362126247,0.11212624584717608,1.0838870431893688,0.7848837209302325,0.6353820598006644
Sergi Altimira,es ESP,MF,Real Betis,es La Liga,24.0,22,12,1110,12.3,1,1,2,1,0,0,3,0,0.16,5,2,40.0,0.41,0.16,0.2,0.5,50,37.4,5,10,22.0,1.45,12,19,-7,-0.57,-1.29,0,12,20,0,3,19,30,0.08108108108108109,0.08108108108108109,0.40540540540540543,0.16216216216216217,1.5405405405405403,2.4324324324324325,0.24324324324324326
Carlos Álvarez,es ESP,MF,Levante,es La Liga,22.0,29,22,1861,20.7,3,1,4,3,0,0,3,0,0.19,29,11,37.9,1.4,0.53,0.1,0.27,64,62.7,7,7,21.0,0.97,20,35,-15,-0.73,-0.89,0,22,49,2,53,13,13,0.14508328855454056,0.04836109618484686,1.402471789360559,0.5319720580333154,0.6286942504030092,0.6286942504030092,2.5631380977968834
Hugo Álvarez,es ESP,"FW,MF",Celta Vigo,es La Liga,22.0,23,13,1148,12.8,3,1,4,3,0,0,2,0,0.31,10,5,50.0,0.78,0.39,0.3,0.6,50,38.7,4,10,23.0,1.3,21,20,1,0.08,0.03,0,15,14,2,20,10,8,0.23519163763066203,0.078397212543554,0.7839721254355401,0.39198606271777003,0.7839721254355401,0.627177700348432,1.5679442508710801
Julián Álvarez,ar ARG,FW,Atlético Madrid,es La Liga,26.0,29,22,1895,21.1,8,4,12,6,2,3,2,0,0.47,54,26,48.1,2.56,1.23,0.11,0.23,65,63.8,6,7,38.0,1.97,35,20,15,0.71,0.38,0,14,18,2,86,3,13,0.37994722955145116,0.18997361477572558,2.5646437994722957,1.2348284960422162,0.14248021108179418,0.6174142480211081,4.084432717678101
Aurele Amenda,ch SUI,DF,Eintracht Frankfurt,de Bundesliga,22.0,21,15,1408,15.6,0,0,0,0,0,0,4,0,0.0,10,2,20.0,0.64,0.13,0.0,0.0,67,50.5,14,6,11.0,1.29,23,27,-4,-0.26,-0.39,0,15,10,0,3,26,10,0.0,0.0,0.6392045454545454,0.1278409090909091,1.6619318181818183,0.6392045454545454,0.19176136363636362
Kelvin Amian,fr FRA,DF,Nantes,fr Ligue 1,28.0,23,22,1961,21.8,0,1,1,0,0,0,3,0,0.05,10,2,20.0,0.46,0.09,0.0,0.0,85,70.3,21,1,1.0,0.65,21,40,-19,-0.87,-0.22,0,23,18,2,29,8,18,0.0,0.04589495155532892,0.45894951555328917,0.09178990311065784,0.36715961244263134,0.8261091279959204,1.3309535951045386
Mohamed Amine Sbai,fr FRA,"MF,FW",Angers,fr Ligue 1,25.0,23,21,1684,18.7,2,1,3,2,0,1,1,0,0.16,31,14,45.2,1.66,0.75,0.06,0.14,73,60.4,4,2,28.0,1.26,16,24,-8,-0.43,0.3,0,15,22,3,56,4,10,0.10688836104513065,0.053444180522565325,1.6567695961995248,0.7482185273159145,0.2137767220902613,0.5344418052256532,2.992874109263658
Michael Amir Murillo,pa PAN,"DF,MF",Marseille,fr Ligue 1,30.0,16,11,989,11.0,2,1,3,2,0,0,4,0,0.27,9,2,22.2,0.82,0.18,0.22,1.0,62,35.4,7,5,21.0,2.0,26,13,13,1.18,0.93,0,22,16,2,28,6,13,0.1820020222446916,0.0910010111223458,0.8190091001011123,0.1820020222446916,0.5460060667340748,1.1830131445904954,2.5480283114256825
Nadiem Amiri,de GER,MF,Mainz 05,de Bundesliga,29.0,23,21,1843,20.5,11,2,13,3,8,8,6,0,0.24,46,20,43.5,2.25,0.98,0.07,0.15,80,66.1,12,2,28.0,0.96,27,30,-3,-0.15,0.52,0,19,22,3,118,17,16,0.5371676614215952,0.09766684753119913,2.24633749321758,0.9766684753119913,0.8301682040151926,0.781334780249593,5.762344004340749
Mohamed Amoura,dz ALG,"FW,MF",Wolfsburg,de Bundesliga,25.0,28,23,1914,21.3,8,3,11,7,1,1,2,0,0.47,60,19,31.7,2.82,0.89,0.12,0.37,68,68.6,8,5,24.0,0.89,32,32,0,0.0,2.57,0,21,11,12,34,7,22,0.3761755485893417,0.14106583072100312,2.8213166144200623,0.8934169278996865,0.329153605015674,1.0344827586206897,1.5987460815047023
Ethan Ampadu,wls WAL,MF,Leeds United,eng Premier League,25.0,31,31,2759,30.7,1,1,2,1,0,0,8,0,0.07,24,6,25.0,0.78,0.2,0.04,0.17,89,90.2,27,0,0.0,1.23,40,44,-4,-0.13,0.77,0,40,32,0,24,44,43,0.032620514679231605,0.032620514679231605,0.7828923523015585,0.19572308807538963,1.4353026458861906,1.402682131206959,0.7828923523015585
Sofyan Amrabat,ma MAR,MF,Real Betis,es La Liga,29.0,13,11,1035,11.5,0,0,0,0,0,0,4,0,0.0,7,1,14.3,0.61,0.09,0.0,0.0,80,34.8,10,2,32.0,1.46,18,12,6,0.52,0.43,0,17,16,0,6,10,11,0.0,0.0,0.6086956521739131,0.08695652173913043,0.8695652173913043,0.9565217391304348,0.5217391304347826
Joachim Andersen,dk DEN,DF,Fulham,eng Premier League,29.0,31,31,2741,30.5,0,1,1,0,0,0,7,0,0.03,15,4,26.7,0.49,0.13,0.0,0.0,88,89.6,30,0,0.0,1.45,41,41,0,0.0,0.56,0,29,13,0,15,32,24,0.0,0.032834731849689894,0.49252097774534837,0.13133892739875958,1.0507114191900766,0.7880335643925575,0.49252097774534837
Elliot Anderson,eng ENG,MF,Nottingham Forest,eng Premier League,23.0,34,34,3042,33.8,3,2,5,2,1,1,7,0,0.12,40,9,22.5,1.18,0.27,0.05,0.22,89,99.4,31,0,0.0,1.15,41,44,-3,-0.09,4.91,0,52,73,2,166,38,56,0.08875739644970415,0.0591715976331361,1.183431952662722,0.2662721893491124,1.1242603550295858,1.6568047337278107,4.911242603550296
Tomoya Ando,jp JPN,DF,St Pauli,de Bundesliga,27.0,12,11,990,11.0,0,1,1,0,0,0,3,0,0.09,6,2,33.3,0.55,0.18,0.0,0.0,83,35.5,9,1,27.0,0.75,9,22,-13,-1.18,-0.48,0,9,5,0,4,13,18,0.0,0.09090909090909091,0.5454545454545454,0.18181818181818182,1.1818181818181819,1.6363636363636362,0.36363636363636365
André,br BRA,MF,Wolves,eng Premier League,24.0,31,26,2402,26.7,1,0,1,1,0,0,10,0,0.04,12,1,8.3,0.45,0.04,0.08,1.0,77,78.5,20,5,34.0,0.48,16,47,-31,-1.16,-0.2,0,37,39,0,39,21,38,0.03746877601998335,0.0,0.4496253122398002,0.03746877601998335,0.7868442964196503,1.4238134887593674,1.4612822647793504
Benjamin André,fr FRA,MF,Lille,fr Ligue 1,35.0,24,23,2062,22.9,2,2,4,2,0,0,8,0,0.17,24,6,25.0,1.05,0.26,0.08,0.33,86,73.9,20,1,18.0,2.0,36,17,19,0.83,1.2,0,34,34,2,18,27,38,0.08729388942774007,0.08729388942774007,1.0475266731328807,0.2618816682832202,1.1784675072744908,1.6585838991270612,0.7856450048496605
Robert Andrich,de GER,"DF,MF",Leverkusen,de Bundesliga,31.0,29,26,2305,25.6,2,0,2,2,0,0,6,1,0.08,11,3,27.3,0.43,0.12,0.18,0.67,79,82.6,22,3,16.0,1.86,53,38,15,0.59,-0.34,1,29,19,0,13,30,30,0.07809110629067245,0.0,0.4295010845986985,0.11713665943600868,1.1713665943600868,1.1713665943600868,0.5075921908893709
Samuele Angori,it ITA,MF,Pisa,it Serie A,22.0,31,27,2302,25.6,0,2,2,0,0,0,2,0,0.08,13,2,15.4,0.51,0.08,0.0,0.0,74,75.2,17,4,30.0,0.42,17,44,-27,-1.06,0.13,0,15,49,3,155,22,22,0.0,0.07819287576020852,0.5082536924413554,0.07819287576020852,0.8601216333622937,0.8601216333622937,6.05994787141616
Ilyas Ansah,de GER,"MF,FW",Union Berlin,de Bundesliga,21.0,30,20,1712,19.0,5,1,6,5,0,0,1,0,0.32,30,10,33.3,1.58,0.53,0.17,0.5,57,61.4,3,10,22.0,1.07,24,29,-5,-0.26,0.99,0,18,37,9,18,4,8,0.2628504672897196,0.052570093457943924,1.5771028037383177,0.5257009345794392,0.2102803738317757,0.4205607476635514,0.9462616822429906
Jaidon Anthony,eng ENG,MF,Burnley,eng Premier League,26.0,33,28,2372,26.4,7,1,8,7,0,0,4,0,0.3,48,20,41.7,1.82,0.76,0.15,0.35,72,77.5,11,5,17.0,0.61,26,52,-26,-0.99,0.06,0,20,40,9,65,16,20,0.26559865092748736,0.03794266441821248,1.8212478920741988,0.7588532883642496,0.6070826306913997,0.7588532883642496,2.4662731871838113
Waldemar Anton,de GER,DF,Dortmund,de Bundesliga,29.0,29,29,2610,29.0,2,0,2,2,0,0,3,0,0.07,15,6,40.0,0.52,0.21,0.13,0.33,90,93.5,29,0,0.0,2.17,62,30,32,1.1,0.1,0,22,16,0,11,24,38,0.06896551724137931,0.0,0.5172413793103449,0.20689655172413793,0.8275862068965517,1.3103448275862069,0.3793103448275862
Antony,br BRA,"MF,FW",Real Betis,es La Liga,26.0,27,25,2064,22.9,7,5,12,7,0,0,5,1,0.52,75,30,40.0,3.27,1.31,0.09,0.23,76,69.5,11,2,27.0,1.44,35,31,4,0.17,-0.22,0,14,40,1,58,20,17,0.30523255813953487,0.2180232558139535,3.2703488372093026,1.3081395348837208,0.872093023255814,0.741279069767442,2.5290697674418605
Youssef El-Arabi,ma MAR,FW,Nantes,fr Ligue 1,39.0,24,11,932,10.4,3,0,3,3,0,1,0,0,0.29,15,9,60.0,1.45,0.87,0.2,0.33,39,33.4,1,13,13.0,0.58,12,14,-2,-0.19,0.92,0,22,22,10,2,4,9,0.28969957081545067,0.0,1.448497854077253,0.8690987124463521,0.38626609442060084,0.8690987124463521,0.19313304721030042
Mauro Arambarri,uy URU,MF,Getafe,es La Liga,30.0,32,32,2799,31.1,6,2,8,4,2,2,5,0,0.19,53,17,32.1,1.7,0.55,0.08,0.24,87,94.2,26,0,0.0,1.38,28,33,-5,-0.16,0.37,0,55,56,3,11,20,40,0.19292604501607716,0.06430868167202572,1.7041800643086817,0.5466237942122186,0.6430868167202572,1.2861736334405145,0.3536977491961415
Jon Aramburu,ve VEN,DF,Real Sociedad,es La Liga,23.0,31,28,2523,28.0,1,0,1,1,0,0,9,0,0.04,20,5,25.0,0.71,0.18,0.05,0.2,81,84.9,22,3,35.0,1.35,43,44,-1,-0.04,-0.24,0,62,42,3,46,42,60,0.0356718192627824,0.0,0.713436385255648,0.178359096313912,1.4982164090368608,2.140309155766944,1.6409036860879904
Ronald Araújo,uy URU,DF,Barcelona,es La Liga,27.0,21,10,989,11.0,3,0,3,3,0,0,2,0,0.27,11,5,45.5,1.0,0.46,0.27,0.6,47,33.3,7,11,18.0,2.57,29,13,16,1.46,-0.41,0,16,3,0,5,10,9,0.2730030333670374,0.0,1.0010111223458038,0.455005055611729,0.910010111223458,0.8190091001011123,0.455005055611729
Carlens Arcus,ht HAI,DF,Angers,fr Ligue 1,29.0,24,24,2009,22.3,0,3,3,0,0,0,6,0,0.13,9,1,11.1,0.4,0.04,0.0,0.0,84,72.0,17,0,0.0,1.21,19,27,-8,-0.36,0.68,0,31,16,0,38,29,28,0.0,0.13439522150323543,0.4031856645097063,0.04479840716774514,1.2991538078646092,1.254355400696864,1.7023394723743155
Jesús Areso,es ESP,DF,Athletic Club,es La Liga,26.0,24,13,1418,15.8,0,1,1,0,0,0,3,0,0.06,3,0,0.0,0.19,0.0,0.0,0.0,59,47.7,7,11,30.0,1.08,15,22,-7,-0.44,-0.15,0,18,5,1,81,20,15,0.0,0.06346967559943582,0.19040902679830748,0.0,1.2693935119887165,0.9520451339915373,5.141043723554302
Jhon Arias,co COL,"FW,MF",Wolves,eng Premier League,28.0,23,14,1124,12.5,1,0,1,1,0,0,1,0,0.08,16,3,18.8,1.28,0.24,0.06,0.33,49,36.7,2,9,15.0,0.35,11,21,-10,-0.8,0.5,0,26,9,3,30,7,27,0.08007117437722419,0.0,1.281138790035587,0.2402135231316726,0.5604982206405694,2.1619217081850532,2.402135231316726
Maximilian Arnold,de GER,MF,Wolfsburg,de Bundesliga,31.0,25,20,1859,20.7,1,4,5,1,0,0,5,0,0.24,13,5,38.5,0.63,0.24,0.08,0.2,74,66.6,20,5,12.0,0.92,31,41,-10,-0.48,0.97,0,17,26,0,81,24,15,0.048413125336202255,0.19365250134480902,0.6293706293706294,0.24206562668101128,1.1619150080688543,0.7261968800430338,3.921463152232383
Tolu Arokodare,ng NGA,FW,Wolves,eng Premier League,25.0,29,12,1284,14.3,3,1,4,3,0,1,1,0,0.28,38,13,34.2,2.66,0.91,0.08,0.23,44,42.0,7,17,18.0,0.59,15,27,-12,-0.84,0.48,0,17,13,6,0,5,3,0.2102803738317757,0.07009345794392523,2.663551401869159,0.911214953271028,0.35046728971962615,0.2102803738317757,0.0
Kervin Arriaga,hn HON,MF,Levante,es La Liga,28.0,23,12,1240,13.8,1,2,3,1,0,0,6,1,0.22,10,3,30.0,0.73,0.22,0.1,0.33,54,41.8,8,11,22.0,1.13,16,23,-7,-0.51,-0.2,1,19,19,1,4,11,20,0.07258064516129033,0.14516129032258066,0.7258064516129032,0.21774193548387097,0.7983870967741935,1.4516129032258065,0.2903225806451613
Arthur,br BRA,MF,Leverkusen,de Bundesliga,23.0,17,13,1067,11.9,1,3,4,1,0,0,2,0,0.34,10,2,20.0,0.84,0.17,0.1,0.5,63,38.2,7,4,29.0,1.88,23,17,6,0.51,-0.23,0,17,9,3,30,18,11,0.08434864104967198,0.2530459231490159,0.8434864104967197,0.16869728209934395,1.5182755388940956,0.9278350515463918,2.5304592314901595
Raúl Asencio,es ESP,DF,Real Madrid,es La Liga,23.0,20,15,1438,16.0,2,0,2,2,0,0,3,0,0.13,14,4,28.6,0.88,0.25,0.14,0.5,72,48.4,11,5,34.0,2.25,31,13,18,1.13,0.01,0,15,17,0,1,8,11,0.12517385257301808,0.0,0.8762169680111266,0.25034770514603616,0.5006954102920723,0.6884561891515995,0.06258692628650904
Fisnik Asllani,xk KVX,"FW,MF",Hoffenheim,de Bundesliga,23.0,30,28,2094,23.3,10,6,16,10,0,0,2,0,0.69,67,26,38.8,2.88,1.12,0.15,0.38,70,75.1,4,2,24.0,1.8,46,37,9,0.39,-0.52,0,23,35,14,8,4,7,0.42979942693409745,0.25787965616045844,2.879656160458453,1.1174785100286533,0.17191977077363896,0.3008595988538682,0.3438395415472779
Kristjan Asllani,al ALB,MF,Torino,it Serie A,24.0,15,13,1129,12.5,0,0,0,0,0,1,3,0,0.0,20,4,20.0,1.59,0.32,0.0,0.0,75,36.9,5,2,29.0,1.27,13,20,-7,-0.56,-0.09,0,7,14,0,52,12,14,0.0,0.0,1.5943312666076175,0.31886625332152346,0.9565987599645703,1.1160318866253323,4.145261293179805
Lorenz Assignon,tg TOG,"DF,MF",Stuttgart,de Bundesliga,25.0,22,12,1075,11.9,0,0,0,0,0,0,3,1,0.0,12,4,33.3,1.0,0.33,0.0,0.0,49,38.5,4,10,12.0,2.0,27,13,14,1.17,0.86,0,19,7,1,36,14,15,0.0,0.0,1.0046511627906978,0.33488372093023255,1.172093023255814,1.255813953488372,3.0139534883720933
Dehmaine Assoumani,fr FRA,MF,Nantes,fr Ligue 1,21.0,26,14,1272,14.1,1,0,1,1,0,0,5,0,0.07,29,7,24.1,2.05,0.5,0.03,0.14,49,45.6,2,12,20.0,0.73,14,19,-5,-0.35,0.83,0,23,20,0,86,16,18,0.07075471698113207,0.0,2.05188679245283,0.4952830188679245,1.1320754716981132,1.2735849056603774,6.084905660377358
Otavio Ataide,br BRA,DF,Paris FC,fr Ligue 1,24.0,22,20,1818,20.2,1,0,1,1,0,0,6,1,0.05,12,3,25.0,0.59,0.15,0.08,0.33,83,65.2,17,2,26.0,1.32,26,30,-4,-0.2,0.08,0,23,31,1,5,26,26,0.0495049504950495,0.0,0.594059405940594,0.1485148514851485,1.2871287128712872,1.2871287128712872,0.24752475247524755
Arthur Atta,fr FRA,MF,Udinese,it Serie A,23.0,28,25,2204,24.5,5,3,8,5,0,0,3,0,0.33,51,19,37.3,2.08,0.78,0.1,0.26,79,72.0,16,3,31.0,1.32,27,34,-7,-0.29,-0.5,0,19,31,7,51,21,13,0.20417422867513613,0.12250453720508167,2.082577132486388,0.7758620689655172,0.8575317604355717,0.530852994555354,2.082577132486388
Pierre-Emerick Aubameyang,ga GAB,FW,Marseille,fr Ligue 1,36.0,28,21,1904,21.2,9,5,14,9,0,0,1,0,0.66,51,27,52.9,2.41,1.28,0.18,0.33,68,68.2,7,7,31.0,1.68,40,25,15,0.71,0.4,0,19,16,8,28,7,6,0.4254201680672269,0.23634453781512607,2.4107142857142856,1.2762605042016806,0.33088235294117646,0.28361344537815125,1.3235294117647058
Carlos Augusto,br BRA,"DF,MF",Inter,it Serie A,27.0,30,15,1469,16.3,1,1,2,1,0,0,6,0,0.12,15,4,26.7,0.92,0.25,0.07,0.25,49,48.0,9,15,19.0,2.33,33,15,18,1.1,-0.65,0,25,11,0,41,17,20,0.06126616746085772,0.06126616746085772,0.9189925119128659,0.2450646698434309,1.0415248468345812,1.2253233492171545,2.511912865895167
Yann Aurel Bisseck,de GER,DF,Inter,it Serie A,25.0,20,18,1652,18.4,3,1,4,3,0,0,2,0,0.22,24,11,45.8,1.31,0.6,0.13,0.27,83,54.0,16,2,24.0,2.3,42,16,26,1.42,-0.05,0,20,13,3,12,18,17,0.16343825665859565,0.05447941888619855,1.3075060532687652,0.5992736077481841,0.9806295399515738,0.9261501210653753,0.6537530266343826
Leon Avdullahu,xk KVX,MF,Hoffenheim,de Bundesliga,22.0,30,29,2564,28.5,0,1,1,0,0,0,4,0,0.04,13,2,15.4,0.46,0.07,0.0,0.0,85,91.9,24,1,30.0,1.9,59,37,22,0.77,3.16,0,25,12,1,14,28,28,0.0,0.035101404056162244,0.45631825273010923,0.07020280811232449,0.982839313572543,0.982839313572543,0.4914196567862715
Arthur Avom,cm CMR,MF,Lorient,fr Ligue 1,21.0,28,21,2005,22.3,1,1,2,1,0,0,3,0,0.09,20,5,25.0,0.9,0.22,0.05,0.2,72,71.9,17,7,24.0,1.29,26,29,-3,-0.13,0.09,0,21,36,0,43,26,31,0.04488778054862842,0.04488778054862842,0.8977556109725685,0.22443890274314213,1.167082294264339,1.3915211970074812,1.9301745635910224
Chidozie Awaziem,ng NGA,DF,Nantes,fr Ligue 1,29.0,24,23,2051,22.8,1,2,3,1,0,0,7,0,0.13,9,4,44.4,0.39,0.18,0.11,0.25,85,73.5,21,1,12.0,0.63,19,39,-20,-0.88,-0.27,0,22,19,1,2,19,16,0.04388103364212579,0.08776206728425158,0.39492930277913213,0.17552413456850316,0.8337396392003901,0.7020965382740126,0.08776206728425158
Yasin Ayari,se SWE,MF,Brighton,eng Premier League,22.0,27,20,1905,21.2,3,3,6,3,0,0,1,0,0.28,41,10,24.4,1.94,0.47,0.07,0.3,71,62.3,15,7,25.0,1.56,31,23,8,0.38,0.3,0,23,28,0,23,25,25,0.14173228346456693,0.14173228346456693,1.937007874015748,0.47244094488188976,1.1811023622047243,1.1811023622047243,1.0866141732283465
César Azpilicueta,es ESP,DF,Sevilla,es La Liga,36.0,15,15,1033,11.5,0,1,1,0,0,0,4,0,0.09,1,0,0.0,0.09,0.0,0.0,0.0,69,34.8,8,0,0.0,1.2,15,13,2,0.17,0.96,0,22,8,1,11,22,17,0.0,0.08712487899322362,0.08712487899322362,0.0,1.9167473378509197,1.4811229428848014,0.9583736689254598
Loïc Bade,fr FRA,DF,Leverkusen,de Bundesliga,26.0,23,19,1653,18.4,0,0,0,0,0,0,4,0,0.0,12,4,33.3,0.65,0.22,0.0,0.0,72,59.2,15,4,21.0,1.83,37,24,13,0.71,0.15,0,11,4,0,4,21,19,0.0,0.0,0.6533575317604355,0.21778584392014522,1.1433756805807622,1.0344827586206897,0.21778584392014522
Alex Baena,es ESP,"MF,FW",Atlético Madrid,es La Liga,24.0,24,18,1372,15.2,2,3,5,2,0,0,4,0,0.33,23,6,26.1,1.51,0.39,0.09,0.33,57,46.2,4,6,24.0,1.75,25,14,11,0.72,0.27,0,23,27,9,105,15,9,0.13119533527696792,0.1967930029154519,1.5087463556851313,0.3935860058309038,0.9839650145772594,0.5903790087463557,6.887755102040816
Samson Baidoo,at AUT,DF,Lens,fr Ligue 1,22.0,20,17,1588,17.6,2,1,3,2,0,0,2,0,0.17,15,4,26.7,0.85,0.23,0.13,0.5,79,58.8,16,3,30.0,2.35,36,12,24,1.36,1.04,0,19,5,1,0,24,20,0.11335012594458438,0.05667506297229219,0.850125944584383,0.22670025188916876,1.3602015113350125,1.1335012594458438,0.0
Eric Bailly,ci CIV,DF,Oviedo,es La Liga,32.0,12,12,1043,11.6,1,0,1,1,0,0,3,0,0.09,5,1,20.0,0.43,0.09,0.2,1.0,87,35.1,11,0,0.0,1.08,13,17,-4,-0.35,0.64,0,13,7,0,1,15,9,0.0862895493767977,0.0,0.4314477468839885,0.0862895493767977,1.2943432406519655,0.7766059443911794,0.0862895493767977
Ridle Baku,de GER,DF,RB Leipzig,de Bundesliga,28.0,29,26,2297,25.5,2,3,5,2,0,0,4,0,0.2,28,6,21.4,1.1,0.24,0.07,0.33,79,82.3,13,3,25.0,2.03,47,30,17,0.67,-0.61,0,23,19,2,52,27,36,0.0783630822812364,0.1175446234218546,1.0970831519373094,0.2350892468437092,1.0579016107966912,1.4105354810622552,2.0374401393121464
Alejandro Balde,es ESP,DF,Barcelona,es La Liga,22.0,24,19,1653,18.4,0,2,2,0,0,0,2,0,0.11,8,1,12.5,0.44,0.05,0.0,0.0,69,55.7,7,5,36.0,2.42,46,19,27,1.47,-0.58,0,14,22,4,23,6,19,0.0,0.10889292196007261,0.43557168784029043,0.054446460980036304,0.32667876588021777,1.0344827586206897,1.2522686025408347
Carlos Baleba,cm CMR,MF,Brighton,eng Premier League,22.0,27,20,1385,15.4,0,0,0,0,0,0,5,0,0.0,15,1,6.7,0.97,0.06,0.0,0.0,51,45.3,3,7,13.0,1.48,17,18,-1,-0.06,-0.6,0,28,16,0,0,25,16,0.0,0.0,0.9747292418772563,0.06498194945848375,1.6245487364620939,1.03971119133574,0.0
Leonardo Balerdi,ar ARG,DF,Marseille,fr Ligue 1,27.0,23,18,1734,19.3,0,1,1,0,0,0,5,0,0.05,19,5,26.3,0.99,0.26,0.0,0.0,75,62.2,17,5,26.0,1.7,42,29,13,0.67,0.25,0,17,21,0,2,20,24,0.0,0.051903114186851215,0.9861591695501731,0.2595155709342561,1.0380622837370244,1.245674740484429,0.10380622837370243
Daniel Ballard,nir NIR,DF,Sunderland,eng Premier League,26.0,28,23,2126,23.6,2,0,2,2,0,0,4,0,0.08,26,9,34.6,1.1,0.38,0.08,0.22,76,69.5,20,5,35.0,1.21,28,34,-6,-0.25,0.04,0,28,28,3,1,20,17,0.08466603951081844,0.0,1.1006585136406397,0.3809971777986829,0.8466603951081844,0.7196613358419568,0.04233301975540922
Folarin Balogun,us USA,FW,Monaco,fr Ligue 1,24.0,27,23,1975,21.9,12,4,16,9,3,3,4,1,0.59,69,30,43.5,3.14,1.37,0.13,0.3,73,70.8,6,4,41.0,1.67,37,30,7,0.32,0.32,0,41,35,15,12,4,6,0.5468354430379747,0.18227848101265823,3.1443037974683548,1.3670886075949367,0.18227848101265823,0.27341772151898736,0.5468354430379747
Lameck Banda,zm ZAM,"MF,FW",Lecce,it Serie A,25.0,28,17,1481,16.5,3,3,6,3,0,0,6,1,0.36,31,8,25.8,1.88,0.49,0.1,0.38,53,48.4,2,11,29.0,0.93,15,19,-4,-0.24,0.9,0,42,45,2,74,7,17,0.18230925050641458,0.18230925050641458,1.8838622552329507,0.4861580013504389,0.42538825118163404,1.0330857528696826,4.49696151249156
Noahkai Banks,us USA,DF,Augsburg,de Bundesliga,19.0,22,20,1695,18.8,1,1,2,1,0,0,8,0,0.11,9,5,55.6,0.48,0.27,0.11,0.2,77,60.8,14,2,17.0,1.14,22,30,-8,-0.42,0.23,0,29,18,3,3,18,25,0.05309734513274336,0.05309734513274336,0.47787610619469023,0.2654867256637168,0.9557522123893805,1.3274336283185841,0.1592920353982301
Tommaso Barbieri,it ITA,MF,Cremonese,it Serie A,23.0,25,16,1527,17.0,0,1,1,0,0,0,6,0,0.06,13,2,15.4,0.77,0.12,0.0,0.0,61,49.9,9,9,23.0,0.76,15,24,-9,-0.53,0.41,0,36,24,1,69,13,24,0.0,0.05893909626719057,0.7662082514734774,0.11787819253438114,0.7662082514734774,1.4145383104125735,4.06679764243615
Valentín Barco,ar ARG,MF,Strasbourg,fr Ligue 1,21.0,25,22,2021,22.5,1,4,5,1,0,0,5,1,0.22,24,8,33.3,1.07,0.36,0.04,0.13,81,74.9,18,3,36.0,1.72,41,28,13,0.58,0.98,0,23,58,2,101,13,33,0.044532409698169226,0.1781296387926769,1.0687778327560613,0.3562592775853538,0.5789213260761998,1.4695695200395844,4.497773379515091
Bradley Barcola,fr FRA,FW,Paris Saint-Germain,fr Ligue 1,23.0,25,17,1483,16.5,10,1,11,10,0,0,2,0,0.67,60,28,46.7,3.64,1.7,0.17,0.36,59,54.9,5,8,30.0,2.4,37,13,24,1.46,0.05,0,17,8,5,22,11,13,0.6068779501011463,0.060687795010114634,3.6412677006068783,1.6992582602832098,0.6675657451112609,0.7889413351314901,1.3351314902225218
Melvin Bard,fr FRA,"DF,MF",Nice,fr Ligue 1,25.0,27,24,2246,25.0,2,1,3,2,0,0,3,0,0.12,15,5,33.3,0.6,0.2,0.13,0.4,83,80.5,22,3,39.0,0.93,23,49,-26,-1.04,-1.7,0,24,23,3,74,34,29,0.08014247551202137,0.04007123775601069,0.6010685663401603,0.20035618878005343,1.3624220837043632,1.16206589492431,2.9652715939447907
Nicolò Barella,it ITA,MF,Inter,it Serie A,29.0,31,28,2331,25.9,3,8,11,3,0,0,7,0,0.42,31,5,16.1,1.2,0.19,0.1,0.6,75,76.2,11,3,29.0,2.26,56,22,34,1.31,-0.54,0,31,21,4,95,8,30,0.11583011583011582,0.3088803088803089,1.196911196911197,0.19305019305019303,0.3088803088803089,1.1583011583011582,3.667953667953668
Harvey Barnes,eng ENG,"FW,MF",Newcastle United,eng Premier League,28.0,33,18,1794,19.9,5,0,5,5,0,0,1,0,0.25,52,18,34.6,2.61,0.9,0.1,0.28,54,58.6,7,15,24.0,1.18,30,28,2,0.1,0.53,0,16,22,3,71,3,5,0.2508361204013378,0.0,2.608695652173913,0.9030100334448161,0.1505016722408027,0.2508361204013378,3.5618729096989967
Ander Barrenetxea,es ESP,"MF,FW",Real Sociedad,es La Liga,24.0,27,19,1559,17.3,3,5,8,3,0,0,3,0,0.46,32,10,31.3,1.85,0.58,0.09,0.3,58,52.5,4,8,30.0,1.33,26,24,2,0.12,0.24,0,32,28,4,64,15,15,0.1731879409878127,0.28864656831302116,1.8473380372033354,0.5772931366260423,0.8659397049390635,0.8659397049390635,3.694676074406671
Pablo Barrios,es ESP,MF,Atlético Madrid,es La Liga,22.0,23,20,1661,18.5,1,1,2,1,0,0,0,0,0.11,23,6,26.1,1.25,0.33,0.04,0.17,72,55.9,13,3,34.0,1.96,30,16,14,0.76,0.41,0,12,23,0,30,26,16,0.054184226369656835,0.054184226369656835,1.2462372065021072,0.325105358217941,1.4087898856110779,0.8669476219145094,1.625526791089705
Thierno Barry,fr FRA,FW,Everton,eng Premier League,23.0,34,20,1765,19.6,6,0,6,6,0,0,3,0,0.31,35,12,34.3,1.78,0.61,0.17,0.5,52,57.7,3,14,18.0,1.38,21,28,-7,-0.36,-0.84,0,39,7,12,3,5,3,0.3059490084985836,0.0,1.7847025495750708,0.6118980169971672,0.254957507082153,0.1529745042492918,0.1529745042492918
Davide Bartesaghi,it ITA,"MF,DF",Milan,it Serie A,20.0,28,24,2182,24.2,2,0,2,2,0,0,3,0,0.08,20,6,30.0,0.82,0.25,0.1,0.33,78,71.3,18,4,30.0,1.86,31,21,10,0.41,-0.72,0,16,14,4,131,13,32,0.08249312557286893,0.0,0.8249312557286893,0.24747937671860676,0.5362053162236481,1.319890009165903,5.403299725022915
Marc Bartra,es ESP,DF,Real Betis,es La Liga,35.0,25,21,1978,22.0,1,0,1,1,0,0,3,0,0.05,16,5,31.3,0.73,0.23,0.06,0.2,79,66.6,19,4,45.0,1.56,29,29,0,0.0,-0.73,0,15,11,0,2,29,18,0.0455005055611729,0.0,0.7280080889787665,0.2275025278058645,1.3195146612740143,0.8190091001011123,0.0910010111223458
Federico Baschirotto,it ITA,DF,Cremonese,it Serie A,29.0,28,28,2520,28.0,2,0,2,2,0,0,2,0,0.07,12,5,41.7,0.43,0.18,0.17,0.4,90,82.4,28,0,0.0,0.89,21,38,-17,-0.61,0.73,0,44,9,1,8,24,13,0.07142857142857142,0.0,0.4285714285714286,0.17857142857142855,0.8571428571428572,0.4642857142857143,0.2857142857142857
Toma Bašić,hr CRO,MF,Lazio,it Serie A,29.0,19,19,1375,15.3,2,3,5,2,0,0,0,1,0.33,28,11,39.3,1.83,0.72,0.07,0.18,72,44.9,6,0,0.0,1.53,18,13,5,0.33,0.38,0,18,16,0,37,7,14,0.1309090909090909,0.19636363636363638,1.8327272727272728,0.72,0.4581818181818182,0.9163636363636364,2.421818181818182
Calvin Bassey,ng NGA,DF,Fulham,eng Premier League,26.0,26,24,2174,24.2,1,0,1,1,0,0,5,0,0.04,12,1,8.3,0.5,0.04,0.08,1.0,84,71.0,24,2,7.0,1.31,33,35,-2,-0.08,-0.08,0,27,32,1,11,18,23,0.04139834406623735,0.0,0.49678012879484823,0.04139834406623735,0.7451701931922723,0.952161913523459,0.4553817847286108
Alessandro Bastoni,it ITA,DF,Inter,it Serie A,27.0,26,26,2111,23.5,1,4,5,1,0,0,6,0,0.21,17,8,47.1,0.72,0.34,0.06,0.13,81,69.0,16,0,0.0,2.35,59,21,38,1.62,0.58,0,44,18,0,78,20,38,0.04263382283278067,0.1705352913311227,0.7247749881572714,0.3410705826622454,0.8526764566556135,1.6200852676456656,3.3254381809568927
Martin Baturina,hr CRO,"MF,FW",Como,it Serie A,23.0,25,14,1282,14.2,6,3,9,6,0,0,0,0,0.63,20,7,35.0,1.4,0.49,0.3,0.86,51,41.9,5,11,19.0,1.64,28,16,12,0.84,-0.12,0,13,39,0,64,5,12,0.421216848673947,0.2106084243369735,1.40405616224649,0.4914196567862715,0.3510140405616225,0.842433697347894,4.492979719188767
Christoph Baumgartner,at AUT,MF,RB Leipzig,de Bundesliga,26.0,30,29,2510,27.9,12,7,19,12,0,1,7,0,0.68,73,32,43.8,2.62,1.15,0.16,0.38,84,90.0,15,1,22.0,2.07,59,28,31,1.11,3.36,0,55,31,4,5,20,36,0.43027888446215135,0.250996015936255,2.6175298804780875,1.1474103585657371,0.7171314741035857,1.2908366533864541,0.17928286852589642
Hannes Behrens,de GER,"DF,MF",Heidenheim,de Bundesliga,21.0,13,12,1048,11.6,1,2,3,1,0,0,0,0,0.26,7,4,57.1,0.6,0.34,0.14,0.25,81,37.6,10,1,14.0,0.69,17,23,-6,-0.52,0.78,0,3,23,1,48,13,16,0.08587786259541984,0.17175572519083968,0.601145038167939,0.34351145038167935,1.116412213740458,1.3740458015267174,4.122137404580153
Maximilian Beier,de GER,"MF,FW",Dortmund,de Bundesliga,23.0,29,21,1808,20.1,9,4,13,9,0,0,3,0,0.65,48,20,41.7,2.39,1.0,0.19,0.45,62,64.8,3,8,23.0,2.17,44,16,28,1.39,0.84,0,26,20,3,25,8,14,0.4480088495575221,0.19911504424778761,2.3893805309734515,0.995575221238938,0.39823008849557523,0.6969026548672567,1.2444690265486726
Rafik Belghali,dz ALG,MF,Hellas Verona,it Serie A,23.0,22,18,1605,17.8,2,0,2,2,0,0,6,0,0.11,19,6,31.6,1.07,0.34,0.11,0.33,73,52.5,11,4,29.0,0.59,14,24,-10,-0.56,0.86,0,19,10,6,55,14,10,0.11214953271028037,0.0,1.0654205607476637,0.33644859813084116,0.7850467289719626,0.5607476635514018,3.08411214953271
Haris Belkebla,dz ALG,MF,Angers,fr Ligue 1,32.0,30,30,2605,28.9,0,0,0,0,0,0,7,0,0.0,5,0,0.0,0.17,0.0,0.0,0.0,87,93.4,25,0,0.0,1.03,25,42,-17,-0.59,-0.59,0,23,50,0,4,26,39,0.0,0.0,0.1727447216890595,0.0,0.8982725527831095,1.3474088291746642,0.1381957773512476
Yassin Belkhdim,fr FRA,MF,Angers,fr Ligue 1,24.0,27,26,2135,23.7,2,2,4,2,0,0,5,0,0.17,33,14,42.4,1.39,0.59,0.06,0.14,79,76.5,11,1,30.0,1.22,17,32,-15,-0.63,-0.36,0,29,29,2,42,32,43,0.08430913348946135,0.08430913348946135,1.3911007025761124,0.5901639344262295,1.3489461358313817,1.8126463700234192,1.7704918032786887
Stefan Bell,de GER,DF,Mainz 05,de Bundesliga,34.0,18,13,1039,11.5,2,1,3,2,0,0,4,0,0.26,12,5,41.7,1.04,0.43,0.17,0.4,58,37.2,6,5,24.0,1.06,18,21,-3,-0.26,0.1,0,15,8,1,1,19,6,0.17324350336862368,0.08662175168431184,1.039461020211742,0.43310875842155916,1.645813282001925,0.519730510105871,0.08662175168431184
Armel Bella Kotchap,de GER,DF,Hellas Verona,it Serie A,24.0,18,14,1314,14.6,0,0,0,0,0,0,3,0,0.0,3,0,0.0,0.21,0.0,0.0,0.0,73,42.9,10,4,37.0,0.61,13,26,-13,-0.89,0.14,0,22,16,0,1,29,11,0.0,0.0,0.2054794520547945,0.0,1.9863013698630136,0.7534246575342465,0.0684931506849315
Raoul Bellanova,it ITA,MF,Atalanta,it Serie A,25.0,22,14,1296,14.4,0,1,1,0,0,0,1,0,0.07,13,5,38.5,0.9,0.35,0.0,0.0,59,42.4,9,8,28.0,1.32,19,23,-4,-0.28,-1.25,0,3,11,2,81,9,9,0.0,0.06944444444444445,0.9027777777777777,0.3472222222222222,0.625,0.625,5.625
Jean-Ricner Bellegarde,ht HAI,"MF,FW",Wolves,eng Premier League,27.0,24,15,1212,13.5,1,1,2,1,0,0,5,0,0.15,21,7,33.3,1.56,0.52,0.05,0.14,51,39.6,1,9,21.0,0.46,10,29,-19,-1.41,-0.49,0,19,39,0,24,9,15,0.07425742574257425,0.07425742574257425,1.5594059405940595,0.5198019801980198,0.6683168316831682,1.113861386138614,1.7821782178217822
Héctor Bellerín,es ESP,DF,Real Betis,es La Liga,31.0,22,16,1440,16.0,2,3,5,2,0,0,2,0,0.31,5,5,100.0,0.31,0.31,0.4,0.4,65,48.5,10,6,24.0,1.45,25,20,5,0.31,0.14,0,13,3,1,26,11,8,0.125,0.1875,0.3125,0.3125,0.6875,0.5,1.6249999999999998
Jobe Bellingham,eng ENG,MF,Dortmund,de Bundesliga,20.0,29,17,1556,17.3,0,1,1,0,0,0,2,1,0.06,16,4,25.0,0.93,0.23,0.0,0.0,54,55.8,11,12,15.0,2.17,40,19,21,1.21,0.27,0,13,18,0,5,40,21,0.0,0.05784061696658097,0.9254498714652956,0.2313624678663239,2.3136246786632393,1.2146529562982005,0.2892030848329049
Jude Bellingham,eng ENG,MF,Real Madrid,es La Liga,22.0,23,18,1550,17.2,4,3,7,4,0,0,1,0,0.41,45,22,48.9,2.61,1.28,0.09,0.18,67,52.2,12,5,20.0,2.17,35,16,19,1.1,-0.04,0,28,38,2,15,12,33,0.23225806451612904,0.17419354838709677,2.6129032258064515,1.2774193548387098,0.6967741935483871,1.9161290322580644,0.8709677419354839
Jeanuël Belocian,fr FRA,DF,Wolfsburg,de Bundesliga,21.0,11,11,984,10.9,0,1,1,0,0,0,3,0,0.09,2,0,0.0,0.18,0.0,0.0,0.0,89,35.3,10,0,0.0,0.55,13,23,-10,-0.91,-0.17,0,17,7,0,3,10,11,0.0,0.09146341463414635,0.1829268292682927,0.0,0.9146341463414633,1.0060975609756098,0.27439024390243905
Lucas Beltrán,ar ARG,FW,Valencia,es La Liga,25.0,27,16,1365,15.2,1,2,3,1,0,0,1,0,0.2,34,9,26.5,2.24,0.59,0.03,0.11,51,46.0,2,11,23.0,1.07,17,21,-4,-0.26,0.13,0,26,39,4,10,4,10,0.06593406593406594,0.13186813186813187,2.241758241758242,0.5934065934065934,0.26373626373626374,0.6593406593406593,0.6593406593406593
Ramy Bensebaini,dz ALG,DF,Dortmund,de Bundesliga,31.0,21,15,1530,17.0,5,2,7,3,2,2,6,0,0.29,17,7,41.2,1.0,0.41,0.18,0.43,73,54.8,14,6,32.0,2.05,35,13,22,1.29,0.44,0,31,16,1,11,18,14,0.29411764705882354,0.11764705882352941,1.0,0.411764705882353,1.0588235294117647,0.823529411764706,0.6470588235294117
Nabil Bentaleb,dz ALG,MF,Lille,fr Ligue 1,31.0,24,12,1197,13.3,2,2,4,1,1,1,3,0,0.23,17,5,29.4,1.28,0.38,0.06,0.2,50,42.9,9,12,15.0,2.04,29,18,11,0.83,0.54,0,13,18,0,21,14,8,0.15037593984962405,0.15037593984962405,1.2781954887218046,0.37593984962406013,1.0526315789473684,0.6015037593984962,1.5789473684210527
Rodrigo Bentancur,uy URU,MF,Tottenham Hotspur,eng Premier League,28.0,22,19,1566,17.4,1,1,2,1,0,0,6,0,0.11,11,3,27.3,0.63,0.17,0.09,0.33,71,51.2,10,3,21.0,1.27,23,22,1,0.06,0.72,0,16,4,1,7,28,27,0.0574712643678161,0.0574712643678161,0.632183908045977,0.17241379310344826,1.6091954022988506,1.5517241379310345,0.40229885057471265
Lucas Beraldo,br BRA,"DF,MF",Paris Saint-Germain,fr Ligue 1,22.0,16,14,1207,13.4,2,1,3,2,0,0,2,0,0.22,11,4,36.4,0.82,0.3,0.18,0.5,75,44.7,10,2,25.0,2.44,32,11,21,1.57,0.24,0,13,6,0,1,17,13,0.14913007456503727,0.07456503728251863,0.820215410107705,0.29826014913007454,1.267605633802817,0.9693454846727423,0.07456503728251863
Domenico Berardi,it ITA,FW,Sassuolo,it Serie A,31.0,22,21,1711,19.0,7,4,11,5,2,3,2,1,0.47,34,18,52.9,1.79,0.95,0.15,0.28,78,55.9,8,1,32.0,1.36,27,25,2,0.11,0.44,0,28,31,10,51,20,17,0.36820572764465226,0.21040327293980127,1.788427819988311,0.9468147282291058,1.0520163646990064,0.8942139099941555,2.6826417299824663
Yuri Berchiche,es ESP,DF,Athletic Club,es La Liga,36.0,29,28,2435,27.1,0,4,4,0,0,0,4,0,0.15,21,5,23.8,0.78,0.18,0.0,0.0,84,82.0,24,1,45.0,1.38,31,36,-5,-0.18,0.99,0,24,32,3,56,30,25,0.0,0.14784394250513347,0.7761806981519508,0.18480492813141686,1.108829568788501,0.9240246406570841,2.0698151950718686
Álex Berenguer,es ESP,MF,Athletic Club,es La Liga,30.0,28,23,1957,21.7,2,3,5,2,0,0,4,0,0.23,41,19,46.3,1.89,0.87,0.05,0.11,70,65.9,9,5,33.0,1.04,23,27,-4,-0.18,0.53,0,25,38,6,178,13,12,0.09197751660705161,0.13796627491057742,1.885539090444558,0.8737864077669902,0.5978538579458355,0.5518650996423097,8.185998978027593
Sander Berge,no NOR,MF,Fulham,eng Premier League,28.0,33,32,2770,30.8,0,1,1,0,0,0,5,0,0.03,12,3,25.0,0.39,0.1,0.0,0.0,84,90.5,24,1,17.0,1.42,40,44,-4,-0.13,-0.75,0,32,14,1,12,25,40,0.0,0.032490974729241874,0.3898916967509025,0.09747292418772563,0.8122743682310469,1.2996389891696751,0.3898916967509025
Lucas Bergvall,se SWE,MF,Tottenham Hotspur,eng Premier League,20.0,21,11,954,10.6,1,3,4,1,0,0,2,0,0.38,11,5,45.5,1.04,0.47,0.09,0.2,45,31.2,0,10,22.0,1.1,14,17,-3,-0.28,0.02,0,24,7,3,18,3,14,0.09433962264150944,0.2830188679245283,1.0377358490566038,0.4716981132075472,0.2830188679245283,1.3207547169811322,1.6981132075471697
Adrian Bernabe,es ESP,MF,Parma,it Serie A,24.0,31,30,2396,26.6,3,1,4,3,0,0,0,0,0.15,50,12,24.0,1.88,0.45,0.06,0.25,77,78.3,6,1,32.0,1.32,20,32,-12,-0.45,-0.04,0,14,59,1,81,16,23,0.11268781302170283,0.037562604340567615,1.8781302170283807,0.4507512520868113,0.6010016694490818,0.8639398998330551,3.0425709515859762
Federico Bernardeschi,it ITA,"MF,FW",Bologna,it Serie A,32.0,25,8,913,10.1,2,2,4,1,1,1,2,0,0.3,28,8,28.6,2.76,0.79,0.04,0.13,37,29.8,0,17,21.0,1.6,12,5,7,0.69,0.94,0,11,10,1,38,3,6,0.19715224534501644,0.19715224534501644,2.76013143483023,0.7886089813800657,0.2957283680175246,0.5914567360350492,3.7458926615553123
Bernardo,br BRA,DF,Hoffenheim,de Bundesliga,30.0,26,23,2077,23.1,0,0,0,0,0,0,7,0,0.0,8,0,0.0,0.35,0.0,0.0,0.0,80,74.4,16,3,28.0,1.81,41,30,11,0.48,-0.15,0,40,9,2,16,34,38,0.0,0.0,0.3466538276360135,0.0,1.4732787674530574,1.646605681271064,0.693307655272027
Lorenzo Bernasconi,it ITA,MF,Atalanta,it Serie A,22.0,23,17,1572,17.5,0,3,3,0,0,0,3,0,0.17,9,1,11.1,0.52,0.06,0.0,0.0,68,51.4,13,6,26.0,1.91,22,9,13,0.74,0.62,0,8,5,3,113,14,16,0.0,0.17175572519083968,0.5152671755725191,0.05725190839694657,0.8015267175572519,0.9160305343511451,6.469465648854962
Antoine Bernede,fr FRA,MF,Hellas Verona,it Serie A,26.0,29,26,2115,23.5,1,2,3,1,0,0,1,0,0.13,19,4,21.1,0.81,0.17,0.05,0.25,73,69.1,10,3,29.0,0.55,17,37,-20,-0.85,0.39,0,52,16,1,24,13,36,0.0425531914893617,0.0851063829787234,0.8085106382978724,0.1702127659574468,0.5531914893617021,1.5319148936170213,1.021276595744681
Nicolò Bertola,it ITA,"DF,MF",Udinese,it Serie A,23.0,25,18,1649,18.3,0,1,1,0,0,0,3,0,0.05,12,4,33.3,0.65,0.22,0.0,0.0,66,53.9,11,7,24.0,1.52,22,25,-3,-0.16,-0.04,0,17,11,0,8,22,20,0.0,0.0545785324439054,0.6549423893268648,0.2183141297756216,1.2007277137659187,1.091570648878108,0.4366282595512432
Jan-Niklas Beste,de GER,MF,Freiburg,de Bundesliga,27.0,25,17,1497,16.6,1,2,3,1,0,0,5,0,0.18,23,13,56.5,1.38,0.78,0.04,0.08,60,53.7,5,8,21.0,1.56,28,22,6,0.36,1.34,0,15,33,5,94,16,20,0.06012024048096193,0.12024048096192386,1.382765531062124,0.781563126252505,0.9619238476953909,1.2024048096192386,5.651302605210421
Beto,gw GNB,FW,Everton,eng Premier League,28.0,33,14,1357,15.1,8,1,9,8,0,0,2,0,0.6,38,16,42.1,2.52,1.06,0.21,0.5,41,44.3,1,19,18.0,1.42,22,16,6,0.4,0.72,0,29,11,8,2,1,5,0.5305821665438467,0.06632277081798084,2.520265291083272,1.0611643330876934,0.06632277081798084,0.3316138540899042,0.13264554163596168
Sam Beukema,nl NED,DF,Napoli,it Serie A,27.0,22,16,1501,16.7,2,0,2,2,0,0,2,0,0.12,7,3,42.9,0.42,0.18,0.29,0.67,68,49.1,13,6,23.0,2.05,26,19,7,0.42,-0.27,0,17,5,1,6,14,17,0.11992005329780146,0.0,0.4197201865423051,0.17988007994670221,0.8394403730846102,1.0193204530313125,0.35976015989340443
Matteo Bianchetti,it ITA,DF,Cremonese,it Serie A,33.0,23,22,1852,20.6,0,2,2,0,0,0,3,0,0.1,6,1,16.7,0.29,0.05,0.0,0.0,81,60.5,13,1,30.0,1.09,22,31,-9,-0.44,0.75,0,23,14,0,6,12,27,0.0,0.09719222462203024,0.2915766738660907,0.04859611231101512,0.5831533477321814,1.3120950323974083,0.2915766738660907
Mika Biereth,dk DEN,FW,Monaco,fr Ligue 1,23.0,29,12,1031,11.5,2,2,4,2,0,0,0,0,0.35,19,7,36.8,1.66,0.61,0.11,0.29,36,37.0,1,17,13.0,1.62,18,22,-4,-0.35,-0.91,0,16,14,8,9,0,7,0.17458777885548013,0.17458777885548013,1.6585838991270612,0.6110572259941804,0.0,0.6110572259941804,0.7856450048496605
Pedro Bigas,es ESP,DF,Elche,es La Liga,35.0,24,21,1703,18.9,1,2,3,1,0,0,5,1,0.16,10,3,30.0,0.53,0.16,0.1,0.33,71,57.3,11,3,15.0,1.29,26,25,1,0.05,0.55,1,21,18,0,21,26,17,0.05284791544333529,0.10569583088667057,0.5284791544333529,0.15854374633000587,1.3740458015267174,0.8984145625366999,1.109806224310041
Jaka Bijol,si SVN,DF,Leeds United,eng Premier League,27.0,21,17,1551,17.2,1,1,2,1,0,0,3,0,0.12,15,6,40.0,0.87,0.35,0.07,0.17,74,50.7,13,4,25.0,1.19,24,23,1,0.06,0.54,0,15,10,0,1,22,13,0.058027079303675046,0.058027079303675046,0.8704061895551258,0.3481624758220503,1.2765957446808511,0.7543520309477757,0.058027079303675046
Tom Bischof,de GER,"DF,MF",Bayern Munich,de Bundesliga,20.0,24,12,1122,12.5,2,3,5,2,0,0,2,0,0.4,27,7,25.9,2.17,0.56,0.07,0.29,47,40.2,8,12,11.0,2.63,47,12,35,2.81,0.33,0,14,7,1,24,11,13,0.16042780748663102,0.24064171122994651,2.1657754010695185,0.5614973262032086,0.8823529411764706,1.0427807486631016,1.9251336898395721
Antonio Blanco,es ESP,MF,Alavés,es La Liga,25.0,31,31,2660,29.6,1,2,3,1,0,0,7,0,0.1,36,11,30.6,1.22,0.37,0.03,0.09,86,89.6,23,0,0.0,1.03,30,45,-15,-0.51,-1.67,0,61,35,2,26,47,46,0.03383458646616542,0.06766917293233084,1.218045112781955,0.3721804511278195,1.5902255639097744,1.556390977443609,0.8796992481203008
Ludovic Blas,fr FRA,"MF,FW",Rennes,fr Ligue 1,28.0,29,13,1382,15.4,5,4,9,3,2,2,1,0,0.46,42,13,31.0,2.74,0.85,0.07,0.23,48,49.5,2,16,23.0,1.86,27,25,2,0.13,-0.51,0,22,26,5,84,13,9,0.3256150506512301,0.26049204052098407,2.735166425470333,0.8465991316931983,0.8465991316931983,0.5861070911722142,5.470332850940666
Daley Blind,nl NED,DF,Girona,es La Liga,36.0,30,29,2533,28.1,0,0,0,0,0,0,1,0,0.0,5,1,20.0,0.18,0.04,0.0,0.0,84,85.3,25,1,27.0,1.17,30,44,-14,-0.5,-0.5,0,17,18,0,11,38,32,0.0,0.0,0.17765495459928937,0.035530990919857876,1.3501776549545994,1.136991709435452,0.39084090011843664
Jayden Bogle,eng ENG,"MF,DF",Leeds United,eng Premier League,25.0,32,30,2627,29.2,1,1,2,1,0,0,6,0,0.07,17,4,23.5,0.58,0.14,0.06,0.25,82,85.8,18,2,27.0,1.22,35,42,-7,-0.24,-0.24,0,38,28,10,59,28,39,0.03425961172440046,0.03425961172440046,0.5824133993148077,0.13703844689760183,0.9592691282832128,1.3361248572516178,2.0213170917396273
Federico Bonazzoli,it ITA,FW,Cremonese,it Serie A,28.0,31,27,2187,24.3,7,1,8,5,2,2,3,0,0.25,67,25,37.3,2.76,1.03,0.07,0.2,71,71.5,10,4,24.0,0.74,17,39,-22,-0.91,-0.6,0,23,67,4,24,9,12,0.28806584362139914,0.0411522633744856,2.757201646090535,1.02880658436214,0.3703703703703704,0.49382716049382713,0.9876543209876543
Warren Bondo,fr FRA,MF,Cremonese,it Serie A,22.0,26,22,1732,19.2,0,0,0,0,0,0,5,0,0.0,6,0,0.0,0.31,0.0,0.0,0.0,67,56.6,8,4,34.0,0.88,16,29,-13,-0.68,0.14,0,38,31,0,3,9,15,0.0,0.0,0.3117782909930716,0.0,0.46766743648960735,0.7794457274826789,0.1558891454965358
Rahim Bonkano,ne NIG,DF,Oviedo,es La Liga,24.0,24,16,1513,16.8,0,0,0,0,0,0,2,0,0.0,2,0,0.0,0.12,0.0,0.0,0.0,63,50.9,13,8,17.0,0.83,9,29,-20,-1.19,-0.88,0,9,6,8,61,23,17,0.0,0.0,0.11896893588896232,0.0,1.368142762723067,1.0112359550561798,3.628552544613351
Ange-Yoan Bonny,fr FRA,FW,Inter,it Serie A,22.0,29,9,952,10.6,5,3,8,5,0,0,1,0,0.76,21,9,42.9,1.99,0.85,0.24,0.56,33,31.1,1,20,17.0,2.21,30,11,19,1.8,0.52,0,16,19,8,3,1,9,0.47268907563025214,0.28361344537815125,1.9852941176470589,0.8508403361344538,0.09453781512605042,0.8508403361344538,0.28361344537815125
Gennaro Borrelli,it ITA,FW,Cagliari,it Serie A,26.0,26,12,1202,13.4,4,1,5,4,0,0,4,0,0.37,25,8,32.0,1.87,0.6,0.16,0.5,46,39.3,3,14,23.0,1.19,15,24,-9,-0.67,-0.48,0,43,47,5,2,3,6,0.2995008319467554,0.07487520798668885,1.8718801996672212,0.5990016638935108,0.22462562396006655,0.4492512479201331,0.1497504159733777
Sven Botman,nl NED,DF,Newcastle United,eng Premier League,26.0,21,17,1475,16.4,1,1,2,1,0,0,2,0,0.12,13,4,30.8,0.79,0.24,0.08,0.25,70,48.2,13,4,15.0,1.29,18,22,-4,-0.24,-0.24,0,11,13,0,2,17,11,0.061016949152542375,0.061016949152542375,0.7932203389830508,0.2440677966101695,1.0372881355932204,0.6711864406779662,0.12203389830508475
Ayyoub Bouaddi,fr FRA,MF,Lille,fr Ligue 1,18.0,27,25,2103,23.4,0,1,1,0,0,0,6,1,0.04,15,4,26.7,0.64,0.17,0.0,0.0,78,75.4,15,2,14.0,1.67,28,23,5,0.21,-1.23,0,35,21,0,16,25,35,0.0,0.042796005706134094,0.6419400855920114,0.17118402282453637,1.0699001426533523,1.4978601997146934,0.6847360912981455
Hicham Boudaoui,dz ALG,MF,Nice,fr Ligue 1,26.0,22,16,1470,16.3,1,2,3,1,0,0,5,0,0.18,19,8,42.1,1.16,0.49,0.05,0.13,67,52.7,11,6,24.0,0.95,18,30,-12,-0.73,-0.05,0,17,33,2,17,17,14,0.061224489795918366,0.12244897959183673,1.163265306122449,0.4897959183673469,1.0408163265306123,0.8571428571428572,1.0408163265306123
Jarrod Bowen,eng ENG,"MF,FW",West Ham United,eng Premier League,29.0,34,34,3046,33.8,8,10,18,7,1,1,4,0,0.5,73,24,32.9,2.16,0.71,0.1,0.29,90,99.5,29,0,0.0,1.06,41,56,-15,-0.44,5.99,0,18,45,17,129,27,26,0.23637557452396585,0.29546946815495734,2.1569271175311884,0.7091267235718975,0.7977675640183848,0.7682206172028891,3.8115561391989496
Lucas Boyé,ar ARG,FW,Alavés,es La Liga,30.0,27,21,1866,20.7,11,1,12,8,3,3,4,1,0.43,59,20,33.9,2.85,0.96,0.14,0.4,69,62.8,15,6,30.0,1.19,24,31,-7,-0.34,-0.01,1,55,36,9,10,7,24,0.5305466237942122,0.04823151125401929,2.8456591639871385,0.9646302250803859,0.33762057877813506,1.157556270096463,0.48231511254019294
Enzo Boyomo,cm CMR,DF,Osasuna,es La Liga,24.0,25,24,2092,23.2,1,1,2,1,0,0,5,0,0.09,7,3,42.9,0.3,0.13,0.14,0.33,84,70.4,20,1,18.0,1.28,27,29,-2,-0.09,-0.19,0,25,4,0,8,12,31,0.043021032504780114,0.043021032504780114,0.30114722753346085,0.12906309751434034,0.5162523900573613,1.3336520076481835,0.3441682600382409
Domagoj Bradarić,hr CRO,MF,Hellas Verona,it Serie A,26.0,26,22,1868,20.8,0,0,0,0,0,0,2,0,0.0,12,6,50.0,0.58,0.29,0.0,0.0,72,61.0,12,4,27.0,0.42,15,37,-22,-1.06,-0.23,0,8,10,2,97,9,20,0.0,0.0,0.5781584582441114,0.2890792291220557,0.4336188436830835,0.9635974304068522,4.673447537473233
Conor Bradley,nir NIR,DF,Liverpool,eng Premier League,22.0,15,12,929,10.3,0,1,1,0,0,0,5,0,0.1,6,0,0.0,0.58,0.0,0.0,0.0,62,30.4,3,3,29.0,1.47,11,13,-2,-0.19,-0.83,0,18,20,1,23,12,15,0.0,0.0968783638320775,0.581270182992465,0.0,1.16254036598493,1.4531754574811624,2.2282023681377825
Julian Brandt,de GER,"MF,FW",Dortmund,de Bundesliga,29.0,26,15,1428,15.9,7,4,11,7,0,0,0,0,0.69,34,16,47.1,2.14,1.01,0.21,0.44,55,51.2,5,11,16.0,2.15,38,17,21,1.32,0.46,0,8,5,7,22,5,7,0.4411764705882353,0.25210084033613445,2.142857142857143,1.0084033613445378,0.31512605042016806,0.4411764705882353,1.3865546218487395
Lilian Brassier,fr FRA,DF,Rennes,fr Ligue 1,26.0,26,24,2160,24.0,0,1,1,0,0,0,2,0,0.04,11,2,18.2,0.46,0.08,0.0,0.0,83,77.4,21,2,36.0,1.85,45,31,14,0.58,0.87,0,26,21,0,23,37,12,0.0,0.04166666666666667,0.45833333333333337,0.08333333333333334,1.5416666666666667,0.5,0.9583333333333333
Gleison Bremer,br BRA,DF,Juventus,it Serie A,29.0,23,22,1901,21.1,4,3,7,4,0,0,4,0,0.33,16,8,50.0,0.76,0.38,0.25,0.5,83,62.1,17,1,15.0,2.22,43,16,27,1.28,1.2,0,18,9,0,1,24,11,0.1893740136770121,0.14203051025775906,0.7574960547080484,0.3787480273540242,1.1362440820620725,0.5207785376117833,0.04734350341925302
Abel Bretones,es ESP,"MF,DF",Osasuna,es La Liga,25.0,24,15,1432,15.9,1,0,1,1,0,0,5,1,0.06,11,3,27.3,0.69,0.19,0.09,0.33,60,48.2,11,9,11.0,1.38,19,21,-2,-0.13,-0.18,0,15,17,1,24,13,11,0.06284916201117319,0.0,0.691340782122905,0.18854748603351956,0.8170391061452514,0.691340782122905,1.5083798882681565
Sascha Britschgi,ch SUI,"MF,DF",Parma,it Serie A,19.0,27,21,2008,22.3,0,2,2,0,0,0,4,0,0.09,13,3,23.1,0.58,0.13,0.0,0.0,74,65.6,16,6,32.0,1.3,17,27,-10,-0.45,-0.02,0,15,22,0,47,8,18,0.0,0.08964143426294821,0.5826693227091634,0.1344621513944223,0.35856573705179284,0.8067729083665339,2.106573705179283
Brian Brobbey,nl NED,FW,Sunderland,eng Premier League,24.0,27,18,1630,18.1,6,1,7,6,0,0,5,0,0.39,27,14,51.9,1.49,0.77,0.22,0.43,60,53.3,5,9,22.0,1.19,16,27,-11,-0.61,-0.73,0,24,30,8,2,0,2,0.3312883435582822,0.05521472392638037,1.49079754601227,0.7730061349693252,0.0,0.11042944785276074,0.11042944785276074
David Brooks,wls WAL,MF,Bournemouth,eng Premier League,28.0,28,13,1164,12.9,1,2,3,1,0,0,7,0,0.23,45,12,26.7,3.48,0.93,0.02,0.08,42,38.0,0,15,20.0,1.43,20,19,1,0.08,0.12,0,11,12,2,59,4,11,0.07731958762886598,0.15463917525773196,3.479381443298969,0.9278350515463918,0.30927835051546393,0.8505154639175257,4.561855670103093
Nathaniel Brown,de GER,"MF,DF",Eintracht Frankfurt,de Bundesliga,22.0,30,26,2386,26.5,4,4,8,4,0,0,3,0,0.3,17,9,52.9,0.64,0.34,0.24,0.44,80,85.5,20,4,41.0,1.43,47,48,-1,-0.04,0.19,0,25,29,1,38,24,52,0.15088013411567477,0.15088013411567477,0.6412405699916177,0.3394803017602682,0.9052808046940486,1.9614417435037719,1.4333612740989103
Jacob Bruun Larsen,dk DEN,"MF,FW",Burnley,eng Premier League,27.0,25,10,1011,11.2,0,1,1,0,0,0,0,0,0.09,16,4,25.0,1.42,0.36,0.0,0.0,40,33.0,0,15,23.0,0.6,12,29,-17,-1.51,-0.77,0,1,0,3,40,6,3,0.0,0.08902077151335311,1.4243323442136497,0.35608308605341243,0.5341246290801187,0.26706231454005935,3.560830860534124
Tajon Buchanan,ca CAN,MF,Villarreal,es La Liga,27.0,30,19,1666,18.5,6,1,7,6,0,0,8,0,0.38,25,10,40.0,1.35,0.54,0.24,0.6,56,56.1,5,11,25.0,1.87,32,15,17,0.92,0.64,0,17,34,8,29,22,18,0.3241296518607443,0.054021608643457376,1.3505402160864346,0.5402160864345739,1.1884753901560625,0.9723889555822329,1.566626650660264
Ante Budimir,hr CRO,FW,Osasuna,es La Liga,34.0,32,30,2538,28.2,16,0,16,10,6,8,2,0,0.35,84,35,41.7,2.98,1.24,0.12,0.29,79,85.5,15,2,22.0,1.31,30,31,-1,-0.04,-0.04,0,43,33,20,3,6,16,0.5673758865248227,0.0,2.978723404255319,1.2411347517730498,0.2127659574468085,0.5673758865248227,0.10638297872340426
Emi Buendía,ar ARG,MF,Aston Villa,eng Premier League,29.0,32,19,1558,17.3,5,2,7,5,0,0,6,0,0.4,44,10,22.7,2.54,0.58,0.11,0.5,49,50.9,2,13,24.0,1.78,15,22,-7,-0.4,-1.12,0,37,37,1,9,9,21,0.28883183568677795,0.11553273427471115,2.5417201540436456,0.5776636713735559,0.5198973042362003,1.2130937098844672,0.5198973042362003
Hugo Bueno,es ESP,"MF,DF",Wolves,eng Premier League,23.0,31,24,2221,24.7,1,1,2,1,0,0,3,0,0.08,14,6,42.9,0.57,0.24,0.07,0.17,72,72.6,17,7,23.0,0.55,19,41,-22,-0.89,0.82,0,17,24,2,157,33,35,0.040522287257991896,0.040522287257991896,0.5673120216118865,0.24313372354795137,1.3372354795137325,1.4182800540297165,6.361999099504727
Santiago Bueno,uy URU,DF,Wolves,eng Premier League,27.0,25,24,2193,24.4,2,1,3,2,0,0,4,0,0.12,7,5,71.4,0.29,0.21,0.29,0.4,88,71.7,23,1,35.0,0.64,20,41,-21,-0.86,0.9,0,22,10,1,5,22,30,0.08207934336525308,0.04103967168262654,0.28727770177838574,0.2051983584131327,0.9028727770177838,1.231190150478796,0.2051983584131327
Marius Bülter,de GER,"FW,MF",Köln,de Bundesliga,33.0,29,15,1357,15.1,3,4,7,3,0,0,3,0,0.46,35,13,37.1,2.32,0.86,0.09,0.23,47,48.6,6,14,19.0,0.97,26,22,4,0.27,1.02,0,14,24,6,59,6,3,0.19896831245394253,0.26529108327192336,2.3212969786293294,0.862196020633751,0.39793662490788506,0.19896831245394253,3.9130434782608696
Alessandro Buongiorno,it ITA,DF,Napoli,it Serie A,26.0,30,25,2283,25.4,0,1,1,0,0,0,3,0,0.04,8,3,37.5,0.32,0.12,0.0,0.0,76,74.6,20,5,21.0,2.07,38,26,12,0.47,-0.34,0,46,26,1,6,39,22,0.0,0.03942181340341656,0.31537450722733246,0.11826544021024968,1.5374507227332457,0.8672798948751642,0.23653088042049936
Wouter Burger,nl NED,MF,Hoffenheim,de Bundesliga,25.0,27,27,2161,24.0,4,5,9,4,0,0,7,1,0.37,30,12,40.0,1.25,0.5,0.13,0.33,80,77.5,16,0,0.0,1.96,48,29,19,0.79,1.22,0,52,9,1,74,16,40,0.16658954187875985,0.20823692734844979,1.2494215640906987,0.4997686256362795,0.6663581675150394,1.6658954187875983,3.0819065247570574
Jonathan Burkardt,de GER,FW,Eintracht Frankfurt,de Bundesliga,25.0,19,14,1236,13.7,10,0,10,8,2,2,1,0,0.58,36,18,50.0,2.62,1.31,0.22,0.44,65,44.3,4,5,21.0,1.53,30,14,16,1.17,2.21,0,12,14,1,4,1,2,0.7281553398058251,0.0,2.621359223300971,1.3106796116504855,0.07281553398058253,0.14563106796116507,0.29126213592233013
Oliver Burke,sct SCO,"FW,MF",Union Berlin,de Bundesliga,29.0,26,18,1402,15.6,5,1,6,5,0,0,3,0,0.39,29,13,44.8,1.86,0.83,0.17,0.38,54,50.3,3,8,14.0,0.85,16,29,-13,-0.83,-0.38,0,10,8,7,27,4,4,0.3209700427960057,0.06419400855920114,1.861626248216833,0.834522111269615,0.25677603423680456,0.25677603423680456,1.7332382310984307
Dan Burn,eng ENG,DF,Newcastle United,eng Premier League,33.0,25,22,1920,21.3,0,2,2,0,0,0,10,1,0.09,9,2,22.2,0.42,0.09,0.0,0.0,77,62.7,19,3,12.0,1.12,28,30,-2,-0.09,0.06,1,35,12,3,11,17,22,0.0,0.09375,0.421875,0.09375,0.796875,1.03125,0.515625
Marnon Busch,de GER,"DF,MF",Heidenheim,de Bundesliga,31.0,27,18,1780,19.8,1,3,4,1,0,0,3,0,0.2,11,3,27.3,0.56,0.15,0.09,0.33,66,63.8,12,9,25.0,0.78,23,38,-15,-0.76,0.67,0,17,7,1,56,31,23,0.050561797752808994,0.15168539325842698,0.5561797752808989,0.15168539325842698,1.5674157303370786,1.1629213483146066,2.8314606741573036
Leandro Cabrera,uy URU,DF,Espanyol,es La Liga,34.0,32,32,2880,32.0,3,0,3,3,0,0,3,0,0.09,35,9,25.7,1.09,0.28,0.09,0.33,90,97.0,32,0,0.0,1.19,37,49,-12,-0.37,-0.37,0,32,8,1,18,20,22,0.09375,0.0,1.09375,0.28125,0.625,0.6875,0.5625
Noah Cadiou,gp GLP,MF,Lorient,fr Ligue 1,27.0,25,17,1609,17.9,2,1,3,2,0,0,1,0,0.17,16,8,50.0,0.89,0.45,0.13,0.25,64,57.7,14,8,20.0,1.44,25,29,-4,-0.22,-0.15,0,24,12,0,3,23,16,0.11187072715972653,0.05593536357986326,0.8949658172778122,0.4474829086389061,1.2865133623368552,0.8949658172778122,0.1678060907395898
Moisés Caicedo,ec ECU,MF,Chelsea,eng Premier League,24.0,29,28,2441,27.1,3,1,4,3,0,0,9,1,0.15,26,7,26.9,0.96,0.26,0.12,0.43,84,79.8,23,1,45.0,1.38,46,39,7,0.26,0.11,0,43,45,0,8,53,44,0.1106104055714871,0.0368701351904957,0.9586235149528882,0.2580909463334699,1.9541171650962719,1.6222859483818106,0.2949610815239656
Arturo Calabresi,it ITA,DF,Pisa,it Serie A,30.0,23,15,1315,14.6,0,0,0,0,0,0,6,0,0.0,4,1,25.0,0.27,0.07,0.0,0.0,57,43.0,3,8,25.0,0.7,14,24,-10,-0.68,0.71,0,27,21,1,17,18,10,0.0,0.0,0.2737642585551331,0.06844106463878327,1.231939163498099,0.6844106463878327,1.1634980988593155
Riccardo Calafiori,it ITA,DF,Arsenal,eng Premier League,23.0,22,18,1448,16.1,1,2,3,1,0,0,5,0,0.19,28,6,21.4,1.74,0.37,0.04,0.17,66,47.3,6,4,14.0,2.27,27,8,19,1.18,0.12,0,25,9,2,21,13,18,0.06215469613259668,0.12430939226519336,1.740331491712707,0.3729281767955801,0.8080110497237569,1.1187845303867403,1.3052486187845302
Fernando Calero,es ESP,DF,Espanyol,es La Liga,30.0,24,21,1851,20.6,0,0,0,0,0,0,4,0,0.0,11,1,9.1,0.53,0.05,0.0,0.0,77,62.3,15,3,26.0,1.33,18,28,-10,-0.49,-0.33,0,9,7,0,1,25,16,0.0,0.0,0.5348460291734198,0.04862236628849271,1.2155591572123177,0.7779578606158833,0.04862236628849271
Duje Ćaleta-Car,hr CRO,DF,Real Sociedad,es La Liga,29.0,24,21,1880,20.9,1,0,1,1,0,0,5,1,0.05,12,3,25.0,0.57,0.14,0.08,0.33,78,63.3,18,3,27.0,1.38,32,29,3,0.14,0.39,0,26,7,1,1,27,13,0.047872340425531915,0.0,0.5744680851063829,0.14361702127659573,1.2925531914893618,0.6223404255319148,0.047872340425531915
Hakan Çalhanoğlu,tr TUR,MF,Inter,it Serie A,32.0,22,20,1639,18.2,9,4,13,5,4,5,7,0,0.49,50,17,34.0,2.75,0.93,0.1,0.29,75,53.6,7,2,35.0,2.27,43,16,27,1.48,0.09,0,28,11,0,86,19,17,0.4942037827943868,0.21964612568639413,2.7455765710799267,0.9334960341671752,1.043319097010372,0.9334960341671752,4.722391702257474
Dominic Calvert-Lewin,eng ENG,FW,Leeds United,eng Premier League,29.0,31,26,2384,26.5,11,1,12,8,3,4,1,0,0.34,66,30,45.5,2.49,1.13,0.12,0.27,77,77.9,15,5,25.0,1.16,37,31,6,0.23,1.96,0,42,35,22,7,2,4,0.415268456375839,0.037751677852348994,2.4916107382550337,1.1325503355704698,0.07550335570469799,0.15100671140939598,0.26426174496644295
Dani Calvo,es ESP,DF,Oviedo,es La Liga,32.0,16,13,1251,13.9,0,0,0,0,0,0,3,0,0.0,2,0,0.0,0.14,0.0,0.0,0.0,78,42.1,13,3,27.0,1.12,9,17,-8,-0.58,0.31,0,10,4,0,1,7,11,0.0,0.0,0.14388489208633093,0.0,0.5035971223021583,0.7913669064748201,0.07194244604316546
Adama Camara,fr FRA,"MF,DF",Paris FC,fr Ligue 1,29.0,27,25,2054,22.8,1,0,1,1,0,0,8,0,0.04,16,4,25.0,0.7,0.18,0.06,0.25,76,73.6,8,2,29.0,1.37,25,33,-8,-0.35,-0.47,0,26,17,0,12,34,27,0.043816942551119765,0.0,0.7010710808179162,0.17526777020447906,1.489776046738072,1.1830574488802337,0.5258033106134372
Lamine Camara,sn SEN,MF,Monaco,fr Ligue 1,22.0,21,19,1610,17.9,1,4,5,1,0,0,5,0,0.28,21,2,9.5,1.17,0.11,0.05,0.5,77,57.7,13,2,17.0,2.0,36,20,16,0.89,1.58,0,24,43,0,87,37,30,0.055900621118012424,0.2236024844720497,1.1739130434782608,0.11180124223602485,2.0683229813664594,1.6770186335403727,4.86335403726708
Mahdi Camara,fr FRA,MF,Rennes,fr Ligue 1,27.0,29,28,2387,26.5,3,1,4,3,0,0,4,1,0.15,25,10,40.0,0.94,0.38,0.12,0.3,82,85.6,21,1,27.0,1.79,49,33,16,0.6,1.5,0,34,27,3,27,26,29,0.11311269375785504,0.03770423125261835,0.9426057813154588,0.3770423125261835,0.980310012568077,1.0934227063259323,1.0180142438206956
Ousmane Camara,ml MLI,DF,Angers,fr Ligue 1,23.0,29,28,2448,27.2,1,0,1,1,0,0,3,0,0.04,9,4,44.4,0.33,0.15,0.11,0.25,84,87.7,26,1,18.0,1.17,25,33,-8,-0.29,2.07,0,20,7,1,3,34,29,0.03676470588235294,0.0,0.33088235294117646,0.14705882352941177,1.25,1.0661764705882353,0.11029411764705882
Eduardo Camavinga,fr FRA,MF,Real Madrid,es La Liga,23.0,25,14,1341,14.9,1,0,1,1,0,0,1,0,0.07,12,2,16.7,0.81,0.13,0.08,0.5,54,45.2,6,11,25.0,2.24,32,14,18,1.21,0.16,0,31,29,1,2,15,33,0.06711409395973154,0.0,0.8053691275167785,0.1342281879194631,1.0067114093959733,2.214765100671141,0.1342281879194631
Nicolò Cambiaghi,it ITA,"MF,FW",Bologna,it Serie A,25.0,28,17,1518,16.9,3,4,7,3,0,0,3,1,0.42,24,6,25.0,1.42,0.36,0.13,0.5,54,49.6,5,11,24.0,1.36,20,19,1,0.06,0.06,0,32,71,5,63,9,20,0.17786561264822134,0.23715415019762848,1.4229249011857708,0.3557312252964427,0.533596837944664,1.1857707509881423,3.7351778656126484
Andrea Cambiaso,it ITA,"MF,DF",Juventus,it Serie A,26.0,32,31,2483,27.6,3,3,6,3,0,0,3,1,0.22,22,11,50.0,0.8,0.4,0.14,0.27,78,81.1,8,1,45.0,1.81,41,23,18,0.65,-0.91,0,27,19,2,107,19,35,0.10873942811115586,0.10873942811115586,0.797422472815143,0.3987112364075715,0.6886830447039871,1.2686266612968184,3.878372935964559
Matteo Cancellieri,it ITA,"FW,MF",Lazio,it Serie A,24.0,27,18,1530,17.0,4,2,6,4,0,0,5,0,0.35,37,14,37.8,2.18,0.82,0.11,0.29,57,50.0,7,9,24.0,1.41,22,17,5,0.29,0.35,0,33,61,3,20,23,23,0.23529411764705882,0.11764705882352941,2.1764705882352944,0.823529411764706,1.3529411764705883,1.3529411764705883,1.1764705882352942
Simone Canestrelli,it ITA,DF,Pisa,it Serie A,25.0,33,32,2841,31.6,1,0,1,1,0,0,4,0,0.03,13,2,15.4,0.41,0.06,0.08,0.5,86,92.8,30,1,21.0,0.55,23,55,-32,-1.01,1.04,0,39,20,1,12,27,24,0.03167898627243928,0.0,0.4118268215417107,0.06335797254487856,0.8553326293558606,0.7602956705385427,0.3801478352692714
Jaydee Canvot,fr FRA,DF,Crystal Palace,eng Premier League,19.0,16,10,976,10.8,0,0,0,0,0,0,2,0,0.0,5,0,0.0,0.46,0.0,0.0,0.0,61,32.9,8,6,19.0,1.63,9,13,-4,-0.37,-0.41,0,10,4,0,3,8,19,0.0,0.0,0.4610655737704918,0.0,0.7377049180327869,1.7520491803278688,0.2766393442622951
Nicolás Capaldo,ar ARG,"DF,MF",Hamburger SV,de Bundesliga,27.0,23,21,1731,19.2,1,2,3,1,0,0,7,0,0.16,18,4,22.2,0.94,0.21,0.06,0.25,75,62.0,9,2,14.0,0.87,21,30,-9,-0.47,0.13,0,26,44,2,19,33,39,0.05199306759098787,0.10398613518197573,0.9358752166377817,0.20797227036395147,1.7157712305025996,2.027729636048527,0.9878682842287695
Maxence Caqueret,fr FRA,MF,Como,it Serie A,26.0,27,16,1361,15.1,2,5,7,2,0,0,2,0,0.46,17,4,23.5,1.12,0.26,0.12,0.5,50,44.5,1,11,25.0,1.78,28,10,18,1.19,0.5,0,20,20,1,32,11,22,0.13225569434239529,0.33063923585598826,1.12417340191036,0.26451138868479057,0.7274063188831742,1.4548126377663484,2.1160911094783246
Antonio Caracciolo,it ITA,DF,Pisa,it Serie A,35.0,32,31,2803,31.1,2,0,2,2,0,0,8,0,0.06,24,6,25.0,0.77,0.19,0.08,0.33,88,91.6,28,1,29.0,0.53,20,52,-32,-1.03,0.72,0,36,10,0,3,49,41,0.06421691045308597,0.0,0.7706029254370317,0.19265073135925792,1.5733143061006065,1.3164466642882626,0.09632536567962896
Sergi Cardona,es ESP,DF,Villarreal,es La Liga,26.0,27,18,1748,19.4,1,3,4,1,0,0,4,0,0.21,15,4,26.7,0.77,0.21,0.07,0.25,65,58.9,14,9,21.0,1.96,31,23,8,0.41,-0.55,0,24,20,1,65,33,30,0.05148741418764302,0.15446224256292906,0.7723112128146453,0.20594965675057209,1.6990846681922198,1.5446224256292906,3.346681922196796
Igor Carioca,br BRA,DF,Lorient,fr Ligue 1,29.0,16,13,1212,13.5,1,0,1,1,0,0,1,0,0.07,8,1,12.5,0.59,0.07,0.13,1.0,76,43.4,11,3,20.0,1.44,21,24,-3,-0.22,-0.11,0,9,18,1,21,13,19,0.07425742574257425,0.0,0.594059405940594,0.07425742574257425,0.9653465346534653,1.4108910891089108,1.5594059405940595
Diego Carlos,br BRA,DF,Como,it Serie A,33.0,24,19,1760,19.6,1,0,1,1,0,0,8,0,0.05,7,2,28.6,0.36,0.1,0.14,0.5,73,57.5,14,5,40.0,1.96,32,15,17,0.87,-0.1,0,36,7,1,1,19,17,0.05113636363636363,0.0,0.3579545454545454,0.10227272727272727,0.9715909090909091,0.8693181818181818,0.05113636363636363
David Carmo,ao ANG,DF,Oviedo,es La Liga,26.0,22,20,1786,19.8,1,0,1,1,0,0,8,1,0.05,10,3,30.0,0.5,0.15,0.1,0.33,81,60.1,17,2,25.0,0.59,14,35,-21,-1.06,-0.75,1,20,4,0,2,21,18,0.05039193729003359,0.0,0.503919372900336,0.15117581187010076,1.0582306830907053,0.9070548712206047,0.10078387458006718
Carmona,es ESP,"DF,MF",Sevilla,es La Liga,24.0,30,24,2163,24.0,1,3,4,1,0,0,10,0,0.17,17,3,17.6,0.71,0.12,0.06,0.33,72,72.8,18,6,33.0,1.0,28,42,-14,-0.58,-0.47,0,43,41,1,32,37,35,0.041608876560332866,0.12482662968099861,0.7073509015256588,0.12482662968099861,1.5395284327323162,1.4563106796116503,1.3314840499306517
Sergio Carreira,es ESP,MF,Celta Vigo,es La Liga,25.0,29,25,2311,25.7,2,1,3,2,0,0,2,0,0.12,13,6,46.2,0.51,0.23,0.15,0.33,80,77.8,22,4,23.0,1.38,35,35,0,0.0,-0.27,0,17,32,2,30,26,15,0.07788836001730852,0.03894418000865426,0.5062743401125054,0.23366508005192557,1.0125486802250108,0.584162700129814,1.168325400259628
Álvaro Carreras,es ESP,DF,Real Madrid,es La Liga,23.0,26,24,2152,23.9,2,2,4,2,0,0,5,1,0.17,8,2,25.0,0.33,0.08,0.25,1.0,83,72.5,21,2,3.0,2.19,50,21,29,1.21,0.33,0,17,31,5,29,36,18,0.08364312267657992,0.08364312267657992,0.33457249070631967,0.08364312267657992,1.5055762081784385,0.7527881040892193,1.212825278810409
Cesare Casadei,it ITA,MF,Torino,it Serie A,23.0,30,18,1864,20.7,5,0,5,5,0,0,5,0,0.24,33,15,45.5,1.59,0.72,0.15,0.33,62,60.9,15,12,26.0,1.27,26,33,-7,-0.34,0.41,0,48,14,2,2,9,15,0.24141630901287553,0.0,1.5933476394849786,0.7242489270386265,0.43454935622317603,0.7242489270386265,0.09656652360515021
Marc Casado,es ESP,MF,Barcelona,es La Liga,22.0,21,9,914,10.2,0,1,1,0,0,0,1,0,0.1,10,0,0.0,0.98,0.0,0.0,0.0,44,30.8,5,12,18.0,2.86,25,8,17,1.67,-0.08,0,22,19,0,0,7,8,0.0,0.09846827133479212,0.9846827133479212,0.0,0.6892778993435449,0.787746170678337,0.0
Casemiro,br BRA,MF,Manchester Utd,eng Premier League,34.0,32,31,2401,26.7,9,2,11,9,0,0,10,1,0.41,48,17,35.4,1.8,0.64,0.19,0.53,75,78.5,12,1,11.0,1.91,49,27,22,0.82,1.92,1,44,33,4,19,26,43,0.3373594335693461,0.07496876301541025,1.799250312369846,0.6372344856309871,0.9745939192003331,1.6118284048313203,0.7122032486463973
Matty Cash,pl POL,DF,Aston Villa,eng Premier League,28.0,31,31,2710,30.1,3,2,5,3,0,0,8,0,0.17,29,10,34.5,0.96,0.33,0.1,0.3,87,88.6,24,0,0.0,1.77,42,32,10,0.33,1.62,0,40,27,4,115,23,27,0.0996309963099631,0.06642066420664207,0.96309963099631,0.33210332103321033,0.7638376383763837,0.896678966789668,3.819188191881919
Josué Casimir,ht HAI,"MF,FW",Auxerre,fr Ligue 1,24.0,28,16,1486,16.5,1,0,1,1,0,1,5,1,0.06,21,11,52.4,1.27,0.67,0.05,0.09,53,53.3,4,12,23.0,0.75,12,25,-13,-0.79,-0.65,1,34,32,3,54,10,17,0.06056527590847914,0.0,1.2718707940780618,0.6662180349932705,0.6056527590847914,1.0296096904441452,3.2705248990578735
Cristian Cásseres Jr.,ve VEN,MF,Toulouse,fr Ligue 1,26.0,28,26,2315,25.7,2,1,3,2,0,1,6,0,0.12,25,6,24.0,0.97,0.23,0.08,0.33,83,83.0,20,2,32.0,1.14,31,36,-5,-0.19,-0.95,0,37,40,1,91,35,36,0.07775377969762419,0.038876889848812095,0.9719222462203023,0.23326133909287258,1.3606911447084233,1.3995680345572354,3.537796976241901
Timothy Castagne,be BEL,"DF,MF",Fulham,eng Premier League,30.0,26,16,1493,16.6,0,0,0,0,0,0,4,0,0.0,10,5,50.0,0.6,0.3,0.0,0.0,57,48.8,13,10,12.0,1.23,22,27,-5,-0.3,-0.47,0,17,6,0,40,25,18,0.0,0.0,0.6028131279303416,0.3014065639651708,1.5070328198258542,1.0850636302746148,2.4112525117213663
Valentín Castellanos,ar ARG,FW,West Ham United,eng Premier League,27.0,14,14,1102,12.2,4,0,4,4,0,0,4,0,0.33,31,14,45.2,2.53,1.14,0.13,0.29,79,36.0,3,0,0.0,1.57,18,13,5,0.41,1.37,0,23,11,7,5,3,7,0.32667876588021777,0.0,2.531760435571688,1.1433756805807622,0.24500907441016334,0.5716878402903811,0.40834845735027225
Castrin,es ESP,DF,Sevilla,es La Liga,23.0,15,10,1002,11.1,0,0,0,0,0,0,3,0,0.0,7,1,14.3,0.63,0.09,0.0,0.0,67,33.7,8,5,32.0,0.93,17,14,3,0.27,1.09,0,9,10,1,1,18,12,0.0,0.0,0.6287425149700598,0.08982035928143711,1.6167664670658681,1.0778443113772456,0.08982035928143711
Jonny Castro,es ESP,DF,Alavés,es La Liga,32.0,32,32,2814,31.3,0,0,0,0,0,0,6,0,0.0,9,3,33.3,0.29,0.1,0.0,0.0,88,94.7,28,0,0.0,1.09,36,47,-11,-0.35,-0.35,0,34,29,1,23,37,39,0.0,0.0,0.2878464818763326,0.09594882729211088,1.183368869936034,1.2473347547974414,0.7356076759061835
Santiago Castro,ar ARG,FW,Bologna,it Serie A,21.0,31,23,2083,23.1,7,2,9,7,0,0,2,0,0.39,56,18,32.1,2.42,0.78,0.13,0.39,67,68.1,9,8,32.0,1.35,28,29,-1,-0.04,-0.23,0,33,47,10,4,1,8,0.30244839174267885,0.08641382621219394,2.4195871339414308,0.7777244359097455,0.04320691310609697,0.34565530484877577,0.17282765242438788
Danilo Cataldi,it ITA,MF,Lazio,it Serie A,31.0,27,24,1985,22.1,3,3,6,1,2,2,6,0,0.18,26,7,26.9,1.18,0.32,0.04,0.14,74,64.9,13,3,42.0,1.37,24,26,-2,-0.09,-0.59,0,22,12,0,48,21,22,0.13602015113350124,0.13602015113350124,1.1788413098236776,0.31738035264483627,0.9521410579345089,0.9974811083123425,2.17632241813602
Catena,es ESP,DF,Osasuna,es La Liga,31.0,30,30,2621,29.1,3,2,5,3,0,0,10,1,0.17,16,3,18.8,0.55,0.1,0.19,1.0,87,88.2,27,0,0.0,1.27,32,35,-3,-0.1,-0.62,0,44,12,3,1,30,26,0.10301411674933231,0.06867607783288822,0.5494086226631058,0.10301411674933231,1.0301411674933232,0.8927890118275467,0.03433803891644411
Zeki Çelik,tr TUR,"MF,DF",Roma,it Serie A,29.0,30,28,2379,26.4,1,2,3,1,0,0,2,1,0.11,20,4,20.0,0.76,0.15,0.05,0.25,79,77.7,18,2,11.0,1.63,41,26,15,0.57,0.04,0,34,14,2,73,18,33,0.03783102143757881,0.07566204287515763,0.7566204287515763,0.15132408575031525,0.6809583858764187,1.248423707440101,2.761664564943253
Julian Chabot,de GER,DF,Stuttgart,de Bundesliga,28.0,24,23,2060,22.9,0,0,0,0,0,0,3,0,0.0,17,6,35.3,0.74,0.26,0.0,0.0,86,73.8,21,1,16.0,1.83,49,31,18,0.79,0.54,0,32,36,0,1,38,17,0.0,0.0,0.7427184466019419,0.2621359223300971,1.6601941747572815,0.7427184466019419,0.043689320388349516
Fares Chaïbi,dz ALG,MF,Eintracht Frankfurt,de Bundesliga,23.0,25,20,1661,18.5,2,9,11,2,0,0,1,0,0.6,31,7,22.6,1.68,0.38,0.06,0.29,66,59.5,8,5,21.0,1.48,37,36,1,0.05,0.29,0,12,20,4,87,13,20,0.10836845273931367,0.4876580373269115,1.6797110174593617,0.3792895845875978,0.7043949428055389,1.0836845273931366,4.714027694160145
Ilyas Chaira,ma MAR,MF,Oviedo,es La Liga,25.0,31,26,2106,23.4,6,2,8,6,0,0,2,1,0.34,69,30,43.5,2.95,1.28,0.09,0.2,68,70.9,8,5,31.0,0.9,22,32,-10,-0.43,1.14,0,50,32,17,67,4,31,0.25641025641025644,0.08547008547008547,2.9487179487179485,1.2820512820512822,0.17094017094017094,1.3247863247863247,2.8632478632478633
Trevoh Chalobah,eng ENG,DF,Chelsea,eng Premier League,26.0,31,30,2650,29.4,3,0,3,3,0,0,3,1,0.1,15,5,33.3,0.51,0.17,0.2,0.6,85,86.6,28,1,10.0,1.45,51,34,17,0.58,2.55,0,20,18,2,5,36,22,0.1018867924528302,0.0,0.5094339622641509,0.16981132075471697,1.2226415094339622,0.7471698113207548,0.16981132075471697
Brendan Chardonnet,fr FRA,DF,Brest,fr Ligue 1,31.0,27,27,2366,26.3,1,3,4,1,0,0,4,0,0.15,11,6,54.5,0.42,0.23,0.09,0.17,88,87.6,25,0,0.0,1.41,38,38,0,0.0,1.62,0,26,20,0,7,33,18,0.03803888419273035,0.11411665257819104,0.4184277261200338,0.22823330515638207,1.2552831783601015,0.6846999154691462,0.2662721893491124
Pep Chavarría,es ESP,DF,Rayo Vallecano,es La Liga,28.0,29,26,2399,26.7,1,2,3,1,0,0,6,1,0.11,18,3,16.7,0.68,0.11,0.06,0.33,83,80.8,24,3,23.0,1.14,26,32,-6,-0.23,0.09,1,30,34,2,81,31,29,0.03751563151313047,0.07503126302626094,0.6752813672363485,0.11254689453939141,1.1629845769070446,1.0879533138807838,3.0387661525635683
Chema,es ESP,MF,Stuttgart,de Bundesliga,21.0,23,12,1130,12.6,2,0,2,2,0,0,4,0,0.16,12,4,33.3,0.96,0.32,0.17,0.5,49,40.5,6,11,10.0,1.87,27,21,6,0.48,-0.28,0,15,8,1,0,25,14,0.1592920353982301,0.0,0.9557522123893805,0.3185840707964602,1.991150442477876,1.1150442477876106,0.0
Samir Chergui,dz ALG,DF,Paris FC,fr Ligue 1,27.0,14,12,1064,11.8,1,0,1,1,0,0,1,0,0.08,12,4,33.3,1.02,0.34,0.08,0.25,76,38.1,10,2,12.0,1.21,19,22,-3,-0.25,-0.05,0,13,4,1,6,9,12,0.08458646616541353,0.0,1.0150375939849623,0.3383458646616541,0.7612781954887218,1.0150375939849623,0.5075187969924811
Sidiki Cherif,fr FRA,"FW,MF",Angers,fr Ligue 1,19.0,19,14,1157,12.9,4,0,4,4,0,0,3,0,0.31,28,12,42.9,2.18,0.93,0.14,0.33,61,41.5,2,5,36.0,1.21,13,16,-3,-0.23,0.54,0,15,16,11,6,6,3,0.3111495246326707,0.0,2.178046672428695,0.9334485738980121,0.46672428694900603,0.23336214347450301,0.46672428694900603
Rayan Cherki,fr FRA,MF,Manchester City,eng Premier League,22.0,28,17,1557,17.3,4,10,14,4,0,0,1,0,0.81,46,12,26.1,2.66,0.69,0.09,0.33,56,52.4,4,11,22.0,2.14,34,15,19,1.1,-0.05,0,16,31,1,70,7,15,0.23121387283236994,0.5780346820809248,2.658959537572254,0.6936416184971098,0.40462427745664736,0.8670520231213872,4.0462427745664735
Ben Chilwell,eng ENG,"DF,MF",Strasbourg,fr Ligue 1,29.0,20,19,1598,17.8,0,2,2,0,0,0,4,0,0.11,5,3,60.0,0.28,0.17,0.0,0.0,80,59.2,13,1,29.0,1.45,27,24,3,0.17,-0.4,0,14,22,4,30,22,17,0.0,0.11264080100125157,0.2816020025031289,0.16896120150187735,1.2390488110137672,0.9574468085106382,1.6896120150187737
Joris Chotard,fr FRA,MF,Brest,fr Ligue 1,24.0,29,28,2502,27.8,2,1,3,2,0,0,2,0,0.11,24,7,29.2,0.86,0.25,0.08,0.29,86,92.7,24,1,19.0,1.28,38,41,-3,-0.11,1.26,0,28,12,0,42,42,31,0.07194244604316546,0.03597122302158273,0.8633093525179856,0.2517985611510791,1.5107913669064748,1.1151079136690647,1.5107913669064748
Ryan Christie,sct SCO,MF,Bournemouth,eng Premier League,31.0,24,8,932,10.4,2,0,2,2,0,0,3,0,0.19,25,8,32.0,2.41,0.77,0.08,0.25,39,30.5,0,16,24.0,1.67,15,14,1,0.1,0.14,0,15,20,1,16,11,17,0.19313304721030042,0.0,2.4141630901287554,0.7725321888412017,1.0622317596566524,1.6416309012875536,1.5450643776824033
Samuel Chukwueze,ng NGA,MF,Fulham,eng Premier League,26.0,20,8,943,10.5,3,4,7,3,0,0,0,0,0.67,24,7,29.2,2.29,0.67,0.13,0.43,47,30.8,2,12,27.0,1.3,18,17,1,0.1,0.22,0,5,11,3,35,5,4,0.2863202545068929,0.3817603393425239,2.2905620360551433,0.6680805938494168,0.47720042417815484,0.3817603393425239,3.3404029692470836
Víctor Chust,es ESP,DF,Elche,es La Liga,26.0,26,19,1841,20.5,0,0,0,0,0,0,8,1,0.0,6,2,33.3,0.29,0.1,0.0,0.0,71,62.0,15,7,24.0,1.19,26,31,-5,-0.24,-0.16,1,33,9,1,17,20,30,0.0,0.0,0.2933188484519283,0.0977729494839761,0.9777294948397609,1.4665942422596414,0.8310700706137969
Alessandro Circati,au AUS,DF,Parma,it Serie A,22.0,27,27,2304,25.6,1,0,1,1,0,0,6,0,0.04,8,1,12.5,0.31,0.04,0.13,1.0,85,75.3,24,0,0.0,1.15,18,28,-10,-0.39,0.2,0,28,16,0,2,23,19,0.0390625,0.0,0.3125,0.0390625,0.8984374999999999,0.7421875,0.078125
Pathé Ciss,sn SEN,"MF,DF",Rayo Vallecano,es La Liga,32.0,24,17,1668,18.5,2,0,2,2,0,0,7,2,0.11,18,7,38.9,0.97,0.38,0.11,0.29,70,56.2,14,7,25.0,1.13,18,23,-5,-0.27,-0.06,0,25,11,2,1,25,26,0.1079136690647482,0.0,0.9712230215827339,0.3776978417266187,1.3489208633093526,1.4028776978417266,0.0539568345323741
Djaoui Cissé,fr FRA,MF,Rennes,fr Ligue 1,22.0,22,12,973,10.8,0,0,0,0,0,0,3,0,0.0,24,6,25.0,2.22,0.55,0.0,0.0,44,34.9,0,10,25.0,1.77,18,14,4,0.37,-0.03,0,18,10,0,27,5,21,0.0,0.0,2.2199383350462485,0.5549845837615621,0.4624871531346351,1.9424460431654678,2.49743062692703
Alexis Claude-Maurice,fr FRA,"MF,FW",Augsburg,de Bundesliga,27.0,27,24,1995,22.2,5,4,9,4,1,2,3,0,0.36,69,25,36.2,3.11,1.13,0.06,0.16,74,71.5,10,3,25.0,1.15,26,41,-15,-0.68,-0.56,0,23,41,1,63,5,25,0.22556390977443608,0.18045112781954886,3.112781954887218,1.1278195488721803,0.22556390977443608,1.1278195488721803,2.8421052631578947
Jonathan Clauss,fr FRA,"MF,DF",Nice,fr Ligue 1,33.0,28,26,2363,26.3,1,6,7,1,0,0,0,0,0.27,23,6,26.1,0.88,0.23,0.04,0.17,84,84.7,24,2,38.0,0.86,27,52,-25,-0.95,-1.58,0,21,17,1,208,46,35,0.03808717731696996,0.22852306390181973,0.8760050782903089,0.22852306390181973,1.7520101565806179,1.3330512060939483,7.92213288192975
Saúl Coco,gq EQG,DF,Torino,it Serie A,27.0,31,31,2728,30.3,1,1,2,1,0,0,3,0,0.07,15,4,26.7,0.49,0.13,0.07,0.25,88,89.2,29,0,0.0,1.23,34,48,-14,-0.46,0.35,0,39,33,0,5,40,30,0.032991202346041054,0.032991202346041054,0.49486803519061584,0.13196480938416422,1.3196480938416424,0.9897360703812317,0.1649560117302053
Maxime Colin,fr FRA,DF,Metz,fr Ligue 1,34.0,21,17,1602,17.8,0,0,0,0,0,0,1,0,0.0,7,2,28.6,0.39,0.11,0.0,0.0,76,57.4,13,4,34.0,0.57,22,39,-17,-0.96,0.71,0,10,7,0,11,22,29,0.0,0.0,0.39325842696629215,0.11235955056179775,1.2359550561797754,1.6292134831460674,0.6179775280898877
Nathan Collins,ie IRL,DF,Brentford,eng Premier League,24.0,31,28,2615,29.1,1,2,3,1,0,0,6,0,0.1,19,6,31.6,0.65,0.21,0.05,0.17,84,85.5,28,3,32.0,1.32,40,38,2,0.07,-0.13,0,19,16,2,1,33,9,0.03441682600382409,0.06883365200764818,0.6539196940726577,0.20650095602294455,1.135755258126195,0.30975143403441685,0.03441682600382409
Nnamdi Collins,de GER,DF,Eintracht Frankfurt,de Bundesliga,22.0,23,16,1500,16.7,1,2,3,1,0,0,4,0,0.18,4,1,25.0,0.24,0.06,0.25,1.0,65,53.8,12,7,20.0,1.57,38,32,6,0.36,0.92,0,22,19,0,4,24,38,0.06,0.12,0.24,0.06,1.44,2.28,0.24
Santiago Colombatto,ar ARG,MF,Oviedo,es La Liga,29.0,28,19,1784,19.8,0,1,1,0,0,0,6,0,0.05,13,2,15.4,0.66,0.1,0.0,0.0,64,60.1,7,9,22.0,0.86,12,27,-15,-0.76,0.0,0,39,37,1,62,14,20,0.0,0.05044843049327354,0.6558295964125561,0.10089686098654709,0.7062780269058296,1.0089686098654709,3.12780269058296
Lorenzo Colombo,it ITA,FW,Genoa,it Serie A,24.0,34,26,2040,22.7,7,1,8,6,1,2,2,0,0.31,61,26,42.6,2.69,1.15,0.1,0.23,60,66.7,1,8,22.0,1.15,27,29,-2,-0.09,0.44,0,37,48,1,13,1,10,0.3088235294117647,0.044117647058823525,2.6911764705882355,1.1470588235294117,0.044117647058823525,0.4411764705882353,0.5735294117647058
Eray Cömert,ch SUI,DF,Valencia,es La Liga,28.0,14,12,1088,12.1,2,0,2,2,0,0,2,0,0.17,9,3,33.3,0.74,0.25,0.22,0.67,78,36.6,9,2,24.0,1.14,16,17,-1,-0.08,0.4,0,6,10,1,1,19,13,0.16544117647058823,0.0,0.7444852941176471,0.24816176470588236,1.5716911764705883,1.0753676470588234,0.08272058823529412
Santi Comesaña,es ESP,MF,Villarreal,es La Liga,29.0,30,25,2159,24.0,3,5,8,3,0,0,5,1,0.33,23,7,30.4,0.96,0.29,0.13,0.43,72,72.7,13,5,26.0,2.03,49,24,25,1.04,1.49,0,38,23,1,11,27,23,0.12505789717461788,0.20842982862436313,0.9587772116720704,0.2918017600741084,1.125521074571561,0.9587772116720704,0.4585456229735989
Pietro Comuzzo,it ITA,DF,Fiorentina,it Serie A,21.0,24,17,1534,17.0,1,0,1,1,0,0,2,0,0.06,10,2,20.0,0.59,0.12,0.1,0.5,64,50.1,10,7,16.0,0.96,19,26,-7,-0.41,-0.41,0,21,3,0,1,20,14,0.05867014341590612,0.0,0.5867014341590613,0.11734028683181225,1.1734028683181226,0.8213820078226858,0.05867014341590612
Francisco Conceição,pt POR,"MF,FW",Juventus,it Serie A,23.0,27,23,1780,19.8,3,4,7,3,0,0,2,0,0.35,62,19,30.6,3.13,0.96,0.05,0.16,66,58.2,2,4,25.0,1.74,26,15,11,0.56,-0.64,0,27,30,3,71,7,21,0.15168539325842698,0.20224719101123598,3.134831460674157,0.9606741573033708,0.35393258426966295,1.0617977528089888,3.5898876404494384
Copete,es ESP,DF,Valencia,es La Liga,26.0,21,19,1759,19.5,0,0,0,0,0,0,5,0,0.0,13,0,0.0,0.67,0.0,0.0,0.0,84,59.2,15,2,47.0,0.9,17,32,-15,-0.77,-1.06,0,20,11,2,4,25,15,0.0,0.0,0.6651506537805572,0.0,1.2791358726549176,0.7674815235929505,0.2046617396247868
Diego Coppola,it ITA,DF,Paris FC,fr Ligue 1,22.0,10,10,900,10.0,0,2,2,0,0,0,1,0,0.2,3,1,33.3,0.3,0.1,0.0,0.0,90,32.3,10,0,0.0,1.6,14,13,1,0.1,0.48,0,6,3,0,0,5,9,0.0,0.2,0.30000000000000004,0.1,0.5,0.9,0.0
Félix Correia,pt POR,MF,Lille,fr Ligue 1,25.0,31,23,1849,20.5,4,5,9,4,0,0,2,0,0.44,29,7,24.1,1.41,0.34,0.14,0.57,60,66.3,2,8,18.0,1.84,35,20,15,0.73,0.63,0,12,26,3,75,20,11,0.19469983775013522,0.24337479718766902,1.41157382368848,0.34072471606273663,0.9734991887506761,0.5354245538128718,3.650621957815035
Thierry Correia,pt POR,"DF,MF",Valencia,es La Liga,27.0,22,17,1363,15.1,0,1,1,0,0,0,5,0,0.07,5,1,20.0,0.33,0.07,0.0,0.0,62,45.9,8,5,23.0,0.77,10,24,-14,-0.92,-1.09,0,28,24,3,41,17,20,0.0,0.06603081438004402,0.3301540719002201,0.06603081438004402,1.1225238444607484,1.3206162876008805,2.707263389581805
Danny da Costa,de GER,"DF,MF",Mainz 05,de Bundesliga,32.0,31,28,2545,28.3,2,3,5,2,0,0,3,0,0.18,13,5,38.5,0.46,0.18,0.15,0.4,82,91.2,24,3,23.0,1.1,32,48,-16,-0.57,-2.77,0,21,21,1,47,27,24,0.07072691552062868,0.10609037328094302,0.45972495088408644,0.1768172888015717,0.9548133595284871,0.8487229862475442,1.662082514734774
Samu Costa,pt POR,MF,Mallorca,es La Liga,25.0,30,27,2366,26.3,6,2,8,6,0,0,9,0,0.3,31,12,38.7,1.18,0.46,0.19,0.5,79,79.7,15,3,31.0,1.03,29,39,-10,-0.38,-0.38,0,57,62,5,27,22,29,0.22823330515638207,0.0760777683854607,1.1792054099746407,0.45646661031276414,0.8368554522400676,1.10312764158918,1.0270498732037194
David Costas,es ESP,DF,Oviedo,es La Liga,31.0,21,19,1717,19.1,1,0,1,1,0,0,2,0,0.05,2,1,50.0,0.1,0.05,0.5,1.0,82,57.8,18,2,10.0,1.05,13,29,-16,-0.84,-0.19,0,13,9,2,1,24,21,0.052417006406523005,0.0,0.10483401281304601,0.052417006406523005,1.2580081537565522,1.100757134536983,0.052417006406523005
Vladimír Coufal,cz CZE,"DF,MF",Hoffenheim,de Bundesliga,33.0,31,31,2742,30.5,1,8,9,1,0,0,4,0,0.3,24,5,20.8,0.79,0.16,0.04,0.2,88,98.3,25,0,0.0,1.84,60,43,17,0.56,2.43,0,31,37,0,187,36,31,0.03282275711159737,0.26258205689277897,0.787746170678337,0.1641137855579869,1.1816192560175054,1.0175054704595186,6.1378555798687096
Abdoul Coulibaly,de GER,DF,Werder Bremen,de Bundesliga,18.0,25,22,1985,22.1,1,0,1,1,0,0,5,1,0.05,6,1,16.7,0.27,0.05,0.17,1.0,79,71.1,18,3,29.0,1.0,24,39,-15,-0.68,-0.34,1,18,9,1,11,22,14,0.04534005037783375,0.0,0.2720403022670025,0.04534005037783375,0.9974811083123425,0.6347607052896725,0.49874055415617125
Lassana Coulibaly,ml MLI,MF,Lecce,it Serie A,30.0,29,27,2329,25.9,3,1,4,3,0,0,4,0,0.15,24,7,29.2,0.93,0.27,0.13,0.43,80,76.1,17,2,18.0,0.97,17,30,-13,-0.5,0.85,0,28,43,1,16,7,27,0.11592958351223702,0.038643194504079006,0.9274366680978962,0.270502361528553,0.270502361528553,1.0433662516101332,0.6182911120652641
Mamadou Coulibaly,fr FRA,MF,Monaco,fr Ligue 1,22.0,22,15,1291,14.3,3,3,6,3,0,0,5,1,0.42,10,4,40.0,0.7,0.28,0.3,0.75,59,46.3,5,7,23.0,1.68,25,27,-2,-0.14,-0.68,0,29,14,3,12,19,20,0.209140201394268,0.209140201394268,0.69713400464756,0.278853601859024,1.3245546088303641,1.39426800929512,0.836560805577072
Soumaïla Coulibaly,fr FRA,DF,Brest,fr Ligue 1,22.0,16,15,1338,14.9,0,0,0,0,0,0,3,0,0.0,6,2,33.3,0.4,0.13,0.0,0.0,84,49.6,13,1,15.0,0.88,17,28,-11,-0.74,-1.07,0,26,20,1,1,13,12,0.0,0.0,0.40358744394618834,0.13452914798206278,0.874439461883408,0.8071748878923767,0.06726457399103139
Yan Couto,br BRA,MF,Dortmund,de Bundesliga,23.0,17,11,987,11.0,1,2,3,1,0,0,4,0,0.27,8,3,37.5,0.73,0.27,0.13,0.33,58,35.4,5,6,17.0,2.35,24,13,11,1.0,-0.15,0,14,13,2,54,9,15,0.09118541033434652,0.18237082066869303,0.7294832826747721,0.2735562310030395,0.8206686930091185,1.3677811550151977,4.924012158054711
Nicolas Cozza,fr FRA,DF,Nantes,fr Ligue 1,27.0,27,23,2121,23.6,0,1,1,0,0,0,2,0,0.04,9,3,33.3,0.38,0.13,0.0,0.0,79,76.0,18,4,23.0,0.67,16,35,-19,-0.81,0.0,0,17,29,0,22,19,25,0.0,0.042432814710042434,0.38189533239038187,0.1272984441301273,0.8062234794908062,1.0608203677510608,0.9335219236209334
Charlie Cresswell,eng ENG,DF,Toulouse,fr Ligue 1,23.0,27,26,2353,26.1,3,2,5,3,0,0,7,0,0.19,35,11,31.4,1.34,0.42,0.09,0.27,87,84.3,25,1,32.0,1.19,37,33,4,0.15,1.18,0,29,14,4,1,27,12,0.11474713132171696,0.0764980875478113,1.3387165320866978,0.4207394815129622,1.0327241818954527,0.45898852528686784,0.03824904377390565
Bryan Cristante,it ITA,MF,Roma,it Serie A,31.0,33,32,2766,30.7,2,1,3,2,0,0,6,0,0.1,41,8,19.5,1.33,0.26,0.05,0.25,84,90.4,24,1,45.0,1.76,46,25,21,0.68,1.3,0,58,8,0,15,28,38,0.0650759219088937,0.03253796095444685,1.3340563991323209,0.2603036876355748,0.911062906724512,1.2364425162689805,0.4880694143167028
Pau Cubarsí,es ESP,DF,Barcelona,es La Liga,19.0,28,28,2462,27.4,1,0,1,1,0,0,3,0,0.04,10,2,20.0,0.37,0.07,0.1,0.5,88,82.9,23,0,0.0,2.57,72,27,45,1.65,-0.48,0,24,8,0,0,26,25,0.036555645816409424,0.0,0.3655564581640942,0.07311129163281885,0.950446791226645,0.9138911454102355,0.0
Cucho,co COL,FW,Real Betis,es La Liga,27.0,28,26,2243,24.9,8,3,11,7,1,1,4,0,0.4,74,19,25.7,2.97,0.76,0.09,0.37,80,75.5,12,2,45.0,1.36,36,33,3,0.12,-0.5,0,22,34,14,23,10,14,0.3209986625055729,0.12037449843958983,2.9692376281765496,0.7623718234507356,0.40124832813196615,0.5617476593847526,0.922871154703522
Marc Cucurella,es ESP,DF,Chelsea,eng Premier League,27.0,30,27,2347,26.1,1,3,4,1,0,0,6,1,0.15,18,5,27.8,0.69,0.19,0.06,0.2,78,76.7,22,3,34.0,1.5,41,30,11,0.42,0.8,0,38,25,2,30,26,35,0.03834682573498083,0.11504047720494248,0.6902428632296549,0.1917341286749041,0.9970174691095015,1.342138900724329,1.1504047720494248
Jorge Cuenca,es ESP,DF,Fulham,eng Premier League,26.0,14,11,933,10.4,0,0,0,0,0,0,5,0,0.0,1,0,0.0,0.1,0.0,0.0,0.0,67,30.5,7,3,3.0,1.71,9,11,-2,-0.19,-0.19,0,9,1,1,2,15,10,0.0,0.0,0.09646302250803858,0.0,1.4469453376205788,0.9646302250803859,0.19292604501607716
Josh Cullen,ie IRL,MF,Burnley,eng Premier League,30.0,18,18,1514,16.8,2,2,4,2,0,0,2,0,0.24,11,6,54.5,0.65,0.36,0.18,0.33,84,49.5,12,0,0.0,0.67,18,29,-11,-0.65,0.69,0,16,18,0,12,24,19,0.11889035667107001,0.11889035667107001,0.6538969616908851,0.35667107001321,1.42668428005284,1.1294583883751652,0.71334214002642
Matheus Cunha,br BRA,"MF,FW",Manchester Utd,eng Premier League,26.0,30,26,2239,24.9,8,2,10,8,0,0,3,0,0.4,78,32,41.0,3.14,1.29,0.1,0.25,75,73.2,15,4,24.0,1.83,42,31,11,0.44,0.11,0,22,50,2,45,18,19,0.321572130415364,0.080393032603841,3.135328271549799,1.286288521661456,0.7235372934345691,0.7637338097364895,1.8088432335864224
Lucas Da Cunha,fr FRA,MF,Como,it Serie A,24.0,32,27,2384,26.5,4,4,8,1,3,3,4,0,0.19,33,12,36.4,1.25,0.45,0.03,0.08,75,77.9,15,5,36.0,1.78,46,23,23,0.87,-0.2,0,30,17,0,79,16,28,0.15100671140939598,0.15100671140939598,1.2458053691275168,0.4530201342281879,0.6040268456375839,1.0570469798657718,2.9823825503355703
Adam Daghim,dk DEN,MF,Wolfsburg,de Bundesliga,20.0,24,9,1118,12.4,2,3,5,2,0,0,2,0,0.4,19,5,26.3,1.53,0.4,0.11,0.4,47,40.1,5,15,24.0,0.58,14,30,-16,-1.29,-0.8,0,14,21,3,17,10,19,0.16100178890876565,0.24150268336314845,1.5295169946332736,0.4025044722719141,0.8050089445438282,1.5295169946332736,1.368515205724508
Diogo Dalot,pt POR,"DF,MF",Manchester Utd,eng Premier League,27.0,32,27,2434,27.0,1,3,4,1,0,0,5,0,0.15,22,6,27.3,0.81,0.22,0.05,0.17,76,79.5,20,5,27.0,1.81,52,36,16,0.59,0.88,0,24,14,4,54,24,28,0.03697617091207888,0.11092851273623665,0.8134757600657354,0.2218570254724733,0.8874281018898932,1.0353327855382088,1.9967132292522596
Mikkel Damsgaard,dk DEN,MF,Brentford,eng Premier League,25.0,29,21,1800,20.0,3,4,7,3,0,0,0,0,0.35,26,10,38.5,1.3,0.5,0.12,0.3,62,58.8,8,8,22.0,1.45,32,29,3,0.15,0.15,0,17,21,3,87,20,29,0.15000000000000002,0.2,1.3,0.5,1.0,1.45,4.35
Arnaut Danjuma,nl NED,"MF,FW",Valencia,es La Liga,29.0,29,18,1610,17.9,3,2,5,3,0,1,0,0,0.28,36,14,38.9,2.01,0.78,0.08,0.21,56,54.2,7,11,23.0,1.03,19,26,-7,-0.39,-0.13,0,21,22,5,45,2,10,0.16770186335403725,0.11180124223602485,2.0124223602484475,0.782608695652174,0.11180124223602485,0.5590062111801242,2.515527950310559
Kévin Danois,fr FRA,MF,Auxerre,fr Ligue 1,21.0,30,29,2564,28.5,3,1,4,3,0,0,3,0,0.14,23,7,30.4,0.81,0.25,0.13,0.43,85,91.9,20,1,22.0,0.83,26,37,-11,-0.39,1.21,0,29,25,3,116,37,41,0.10530421216848675,0.035101404056162244,0.8073322932917317,0.24570982839313574,1.2987519500780031,1.439157566302652,4.071762870514821
Kevin Danso,at AUT,DF,Tottenham Hotspur,eng Premier League,27.0,20,13,1134,12.6,0,0,0,0,0,0,6,0,0.0,4,1,25.0,0.32,0.08,0.0,0.0,57,37.1,10,7,8.0,1.3,15,22,-7,-0.56,-0.42,0,15,9,0,7,16,10,0.0,0.0,0.31746031746031744,0.07936507936507936,1.2698412698412698,0.7936507936507936,0.5555555555555556
Sergi Darder,es ESP,MF,Mallorca,es La Liga,32.0,33,25,2267,25.2,1,5,6,1,0,0,3,0,0.24,33,12,36.4,1.31,0.48,0.03,0.08,69,76.3,10,8,27.0,1.06,31,37,-6,-0.24,0.27,0,19,27,2,152,20,11,0.03970004411116012,0.19850022055580063,1.3101014556682842,0.4764005293339215,0.7940008822232025,0.43670048522276134,6.034406704896338
Jonathan David,ca CAN,FW,Juventus,it Serie A,26.0,32,19,1676,18.6,6,4,10,6,0,1,0,0,0.54,39,16,41.0,2.09,0.86,0.15,0.38,52,54.8,4,13,21.0,1.94,31,12,19,1.02,0.44,0,24,24,11,8,6,9,0.32219570405727926,0.21479713603818618,2.0942720763723153,0.8591885441527447,0.32219570405727926,0.48329355608591884,0.42959427207637235
Keinan Davis,eng ENG,FW,Udinese,it Serie A,28.0,27,25,1890,21.0,10,3,13,6,4,4,5,0,0.43,45,22,48.9,2.14,1.05,0.13,0.27,70,61.8,9,2,18.0,1.44,30,26,4,0.19,0.88,0,38,47,10,3,1,5,0.47619047619047616,0.14285714285714285,2.142857142857143,1.0476190476190477,0.04761904761904762,0.23809523809523808,0.14285714285714285
Kevin De Bruyne,be BEL,MF,Napoli,it Serie A,34.0,15,12,993,11.0,5,1,6,2,3,3,1,0,0.27,26,11,42.3,2.36,1.0,0.08,0.18,66,32.5,4,3,33.0,2.27,20,8,12,1.09,0.78,0,8,6,4,54,5,6,0.45317220543806647,0.09063444108761329,2.356495468277946,0.9969788519637462,0.45317220543806647,0.5438066465256798,4.8942598187311175
Maxim De Cuyper,be BEL,"DF,MF",Brighton,eng Premier League,25.0,26,14,1182,13.1,2,1,3,2,0,0,2,0,0.23,11,6,54.5,0.84,0.46,0.18,0.33,45,38.6,4,12,18.0,1.5,18,19,-1,-0.08,-0.56,0,16,18,1,58,9,10,0.15228426395939085,0.07614213197969542,0.8375634517766497,0.45685279187817257,0.6852791878172589,0.7614213197969543,4.416243654822335
Charles De Ketelaere,be BEL,"MF,FW",Atalanta,it Serie A,25.0,27,23,1930,21.4,3,5,8,3,0,0,4,0,0.37,42,15,35.7,1.96,0.7,0.07,0.2,71,63.1,10,4,26.0,1.48,29,19,10,0.47,0.07,0,20,34,3,39,4,11,0.13989637305699482,0.23316062176165803,1.9585492227979275,0.6994818652849741,0.18652849740932642,0.5129533678756477,1.8186528497409327
Thibault De Smet,be BEL,DF,Paris FC,fr Ligue 1,27.0,17,13,1144,12.7,0,1,1,0,0,0,6,2,0.08,4,0,0.0,0.31,0.0,0.0,0.0,67,41.0,5,4,20.0,1.18,20,22,-2,-0.16,0.12,2,11,13,1,26,10,11,0.0,0.07867132867132867,0.3146853146853147,0.0,0.7867132867132868,0.8653846153846154,2.0454545454545454
Koni De Winter,be BEL,DF,Milan,it Serie A,23.0,24,18,1728,19.2,1,1,2,1,0,0,1,0,0.1,7,1,14.3,0.36,0.05,0.14,1.0,72,56.5,17,6,19.0,2.0,26,17,9,0.47,-0.34,0,25,8,1,4,13,18,0.05208333333333333,0.05208333333333333,0.3645833333333333,0.05208333333333333,0.6770833333333333,0.9375,0.20833333333333331
Alessandro Deiola,it ITA,"MF,DF",Cagliari,it Serie A,30.0,17,14,1245,13.8,0,2,2,0,0,0,3,0,0.14,17,6,35.3,1.23,0.43,0.0,0.0,73,40.7,9,3,30.0,1.29,19,19,0,0.0,0.64,0,20,11,4,1,12,20,0.0,0.14457831325301204,1.2289156626506024,0.4337349397590362,0.8674698795180724,1.4457831325301203,0.07228915662650602
Romain Del Castillo,fr FRA,"MF,FW",Brest,fr Ligue 1,30.0,28,28,2329,25.9,8,3,11,2,6,8,2,1,0.19,29,12,41.4,1.12,0.46,0.07,0.17,83,86.3,11,0,0.0,1.32,39,37,2,0.08,2.02,0,26,33,4,180,23,34,0.30914555603263205,0.11592958351223702,1.120652640618291,0.4637183340489481,0.888793473593817,1.313868613138686,6.9557750107342216
Enrico Del Prato,it ITA,"DF,MF",Parma,it Serie A,26.0,32,31,2698,30.0,2,0,2,2,0,0,5,0,0.07,17,8,47.1,0.57,0.27,0.12,0.25,84,88.2,27,1,21.0,1.22,22,36,-14,-0.47,-0.22,0,16,10,4,15,23,18,0.06671608598962193,0.0,0.5670867309117865,0.26686434395848774,0.7672349888806522,0.6004447739065975,0.5003706449221645
Liam Delap,eng ENG,FW,Chelsea,eng Premier League,23.0,25,11,967,10.7,1,0,1,1,0,0,2,0,0.09,33,11,33.3,3.07,1.02,0.03,0.09,39,31.6,3,14,18.0,1.36,16,16,0,0.0,-0.34,0,22,18,4,6,1,3,0.09307135470527406,0.0,3.071354705274043,1.0237849017580145,0.09307135470527406,0.2792140641158221,0.5584281282316442
Fisayo Dele-Bashiru,ng NGA,MF,Lazio,it Serie A,25.0,20,9,967,10.7,0,0,0,0,0,0,0,0,0.0,8,1,12.5,0.74,0.09,0.0,0.0,48,31.6,5,11,28.0,1.3,15,11,4,0.37,0.37,0,6,2,2,8,3,13,0.0,0.0,0.7445708376421925,0.09307135470527406,0.2792140641158221,1.2099276111685626,0.7445708376421925
Olivier Deman,be BEL,"DF,MF",Werder Bremen,de Bundesliga,26.0,13,11,984,10.9,1,1,2,1,0,0,3,0,0.18,7,2,28.6,0.64,0.18,0.14,0.5,76,35.3,9,2,28.0,1.08,14,15,-1,-0.09,0.76,0,17,11,1,50,7,18,0.09146341463414635,0.09146341463414635,0.6402439024390244,0.1829268292682927,0.6402439024390244,1.646341463414634,4.573170731707317
Pape Demba Diop,sn SEN,MF,Toulouse,fr Ligue 1,22.0,14,13,1151,12.8,1,2,3,1,0,0,2,0,0.23,28,11,39.3,2.19,0.86,0.04,0.09,82,41.3,6,1,45.0,1.07,16,20,-4,-0.31,-0.48,0,15,17,0,14,29,20,0.07819287576020852,0.15638575152041703,2.1894005212858385,0.8601216333622937,2.267593397046047,1.5638575152041705,1.0947002606429193
Ousmane Dembélé,fr FRA,FW,Paris Saint-Germain,fr Ligue 1,28.0,19,9,932,10.4,10,6,16,8,2,3,0,0,1.35,43,17,39.5,4.15,1.64,0.19,0.47,49,34.5,1,10,28.0,2.26,35,8,27,2.61,1.79,0,3,3,7,46,0,2,0.9656652360515021,0.5793991416309013,4.152360515021459,1.6416309012875536,0.0,0.19313304721030042,4.44206008583691
Jessy Deminguet,fr FRA,MF,Metz,fr Ligue 1,28.0,29,23,1825,20.3,1,0,1,1,0,0,4,0,0.05,15,6,40.0,0.74,0.3,0.07,0.17,63,65.4,0,6,22.0,0.55,17,42,-25,-1.23,0.07,0,24,29,0,18,18,20,0.049315068493150684,0.0,0.7397260273972602,0.2958904109589041,0.8876712328767123,0.9863013698630138,0.8876712328767123
Ermedin Demirović,ba BIH,FW,Stuttgart,de Bundesliga,28.0,22,15,1286,14.3,10,3,13,9,1,1,4,0,0.84,33,17,51.5,2.31,1.19,0.27,0.53,58,46.1,7,7,14.0,1.95,30,15,15,1.05,0.75,0,33,22,8,1,2,9,0.6998444790046656,0.2099533437013997,2.309486780715397,1.1897356143079316,0.13996889580093314,0.6298600311041991,0.06998444790046657
Rav van den Berg,nl NED,DF,Köln,de Bundesliga,21.0,14,12,1131,12.6,0,1,1,0,0,0,0,1,0.08,1,0,0.0,0.08,0.0,0.0,0.0,81,40.5,9,2,42.0,0.93,17,21,-4,-0.32,-0.1,0,10,3,1,1,14,8,0.0,0.07957559681697612,0.07957559681697612,0.0,1.1140583554376657,0.636604774535809,0.07957559681697612
Sepp van den Berg,nl NED,DF,Brentford,eng Premier League,24.0,29,28,2574,28.6,0,1,1,0,0,0,2,0,0.03,20,6,30.0,0.7,0.21,0.0,0.0,89,84.1,28,1,54.0,1.31,38,40,-2,-0.07,-1.0,0,14,11,0,0,25,6,0.0,0.03496503496503497,0.6993006993006993,0.2097902097902098,0.8741258741258741,0.2097902097902098,0.0
Branco van den Boomen,nl NED,MF,Angers,fr Ligue 1,30.0,12,11,973,10.8,0,1,1,0,0,0,3,0,0.09,11,4,36.4,1.02,0.37,0.0,0.0,81,34.9,7,1,30.0,1.0,6,16,-10,-0.92,-0.58,0,15,6,0,55,6,12,0.0,0.09249743062692703,1.0174717368961972,0.3699897225077081,0.5549845837615621,1.1099691675231242,5.087358684480987
Leander Dendoncker,be BEL,MF,Oviedo,es La Liga,31.0,19,15,1330,14.8,1,0,1,1,0,0,2,0,0.07,9,4,44.4,0.61,0.27,0.11,0.25,70,44.8,8,4,11.0,0.79,7,25,-18,-1.22,-0.83,0,12,3,1,5,11,25,0.06766917293233084,0.0,0.6090225563909775,0.27067669172932335,0.744360902255639,1.6917293233082706,0.3383458646616541
Kiernan Dewsbury-Hall,eng ENG,MF,Everton,eng Premier League,27.0,27,26,2275,25.3,8,4,12,8,0,0,6,0,0.47,33,14,42.4,1.31,0.55,0.24,0.57,84,74.3,17,1,45.0,1.33,32,31,1,0.04,0.15,0,27,41,1,100,13,23,0.31648351648351647,0.15824175824175823,1.3054945054945055,0.5538461538461539,0.5142857142857142,0.90989010989011,3.956043956043956
Giovanni Di Lorenzo,it ITA,"DF,MF",Napoli,it Serie A,32.0,23,23,2009,22.3,1,1,2,1,0,0,1,0,0.09,23,8,34.8,1.03,0.36,0.04,0.13,87,65.7,22,0,0.0,2.0,32,20,12,0.54,-0.06,0,31,21,1,34,9,26,0.04479840716774514,0.04479840716774514,1.0303633648581385,0.35838725734196114,0.4031856645097063,1.1647585863613739,1.523145843703335
Boulaye Dia,sn SEN,"FW,MF",Lazio,it Serie A,29.0,23,13,1123,12.5,1,1,2,1,0,0,1,0,0.16,11,6,54.5,0.88,0.48,0.09,0.17,49,36.7,2,10,21.0,1.43,13,9,4,0.32,0.32,0,18,12,3,0,3,7,0.08014247551202137,0.08014247551202137,0.8815672306322351,0.4808548530721282,0.2404274265360641,0.5609973285841496,0.0
Bafodé Diakité,fr FRA,DF,Bournemouth,eng Premier League,25.0,18,15,1277,14.2,0,0,0,0,0,0,1,0,0.0,1,0,0.0,0.07,0.0,0.0,0.0,71,41.7,13,3,6.0,1.28,21,27,-6,-0.42,-0.73,0,8,4,2,1,10,15,0.0,0.0,0.07047768206734534,0.0,0.7047768206734535,1.0571652310101802,0.07047768206734534
Amad Diallo,ci CIV,MF,Manchester Utd,eng Premier League,23.0,28,24,2042,22.7,2,2,4,2,0,0,2,0,0.18,48,20,41.7,2.12,0.88,0.04,0.1,73,66.7,15,4,20.0,1.96,45,29,16,0.71,0.88,0,19,34,12,42,13,21,0.0881488736532811,0.0881488736532811,2.1155729676787463,0.881488736532811,0.5729676787463271,0.9255631733594515,1.851126346718903
Habib Diallo,sn SEN,FW,Metz,fr Ligue 1,30.0,23,21,1872,20.8,4,1,5,4,0,1,0,0,0.24,37,12,32.4,1.78,0.58,0.11,0.33,81,67.1,16,2,33.0,0.61,17,45,-28,-1.35,-0.27,0,27,29,11,4,2,5,0.19230769230769232,0.04807692307692308,1.7788461538461537,0.5769230769230769,0.09615384615384616,0.2403846153846154,0.19230769230769232
Habib Diarra,sn SEN,MF,Sunderland,eng Premier League,22.0,17,15,1342,14.9,2,1,3,1,1,1,5,0,0.13,21,8,38.1,1.41,0.54,0.05,0.13,79,43.9,8,2,36.0,1.24,15,19,-4,-0.27,-0.01,0,18,26,1,26,4,7,0.13412816691505217,0.06706408345752608,1.4083457526080478,0.5365126676602087,0.26825633383010433,0.4694485842026826,1.743666169895678
Rúben Dias,pt POR,DF,Manchester City,eng Premier League,28.0,25,23,2051,22.8,2,0,2,2,0,0,3,0,0.09,10,4,40.0,0.44,0.18,0.2,0.5,82,69.1,21,2,18.0,2.2,53,20,33,1.45,1.06,0,14,9,0,9,22,6,0.08776206728425158,0.0,0.43881033642125794,0.17552413456850316,0.9653827401267674,0.26328620185275475,0.39492930277913213
Krépin Diatta,sn SEN,"MF,DF",Monaco,fr Ligue 1,27.0,18,10,1013,11.3,0,1,1,0,0,0,2,0,0.09,7,1,14.3,0.62,0.09,0.0,0.0,56,36.3,6,8,29.0,1.72,21,17,4,0.36,0.2,0,8,10,4,39,15,16,0.0,0.08884501480750247,0.6219151036525173,0.08884501480750247,1.332675222112537,1.4215202369200395,3.464955577492596
Brahim Díaz,ma MAR,"FW,MF",Real Madrid,es La Liga,26.0,25,9,958,10.6,0,5,5,0,0,0,1,0,0.47,10,4,40.0,0.94,0.38,0.0,0.0,38,32.3,0,16,20.0,2.32,19,8,11,1.03,-0.13,0,17,28,3,17,1,10,0.0,0.4697286012526096,0.9394572025052192,0.3757828810020876,0.0939457202505219,0.9394572025052192,1.5970772442588728
Junior Diaz,ci CIV,DF,Brest,fr Ligue 1,22.0,18,15,1382,15.4,0,0,0,0,0,0,4,0,0.0,5,0,0.0,0.33,0.0,0.0,0.0,77,51.2,14,3,16.0,1.39,21,21,0,0.0,0.41,0,7,9,0,0,22,15,0.0,0.0,0.3256150506512301,0.0,1.4327062228654124,0.9768451519536903,0.0
Luis Díaz,co COL,MF,Bayern Munich,de Bundesliga,29.0,29,26,2281,25.3,15,13,28,15,0,0,7,1,1.1,82,34,41.5,3.24,1.34,0.18,0.44,79,81.8,18,3,36.0,2.69,91,27,64,2.53,-0.48,1,35,35,20,41,17,13,0.5918456817185445,0.512932924156072,3.2354230600613767,1.3415168785620342,0.6707584392810171,0.512932924156072,1.6177115300306883
Pedro Díaz,es ESP,"MF,FW",Rayo Vallecano,es La Liga,27.0,30,18,1608,17.9,0,1,1,0,0,0,1,0,0.06,39,5,12.8,2.18,0.28,0.0,0.0,54,54.1,7,12,21.0,1.23,21,29,-8,-0.45,-0.45,0,15,10,0,36,5,22,0.0,0.055970149253731345,2.1828358208955225,0.27985074626865675,0.27985074626865675,1.2313432835820897,2.014925373134328
Bamba Dieng,sn SEN,FW,Lorient,fr Ligue 1,26.0,19,13,1044,11.6,9,1,10,8,1,1,2,0,0.78,40,21,52.5,3.45,1.81,0.2,0.38,55,37.4,0,6,20.0,1.58,18,11,7,0.6,1.22,0,15,10,7,2,2,2,0.7758620689655172,0.08620689655172413,3.4482758620689653,1.8103448275862069,0.17241379310344826,0.17241379310344826,0.17241379310344826
Lucas Digne,fr FRA,DF,Aston Villa,eng Premier League,32.0,29,20,1745,19.4,0,5,5,0,0,0,3,0,0.26,13,5,38.5,0.67,0.26,0.0,0.0,60,57.0,9,9,16.0,1.76,25,21,4,0.21,0.14,0,12,12,3,103,12,24,0.0,0.25787965616045844,0.670487106017192,0.25787965616045844,0.6189111747851003,1.2378223495702005,5.312320916905445
Kevin Diks,id IDN,DF,Gladbach,de Bundesliga,29.0,27,26,2263,25.1,4,0,4,0,4,4,6,0,0.0,21,12,57.1,0.84,0.48,0.0,0.0,84,81.1,21,1,14.0,1.11,34,40,-6,-0.24,1.13,0,14,19,1,5,21,29,0.1590808661069377,0.0,0.8351745470614229,0.4772425983208131,0.8351745470614229,1.1533362792752984,0.19885108263367213
Federico Dimarco,it ITA,MF,Inter,it Serie A,28.0,32,28,2528,28.1,6,16,22,6,0,0,3,0,0.78,63,20,31.7,2.24,0.71,0.1,0.3,79,82.6,19,4,39.0,2.28,70,23,47,1.67,1.33,0,40,22,5,274,29,31,0.21360759493670886,0.569620253164557,2.242879746835443,0.7120253164556962,1.0324367088607596,1.1036392405063291,9.754746835443038
Junior Dina Ebimbe,cm CMR,MF,Brest,fr Ligue 1,25.0,24,13,981,10.9,5,0,5,5,0,0,3,0,0.46,23,8,34.8,2.11,0.73,0.22,0.63,41,36.3,0,11,13.0,1.17,14,16,-2,-0.18,0.03,0,20,15,2,2,4,10,0.45871559633027525,0.0,2.110091743119266,0.7339449541284404,0.3669724770642202,0.9174311926605505,0.1834862385321101
Sinaly Diomande,ci CIV,DF,Auxerre,fr Ligue 1,25.0,21,21,1861,20.7,2,2,4,2,0,0,4,1,0.19,8,3,37.5,0.39,0.15,0.25,0.67,89,66.7,18,0,0.0,0.86,20,27,-7,-0.34,0.44,1,27,25,1,0,31,15,0.09672219236969372,0.09672219236969372,0.3868887694787749,0.14508328855454056,1.4991939817302524,0.7254164427727029,0.0
Yan Diomandé,ci CIV,"FW,MF",RB Leipzig,de Bundesliga,19.0,30,25,2213,24.6,12,7,19,12,0,0,2,0,0.77,49,24,49.0,1.99,0.98,0.24,0.5,74,79.3,9,5,27.0,2.07,51,26,25,1.02,1.17,0,17,30,7,37,15,18,0.48802530501581565,0.28468142792589246,1.992769995481247,0.9760506100316313,0.6100316312697696,0.7320379575237235,1.5047446904654316
Sofiane Diop,ma MAR,"MF,FW",Nice,fr Ligue 1,25.0,30,23,1890,21.0,7,2,9,5,2,2,5,0,0.33,46,15,32.6,2.19,0.71,0.11,0.33,63,67.7,5,7,27.0,1.0,27,40,-13,-0.62,0.28,0,21,41,6,29,15,8,0.33333333333333337,0.09523809523809525,2.1904761904761907,0.7142857142857142,0.7142857142857142,0.380952380952381,1.380952380952381
El Hadji Malick Diouf,sn SEN,"DF,MF",West Ham United,eng Premier League,21.0,28,26,2364,26.3,0,5,5,0,0,0,5,0,0.19,16,2,12.5,0.61,0.08,0.0,0.0,84,77.3,21,2,33.0,1.14,34,41,-7,-0.27,0.9,0,25,22,2,87,28,17,0.0,0.19035532994923857,0.6091370558375634,0.07614213197969542,1.0659898477157361,0.6472081218274112,3.312182741116751
Axel Disasi,fr FRA,DF,West Ham United,eng Premier League,28.0,10,10,900,10.0,0,0,0,0,0,0,1,0,0.0,5,3,60.0,0.5,0.3,0.0,0.0,90,29.4,10,0,0.0,1.6,13,10,3,0.3,1.09,0,5,3,1,0,7,7,0.0,0.0,0.5,0.30000000000000004,0.7,0.7,0.0
Djené,tg TOG,"DF,MF",Getafe,es La Liga,34.0,31,29,2380,26.4,0,0,0,0,0,0,10,1,0.0,4,0,0.0,0.15,0.0,0.0,0.0,77,80.1,20,2,30.0,1.32,21,27,-6,-0.23,-0.23,0,32,25,0,9,34,22,0.0,0.0,0.1512605042016807,0.0,1.2857142857142856,0.8319327731092437,0.3403361344537815
Berat Djimsiti,al ALB,DF,Atalanta,it Serie A,33.0,31,27,2355,26.2,0,0,0,0,0,0,4,0,0.0,15,2,13.3,0.57,0.08,0.0,0.0,76,77.0,22,4,23.0,1.52,31,24,7,0.27,-0.75,0,16,7,0,2,35,29,0.0,0.0,0.5732484076433121,0.07643312101910828,1.3375796178343948,1.10828025477707,0.07643312101910828
Ritsu Doan,jp JPN,MF,Eintracht Frankfurt,de Bundesliga,27.0,29,26,2193,24.4,5,5,10,5,0,0,5,0,0.41,37,14,37.8,1.52,0.57,0.14,0.36,76,78.6,10,3,33.0,1.38,47,39,8,0.33,1.84,0,22,32,1,104,15,21,0.2051983584131327,0.2051983584131327,1.518467852257182,0.5745554035567715,0.615595075239398,0.8618331053351573,4.26812585499316
Dodô,br BRA,"DF,MF",Fiorentina,it Serie A,27.0,32,32,2774,30.8,1,2,3,1,0,0,7,0,0.1,24,4,16.7,0.78,0.13,0.04,0.25,87,90.7,26,0,0.0,1.06,36,41,-5,-0.16,0.47,0,18,48,2,132,27,16,0.032444124008651765,0.06488824801730353,0.7786589762076424,0.12977649603460706,0.8759913482335977,0.5191059841384282,4.282624369142033
Danilho Doekhi,nl NED,DF,Union Berlin,de Bundesliga,27.0,31,31,2790,31.0,5,0,5,5,0,0,4,0,0.16,41,10,24.4,1.32,0.32,0.12,0.5,90,100.0,31,0,0.0,1.03,35,55,-20,-0.65,0.0,0,27,13,1,6,41,30,0.16129032258064516,0.0,1.3225806451612903,0.3225806451612903,1.3225806451612903,0.967741935483871,0.1935483870967742
Josh Doig,sct SCO,DF,Sassuolo,it Serie A,23.0,29,21,1843,20.5,0,0,0,0,0,0,5,0,0.0,11,4,36.4,0.54,0.2,0.0,0.0,64,60.2,11,8,17.0,1.14,19,29,-10,-0.49,-1.01,0,16,17,0,36,22,20,0.0,0.0,0.5371676614215952,0.19533369506239825,1.0743353228431904,0.9766684753119913,1.7580032555615843
Jeremy Doku,be BEL,"MF,FW",Manchester City,eng Premier League,23.0,25,16,1483,16.5,2,5,7,2,0,0,0,0,0.42,28,10,35.7,1.7,0.61,0.07,0.2,59,49.9,4,9,25.0,1.92,37,14,23,1.4,0.55,0,22,49,3,51,10,13,0.12137559002022927,0.30343897505057316,1.6992582602832098,0.6068779501011463,0.6068779501011463,0.7889413351314901,3.0950775455158466
Tyrhys Dolan,eng ENG,MF,Espanyol,es La Liga,24.0,32,25,2133,23.7,1,4,5,1,0,0,6,1,0.21,29,9,31.0,1.22,0.38,0.03,0.11,67,71.8,2,7,34.0,1.13,28,34,-6,-0.25,0.39,1,32,41,5,97,14,31,0.042194092827004225,0.1687763713080169,1.2236286919831223,0.37974683544303794,0.5907172995780591,1.3080168776371308,4.0928270042194095
Nicolás Domínguez,ar ARG,MF,Nottingham Forest,eng Premier League,27.0,23,14,990,11.0,1,1,2,1,0,0,3,0,0.18,16,5,31.3,1.45,0.45,0.06,0.2,43,32.4,1,9,14.0,1.26,12,17,-5,-0.45,-0.5,0,15,9,0,13,4,24,0.09090909090909091,0.09090909090909091,1.4545454545454546,0.4545454545454546,0.36363636363636365,2.1818181818181817,1.1818181818181819
Jean-Luc Dompé,fr FRA,"FW,MF",Hamburger SV,de Bundesliga,30.0,20,12,1138,12.6,3,0,3,2,1,1,0,0,0.16,25,12,48.0,1.98,0.95,0.08,0.17,57,40.8,5,8,21.0,1.05,16,14,2,0.16,1.14,0,2,9,4,82,0,5,0.23725834797891038,0.0,1.9771528998242531,0.9490333919156415,0.0,0.39543057996485065,6.48506151142355
Patrick Dorgu,dk DEN,MF,Manchester Utd,eng Premier League,21.0,22,14,1335,14.8,3,3,6,3,0,0,5,0,0.4,20,7,35.0,1.35,0.47,0.15,0.43,61,43.6,10,8,17.0,1.59,18,20,-2,-0.13,-0.97,0,19,42,7,54,14,30,0.20224719101123598,0.20224719101123598,1.348314606741573,0.4719101123595506,0.9438202247191012,2.0224719101123596,3.6404494382022468
Niklas Dorsch,de GER,MF,Heidenheim,de Bundesliga,28.0,29,24,2008,22.3,0,1,1,0,0,0,2,0,0.04,14,3,21.4,0.63,0.13,0.0,0.0,69,72.0,9,5,24.0,0.76,22,46,-24,-1.08,-0.27,0,28,22,1,26,14,27,0.0,0.044820717131474105,0.6274900398406374,0.1344621513944223,0.6274900398406374,1.2101593625498008,1.1653386454183268
Fodé Doucouré,ml MLI,"MF,FW",Le Havre,fr Ligue 1,25.0,23,12,1033,11.5,3,1,4,3,0,0,2,0,0.35,19,8,42.1,1.66,0.7,0.16,0.38,45,37.0,0,11,23.0,0.91,16,17,-1,-0.09,0.53,0,13,4,2,69,8,20,0.2613746369796709,0.08712487899322362,1.6553727008712489,0.6969990319457889,0.6969990319457889,1.7424975798644724,6.01161665053243
Désiré Doué,fr FRA,"FW,MF",Paris Saint-Germain,fr Ligue 1,20.0,20,14,1146,12.7,6,2,8,6,0,1,0,0,0.63,45,17,37.8,3.53,1.34,0.13,0.35,57,42.4,1,6,34.0,2.35,29,13,16,1.26,-0.31,0,22,27,0,51,8,17,0.47120418848167545,0.15706806282722513,3.5340314136125652,1.3350785340314137,0.6282722513089005,1.3350785340314137,4.005235602094241
Guela Doué,ci CIV,"DF,MF",Strasbourg,fr Ligue 1,23.0,21,20,1791,19.9,2,6,8,2,0,0,3,0,0.4,12,5,41.7,0.6,0.25,0.17,0.4,85,66.3,16,1,30.0,1.52,38,26,12,0.6,0.8,0,40,20,0,45,25,35,0.10050251256281408,0.30150753768844224,0.6030150753768845,0.25125628140703515,1.2562814070351758,1.758793969849246,2.261306532663317
Ismaël Doukouré,fr FRA,"DF,MF",Strasbourg,fr Ligue 1,22.0,22,22,1822,20.2,0,1,1,0,0,0,3,2,0.05,7,3,42.9,0.35,0.15,0.0,0.0,83,67.5,17,0,0.0,1.59,35,25,10,0.49,0.49,0,17,15,0,3,22,10,0.0,0.04939626783754116,0.34577387486278816,0.14818880351262348,1.0867178924259056,0.4939626783754117,0.14818880351262348
Kamory Doumbia,ml MLI,MF,Brest,fr Ligue 1,23.0,20,19,1515,16.8,5,3,8,5,0,0,6,0,0.48,38,12,31.6,2.26,0.71,0.13,0.42,76,56.1,4,1,22.0,1.55,28,21,7,0.42,1.4,0,26,18,2,19,18,28,0.297029702970297,0.1782178217821782,2.2574257425742577,0.7128712871287128,1.0693069306930694,1.6633663366336633,1.1287128712871288
Anastasios Douvikas,gr GRE,FW,Como,it Serie A,26.0,34,21,1941,21.6,12,1,13,11,1,1,0,0,0.56,54,25,46.3,2.5,1.16,0.2,0.44,57,63.4,7,13,30.0,1.79,42,19,23,1.07,0.42,0,31,37,6,4,4,10,0.5564142194744977,0.04636785162287481,2.5038639876352398,1.15919629057187,0.18547140649149924,0.46367851622874806,0.18547140649149924
Domingos Duarte,pt POR,DF,Getafe,es La Liga,31.0,29,29,2492,27.7,1,1,2,1,0,0,9,0,0.07,12,4,33.3,0.43,0.14,0.08,0.25,86,83.9,23,0,0.0,1.28,22,31,-9,-0.33,-0.89,0,29,21,3,0,27,11,0.036115569823434994,0.036115569823434994,0.4333868378812199,0.14446227929373998,0.9751203852327447,0.3972712680577849,0.0
Denzel Dumfries,nl NED,MF,Inter,it Serie A,30.0,18,14,1207,13.4,3,1,4,3,0,0,2,0,0.3,19,5,26.3,1.42,0.37,0.16,0.6,67,39.4,7,4,25.0,2.0,33,14,19,1.42,-0.04,0,20,11,2,29,7,8,0.22369511184755594,0.07456503728251863,1.4167357083678542,0.3728251864125932,0.5219552609776306,0.5965202982601491,2.1623860811930404
Lewis Dunk,eng ENG,DF,Brighton,eng Premier League,34.0,29,28,2565,28.5,0,0,0,0,0,0,10,0,0.0,19,2,10.5,0.67,0.07,0.0,0.0,88,83.8,28,1,45.0,1.45,41,35,6,0.21,-0.33,0,13,8,1,5,29,21,0.0,0.0,0.6666666666666667,0.07017543859649122,1.0175438596491229,0.736842105263158,0.17543859649122806
Pablo Durán,es ESP,"FW,MF",Celta Vigo,es La Liga,24.0,26,16,1284,14.3,2,2,4,2,0,0,1,0,0.28,33,14,42.4,2.31,0.98,0.06,0.14,49,43.2,2,10,23.0,1.31,15,23,-8,-0.56,-1.09,0,14,11,15,13,4,9,0.14018691588785046,0.14018691588785046,2.3130841121495327,0.9813084112149533,0.2803738317757009,0.6308411214953271,0.911214953271028
Hugo Duro,es ESP,FW,Valencia,es La Liga,26.0,31,18,1667,18.5,9,0,9,8,1,1,4,0,0.43,32,12,37.5,1.73,0.65,0.25,0.67,54,56.1,7,13,24.0,1.19,24,27,-3,-0.16,0.39,0,16,32,5,0,3,8,0.4859028194361128,0.0,1.7276544691061786,0.647870425914817,0.16196760647870426,0.43191361727654465,0.0
Paulo Dybala,ar ARG,"FW,MF",Roma,it Serie A,32.0,18,12,1068,11.9,2,2,4,2,0,1,0,0,0.34,36,14,38.9,3.03,1.18,0.06,0.14,59,34.9,4,6,28.0,1.72,13,8,5,0.42,-0.21,0,11,26,2,73,3,5,0.16853932584269662,0.16853932584269662,3.033707865168539,1.1797752808988764,0.25280898876404495,0.4213483146067416,6.151685393258427
Adam Dźwigała,pl POL,DF,St Pauli,de Bundesliga,30.0,17,13,1167,13.0,1,1,2,1,0,0,5,0,0.15,4,2,50.0,0.31,0.15,0.25,0.5,69,41.8,5,4,35.0,1.06,11,22,-11,-0.85,0.04,0,19,6,0,1,21,26,0.07712082262210797,0.07712082262210797,0.30848329048843187,0.15424164524421594,1.6195372750642674,2.005141388174807,0.07712082262210797
Aron Dønnum,no NOR,MF,Toulouse,fr Ligue 1,28.0,26,26,2251,25.0,4,4,8,1,3,3,7,0,0.2,38,13,34.2,1.52,0.52,0.03,0.08,87,80.7,22,0,0.0,1.15,37,35,2,0.08,0.58,0,35,38,0,133,28,27,0.15992892047978674,0.15992892047978674,1.519324744557974,0.519768991559307,1.1195024433585072,1.0795202132385606,5.317636605952909
Simon Ebonog,cm CMR,MF,Le Havre,fr Ligue 1,21.0,27,20,1632,18.1,1,0,1,1,0,0,7,0,0.06,21,4,19.0,1.16,0.22,0.05,0.25,60,58.5,6,7,16.0,1.04,16,30,-14,-0.77,-0.85,0,27,31,0,13,21,20,0.05514705882352941,0.0,1.1580882352941175,0.22058823529411764,1.1580882352941175,1.1029411764705883,0.7169117647058822
Éderson,br BRA,MF,Atalanta,it Serie A,26.0,27,23,1960,21.8,1,0,1,0,1,1,2,0,0.0,32,9,28.1,1.47,0.41,0.0,0.0,73,64.1,13,4,28.0,1.56,27,15,12,0.55,0.31,0,31,34,2,11,23,30,0.04591836734693878,0.0,1.469387755102041,0.413265306122449,1.056122448979592,1.3775510204081631,0.5051020408163265
Andrias Edmundsson,fo FRO,DF,Hellas Verona,it Serie A,25.0,11,11,959,10.7,0,0,0,0,0,0,3,0,0.0,4,1,25.0,0.38,0.09,0.0,0.0,87,31.3,10,0,0.0,0.45,5,15,-10,-0.94,0.05,0,12,7,0,4,20,13,0.0,0.0,0.3753910323253389,0.09384775808133472,1.8769551616266944,1.2200208550573515,0.3753910323253389
Odsonne Édouard,fr FRA,FW,Lens,fr Ligue 1,28.0,26,23,1602,17.8,12,3,15,11,1,1,2,0,0.79,54,28,51.9,3.03,1.57,0.2,0.39,62,59.3,0,3,28.0,2.08,35,18,17,0.96,0.05,0,19,17,10,1,2,4,0.6741573033707865,0.16853932584269662,3.033707865168539,1.5730337078651686,0.11235955056179775,0.2247191011235955,0.056179775280898875
Marcus Edwards,eng ENG,"MF,FW",Burnley,eng Premier League,27.0,22,11,1051,11.7,1,3,4,1,0,0,0,0,0.34,22,6,27.3,1.88,0.51,0.05,0.17,48,34.3,2,11,16.0,0.45,14,18,-4,-0.34,1.0,0,7,18,1,18,3,6,0.0856327307326356,0.25689819219790677,1.8839200761179828,0.5137963843958135,0.25689819219790677,0.5137963843958135,1.5413891531874404
Maximilian Eggestein,de GER,MF,Freiburg,de Bundesliga,29.0,31,31,2790,31.0,3,1,4,3,0,0,4,0,0.13,42,13,31.0,1.35,0.42,0.07,0.23,90,100.0,31,0,0.0,1.39,44,52,-8,-0.26,0.0,0,17,20,1,14,29,33,0.0967741935483871,0.03225806451612903,1.3548387096774195,0.41935483870967744,0.9354838709677419,1.064516129032258,0.45161290322580644
Kingsley Ehizibue,nl NED,"MF,DF",Udinese,it Serie A,30.0,29,17,1576,17.5,1,0,1,1,0,0,4,0,0.06,6,1,16.7,0.34,0.06,0.17,1.0,54,51.5,9,12,14.0,1.45,22,22,0,0.0,0.3,0,32,21,2,30,13,28,0.05710659898477157,0.0,0.34263959390862947,0.05710659898477157,0.7423857868020305,1.598984771573604,1.7131979695431474
Hjalmar Ekdal,se SWE,DF,Burnley,eng Premier League,27.0,18,16,1449,16.1,0,0,0,0,0,0,0,0,0.0,6,1,16.7,0.37,0.06,0.0,0.0,81,47.4,14,2,9.0,0.56,12,31,-19,-1.18,-0.34,0,5,6,2,1,11,14,0.0,0.0,0.3726708074534162,0.062111801242236024,0.6832298136645963,0.8695652173913043,0.062111801242236024
Hugo Ekitike,fr FRA,FW,Liverpool,eng Premier League,23.0,28,21,1803,20.0,11,4,15,11,0,0,0,0,0.75,65,19,29.2,3.24,0.95,0.17,0.58,64,58.9,6,7,26.0,1.68,35,25,10,0.5,0.28,0,35,12,10,7,4,7,0.5490848585690515,0.19966722129783696,3.2445923460898505,0.9484193011647254,0.19966722129783696,0.34941763727121466,0.34941763727121466
Jurgen Ekkelenkamp,nl NED,MF,Udinese,it Serie A,26.0,30,26,2096,23.3,5,3,8,5,0,0,1,0,0.34,30,14,46.7,1.29,0.6,0.17,0.36,70,68.5,4,4,22.0,1.3,27,30,-3,-0.13,0.06,0,21,16,3,32,17,26,0.21469465648854963,0.12881679389312978,1.2881679389312977,0.601145038167939,0.7299618320610687,1.116412213740458,1.3740458015267174
Jacques Ekomie,ga GAB,DF,Angers,fr Ligue 1,22.0,29,23,2033,22.6,0,0,0,0,0,0,3,0,0.0,9,3,33.3,0.4,0.13,0.0,0.0,70,72.9,15,6,19.0,1.17,19,31,-12,-0.53,0.06,0,27,29,6,56,28,29,0.0,0.0,0.3984259714707329,0.13280865715691095,1.2395474667978357,1.2838170191834726,2.4790949335956713
Caleb Ekuban,gh GHA,"FW,MF",Genoa,it Serie A,32.0,28,6,920,10.2,4,1,5,4,0,0,0,0,0.49,26,10,38.5,2.54,0.98,0.15,0.4,33,30.1,0,22,24.0,1.14,12,15,-3,-0.29,-0.08,0,15,27,6,5,5,1,0.391304347826087,0.09782608695652174,2.5434782608695654,0.9782608695652174,0.4891304347826087,0.09782608695652174,0.4891304347826087
Anthony Elanga,se SWE,"FW,MF",Newcastle United,eng Premier League,24.0,30,14,1288,14.3,0,1,1,0,0,0,0,0,0.07,16,4,25.0,1.12,0.28,0.0,0.0,43,42.1,2,16,19.0,1.1,20,27,-7,-0.49,-0.64,0,8,23,2,80,3,11,0.0,0.06987577639751552,1.1180124223602483,0.2795031055900621,0.2096273291925466,0.7686335403726708,5.590062111801243
Daniel Elfadli,ly LBY,DF,Hamburger SV,de Bundesliga,29.0,20,15,1241,13.8,0,0,0,0,0,0,6,1,0.0,4,1,25.0,0.29,0.07,0.0,0.0,62,44.5,8,5,18.0,1.05,15,21,-6,-0.44,0.15,1,20,15,0,0,20,14,0.0,0.0,0.290088638195004,0.072522159548751,1.45044319097502,1.0153102336825142,0.0
Unai Elgezabal,es ESP,"DF,MF",Levante,es La Liga,33.0,12,11,958,10.6,1,0,1,1,0,0,2,0,0.09,3,1,33.3,0.28,0.09,0.33,1.0,80,32.3,8,1,26.0,0.42,15,24,-9,-0.85,-0.67,0,11,6,0,0,4,4,0.0939457202505219,0.0,0.2818371607515658,0.0939457202505219,0.3757828810020876,0.3757828810020876,0.0
Mikael Ellertsson,is ISL,MF,Genoa,it Serie A,24.0,32,27,2407,26.7,1,1,2,1,0,0,1,1,0.07,26,6,23.1,0.97,0.22,0.04,0.17,75,78.7,20,5,17.0,1.03,27,40,-13,-0.49,-1.18,0,25,36,1,30,14,25,0.03739094308267553,0.03739094308267553,0.9721645201495638,0.22434565849605317,0.5234732031574574,0.9347735770668882,1.1217282924802658
Elif Elmas,mk MKD,MF,Napoli,it Serie A,26.0,30,18,1620,18.0,1,2,3,1,0,0,2,0,0.17,23,8,34.8,1.28,0.44,0.04,0.13,54,52.9,7,12,22.0,1.9,24,21,3,0.17,-0.83,0,17,13,1,36,6,13,0.05555555555555555,0.1111111111111111,1.277777777777778,0.4444444444444444,0.33333333333333337,0.7222222222222223,2.0
Nico Elvedi,ch SUI,DF,Gladbach,de Bundesliga,29.0,31,31,2786,31.0,0,0,0,0,0,0,4,0,0.0,8,0,0.0,0.26,0.0,0.0,0.0,90,99.9,30,0,0.0,1.03,36,50,-14,-0.45,-0.45,0,16,14,0,1,35,30,0.0,0.0,0.25843503230437903,0.0,1.1306532663316584,0.9691313711414214,0.03230437903804738
Breel Embolo,ch SUI,FW,Rennes,fr Ligue 1,29.0,28,19,1713,19.0,8,3,11,8,0,0,3,0,0.58,34,15,44.1,1.79,0.79,0.24,0.53,61,61.4,8,9,20.0,1.86,32,29,3,0.16,-0.59,0,46,52,14,7,4,13,0.4203152364273205,0.1576182136602452,1.7863397548161122,0.7880910683012259,0.21015761821366025,0.6830122591943958,0.36777583187390545
Emersonn,br BRA,FW,Toulouse,fr Ligue 1,21.0,25,18,1441,16.0,5,2,7,5,0,0,5,1,0.44,48,18,37.5,3.0,1.12,0.1,0.28,58,51.6,3,7,29.0,1.04,18,17,1,0.06,0.2,0,38,8,4,8,7,8,0.31228313671061764,0.12491325468424705,2.997918112421929,1.1242192921582235,0.43719639139486466,0.4996530187369882,0.4996530187369882
Julio Enciso,py PAR,"MF,FW",Strasbourg,fr Ligue 1,22.0,23,19,1594,17.7,2,2,4,2,0,0,2,0,0.23,47,18,38.3,2.65,1.02,0.04,0.11,69,59.0,4,4,25.0,1.35,27,23,4,0.23,-0.26,0,17,26,1,52,6,9,0.11292346298619824,0.11292346298619824,2.653701380175659,1.0163111668757843,0.33877038895859474,0.5081555834378921,2.936010037641154
Endrick,br BRA,"FW,MF",Lyon,fr Ligue 1,19.0,13,11,972,10.8,4,6,10,3,1,1,3,1,0.83,37,22,59.5,3.43,2.04,0.08,0.14,75,34.8,3,2,36.0,1.85,21,12,9,0.83,0.49,0,16,18,3,31,2,7,0.3703703703703704,0.5555555555555556,3.425925925925926,2.037037037037037,0.1851851851851852,0.6481481481481481,2.8703703703703702
Yannik Engelhardt,de GER,MF,Gladbach,de Bundesliga,25.0,28,26,2217,24.6,2,2,4,2,0,0,7,0,0.16,17,5,29.4,0.69,0.2,0.12,0.4,79,79.5,19,2,18.0,1.11,32,36,-4,-0.16,1.41,0,37,30,0,5,32,21,0.08119079837618404,0.08119079837618404,0.6901217861975643,0.20297699594046006,1.2990527740189446,0.8525033829499323,0.20297699594046006
Christian Eriksen,dk DEN,MF,Wolfsburg,de Bundesliga,34.0,28,24,2166,24.1,3,7,10,0,3,3,4,0,0.29,32,11,34.4,1.33,0.46,0.0,0.0,77,77.6,10,4,32.0,0.71,32,50,-18,-0.75,0.26,0,11,4,3,107,16,18,0.12465373961218837,0.29085872576177285,1.3296398891966759,0.45706371191135736,0.6648199445983379,0.7479224376731303,4.445983379501385
Alfonso Espino,uy URU,"DF,MF",Rayo Vallecano,es La Liga,34.0,25,12,1206,13.4,2,0,2,2,0,0,2,0,0.15,18,8,44.4,1.34,0.6,0.11,0.25,48,40.6,6,13,20.0,1.36,10,20,-10,-0.75,-0.85,0,18,24,8,42,13,24,0.1492537313432836,0.0,1.3432835820895521,0.5970149253731344,0.9701492537313432,1.791044776119403,3.1343283582089554
Francesco Esposito,it ITA,FW,Inter,it Serie A,20.0,32,13,1409,15.7,6,3,9,6,0,0,1,0,0.57,55,22,40.0,3.51,1.41,0.11,0.27,44,46.0,4,19,23.0,2.38,33,14,19,1.21,-0.42,0,27,43,2,3,5,4,0.38325053229240597,0.19162526614620298,3.5131298793470545,1.4052519517388218,0.3193754435770049,0.255500354861604,0.19162526614620298
Sebastiano Esposito,it ITA,"FW,MF",Cagliari,it Serie A,23.0,32,30,2343,26.0,6,5,11,5,1,1,6,0,0.38,47,13,27.7,1.81,0.5,0.11,0.38,73,76.6,6,2,34.0,1.09,26,33,-7,-0.27,0.48,0,41,47,4,116,15,29,0.23047375160051214,0.19206145966709348,1.8053777208706787,0.49935979513444306,0.5761843790012804,1.1139564660691421,4.4558258642765685
Maxime Estève,fr FRA,DF,Burnley,eng Premier League,23.0,31,31,2671,29.7,0,0,0,0,0,0,1,0,0.0,10,1,10.0,0.34,0.03,0.0,0.0,86,87.3,26,0,0.0,0.58,31,64,-33,-1.11,-0.88,0,11,12,0,6,33,23,0.0,0.0,0.33695245226506926,0.03369524522650693,1.1119430924747284,0.7749906402096592,0.20217147135904154
Nahuel Estévez,ar ARG,MF,Parma,it Serie A,30.0,30,9,1017,11.3,0,0,0,0,0,0,2,0,0.0,9,1,11.1,0.8,0.09,0.0,0.0,34,33.2,5,21,16.0,1.13,6,9,-3,-0.27,0.26,0,10,12,0,42,5,9,0.0,0.0,0.7964601769911505,0.08849557522123894,0.44247787610619466,0.7964601769911505,3.7168141592920354
Pervis Estupiñán,ec ECU,MF,Milan,it Serie A,28.0,17,12,933,10.4,1,1,2,1,0,0,4,1,0.19,9,1,11.1,0.87,0.1,0.11,1.0,55,30.5,5,5,12.0,2.0,15,4,11,1.06,0.64,0,16,6,5,15,11,8,0.09646302250803858,0.09646302250803858,0.8681672025723474,0.09646302250803858,1.0610932475884245,0.7717041800643086,1.4469453376205788
Karl Etta Eyong,cm CMR,FW,Levante,es La Liga,22.0,26,15,1372,15.2,5,2,7,5,0,1,3,0,0.46,36,16,44.4,2.36,1.05,0.14,0.31,53,46.2,6,11,17.0,1.0,20,30,-10,-0.66,-0.49,0,27,30,6,13,4,11,0.3279883381924198,0.13119533527696792,2.361516034985423,1.0495626822157433,0.26239067055393583,0.7215743440233237,0.8527696793002916
Evanilson,br BRA,FW,Bournemouth,eng Premier League,26.0,32,28,2461,27.3,6,1,7,6,0,0,2,0,0.26,65,23,35.4,2.38,0.84,0.09,0.26,77,80.4,9,4,36.0,1.41,38,39,-1,-0.04,-0.19,0,23,29,26,3,3,4,0.21942299878098334,0.03657049979683055,2.377082486793986,0.8411214953271028,0.10971149939049167,0.1462819991873222,0.10971149939049167
Edu Expósito,es ESP,MF,Espanyol,es La Liga,29.0,31,27,2145,23.8,1,6,7,1,0,0,8,0,0.29,36,10,27.8,1.51,0.42,0.03,0.1,69,72.2,8,4,26.0,1.13,27,32,-5,-0.21,0.55,0,23,37,2,225,20,23,0.04195804195804196,0.2517482517482518,1.5104895104895104,0.4195804195804196,0.8391608391608392,0.9650349650349651,9.44055944055944
Eberechi Eze,eng ENG,"MF,FW",Arsenal,eng Premier League,27.0,28,18,1581,17.6,7,2,9,7,0,0,1,0,0.51,47,15,31.9,2.68,0.85,0.15,0.47,56,51.7,5,10,25.0,1.96,33,13,20,1.14,0.04,0,14,32,1,8,10,12,0.3984819734345351,0.11385199240986718,2.6755218216318783,0.8538899430740038,0.5692599620493358,0.683111954459203,0.4554079696394687
Abde Ezzalzouli,ma MAR,"MF,FW",Real Betis,es La Liga,24.0,24,21,1828,20.3,7,7,14,7,0,0,3,0,0.69,64,20,31.3,3.15,0.98,0.11,0.35,76,61.5,14,3,30.0,1.54,35,27,8,0.39,0.39,0,24,62,4,48,13,27,0.34463894967177244,0.34463894967177244,3.150984682713348,0.9846827133479212,0.6400437636761488,1.3293216630196938,2.363238512035011
Alieu Fadera,gm GAM,FW,Sassuolo,it Serie A,24.0,27,8,980,10.9,2,1,3,2,0,0,4,0,0.28,13,4,30.8,1.19,0.37,0.15,0.5,36,32.0,0,19,23.0,1.52,12,11,1,0.09,0.26,0,35,36,8,24,5,21,0.1836734693877551,0.09183673469387756,1.193877551020408,0.3673469387755102,0.4591836734693877,1.9285714285714286,2.204081632653061
Wout Faes,be BEL,DF,Monaco,fr Ligue 1,28.0,12,12,1018,11.3,0,0,0,0,0,0,3,0,0.0,5,1,20.0,0.44,0.09,0.0,0.0,85,36.5,11,0,0.0,2.0,23,17,6,0.53,0.48,0,13,3,0,1,13,10,0.0,0.0,0.44204322200392926,0.08840864440078584,1.149312377210216,0.8840864440078585,0.08840864440078584
Nicolò Fagioli,it ITA,MF,Fiorentina,it Serie A,25.0,30,27,2327,25.9,2,3,5,2,0,0,5,0,0.19,31,7,22.6,1.2,0.27,0.06,0.29,78,76.0,13,3,34.0,1.07,30,38,-8,-0.31,-0.43,0,21,40,0,82,17,29,0.07735281478298238,0.11602922217447356,1.198968629136227,0.2707348517404383,0.6574989256553502,1.1216158143532446,3.1714654061022776
Ansu Fati,es ESP,"MF,FW",Monaco,fr Ligue 1,23.0,22,9,938,10.4,9,0,9,6,3,4,1,0,0.58,38,20,52.6,3.65,1.92,0.16,0.3,43,33.6,1,13,25.0,1.73,21,17,4,0.38,0.24,0,9,5,3,6,2,9,0.863539445628998,0.0,3.6460554371002134,1.9189765458422174,0.19189765458422176,0.863539445628998,0.5756929637526652
Abdoulaye Faye,sn SEN,DF,Lorient,fr Ligue 1,21.0,14,13,1203,13.4,0,0,0,0,0,0,7,0,0.0,8,2,25.0,0.6,0.15,0.0,0.0,86,43.1,12,1,45.0,1.14,19,27,-8,-0.6,-0.77,0,22,15,0,3,25,19,0.0,0.0,0.5985037406483791,0.14962593516209477,1.8703241895261846,1.4214463840399,0.22443890274314213
Aleix Febas,es ESP,MF,Elche,es La Liga,30.0,32,32,2831,31.5,2,2,4,2,0,0,8,0,0.13,21,8,38.1,0.67,0.25,0.1,0.25,88,95.3,28,0,0.0,1.19,42,45,-3,-0.1,1.85,0,29,102,1,18,26,42,0.06358177322500883,0.06358177322500883,0.6676086188625927,0.2543270929000353,0.8265630519251148,1.3352172377251854,0.5722359590250795
Robin Fellhauer,de GER,MF,Augsburg,de Bundesliga,28.0,31,29,2542,28.2,2,2,4,2,0,0,2,0,0.14,25,6,24.0,0.89,0.21,0.08,0.33,82,91.1,17,2,46.0,1.19,32,50,-18,-0.64,-1.36,0,24,32,4,86,20,42,0.07081038552321008,0.07081038552321008,0.8851298190401259,0.21243115656963021,0.7081038552321007,1.4870180959874113,3.0448465774980327
Kiko Femenía,es ESP,"DF,MF",Getafe,es La Liga,35.0,27,24,1963,21.8,1,1,2,1,0,0,6,0,0.09,8,3,37.5,0.37,0.14,0.13,0.33,73,66.1,8,3,35.0,1.3,20,23,-3,-0.14,0.13,0,21,11,5,42,36,23,0.04584819154355578,0.04584819154355578,0.36678553234844624,0.13754457463066735,1.6505348955680081,1.054508405501783,1.925624044829343
Lewis Ferguson,sct SCO,MF,Bologna,it Serie A,26.0,23,14,1328,14.8,1,0,1,1,0,0,7,1,0.07,11,2,18.2,0.75,0.14,0.09,0.5,58,43.4,11,9,16.0,1.0,15,23,-8,-0.54,-1.01,1,30,23,3,24,10,13,0.06777108433734941,0.0,0.7454819277108434,0.13554216867469882,0.677710843373494,0.8810240963855422,1.6265060240963856
Bruno Fernandes,pt POR,MF,Manchester Utd,eng Premier League,31.0,31,31,2704,30.0,8,19,27,4,4,6,4,0,0.77,75,21,28.0,2.5,0.7,0.05,0.19,87,88.4,26,0,0.0,1.81,57,42,15,0.5,0.75,0,21,34,4,159,17,32,0.2662721893491124,0.632396449704142,2.496301775147929,0.69896449704142,0.5658284023668639,1.0650887573964496,5.2921597633136095
Mateus Fernandes,pt POR,MF,West Ham United,eng Premier League,21.0,32,31,2656,29.5,3,3,6,3,0,0,7,0,0.2,23,5,21.7,0.78,0.17,0.13,0.6,83,86.8,19,1,26.0,1.13,36,43,-7,-0.24,1.77,0,45,44,0,49,30,59,0.1016566265060241,0.1016566265060241,0.7793674698795181,0.1694277108433735,1.016566265060241,1.999246987951807,1.6603915662650603
Enzo Fernández,ar ARG,MF,Chelsea,eng Premier League,25.0,32,31,2755,30.6,8,3,11,6,2,2,8,0,0.29,63,28,44.4,2.06,0.91,0.1,0.21,86,90.0,24,1,37.0,1.41,48,39,9,0.29,0.59,0,30,40,1,71,19,23,0.2613430127041742,0.09800362976406535,2.058076225045372,0.9147005444646098,0.6206896551724138,0.7513611615245008,2.319419237749546
Ezequiél Fernández,ar ARG,MF,Leverkusen,de Bundesliga,23.0,19,12,978,10.9,0,1,1,0,0,0,4,1,0.09,11,1,9.1,1.01,0.09,0.0,0.0,51,35.1,2,7,24.0,2.0,20,20,0,0.0,-0.99,1,13,23,1,4,14,17,0.0,0.09202453987730062,1.0122699386503067,0.09202453987730062,1.2883435582822087,1.5644171779141105,0.3680981595092025
Roberto Férnandez,es ESP,FW,Espanyol,es La Liga,23.0,33,21,2052,22.8,6,2,8,5,1,1,3,0,0.31,53,21,39.6,2.32,0.92,0.09,0.24,62,69.1,10,12,30.0,1.18,24,31,-7,-0.31,0.18,0,33,37,6,8,5,3,0.2631578947368421,0.08771929824561403,2.324561403508772,0.9210526315789473,0.21929824561403508,0.13157894736842105,0.3508771929824561
Matias Fernandez-Pardo,be BEL,"MF,FW",Lille,fr Ligue 1,21.0,26,24,2100,23.3,8,5,13,6,2,2,4,0,0.47,64,29,45.3,2.74,1.24,0.09,0.21,81,75.3,12,2,38.0,1.73,30,23,7,0.3,-0.87,0,13,35,13,52,8,13,0.34285714285714286,0.2142857142857143,2.742857142857143,1.2428571428571429,0.34285714285714286,0.5571428571428572,2.2285714285714286
Zian Flemming,nl NED,FW,Burnley,eng Premier League,27.0,25,17,1442,16.0,9,0,9,7,2,2,3,0,0.44,45,19,42.2,2.81,1.19,0.16,0.37,58,47.1,5,8,13.0,0.68,19,28,-9,-0.56,0.83,0,40,25,3,6,6,6,0.5617198335644937,0.0,2.808599167822469,1.1858529819694867,0.37447988904299584,0.37447988904299584,0.37447988904299584
Romano Floriani,it ITA,MF,Cremonese,it Serie A,23.0,25,11,1025,11.4,0,0,0,0,0,0,2,0,0.0,5,1,20.0,0.44,0.09,0.0,0.0,41,33.5,3,14,17.0,0.72,11,19,-8,-0.7,0.05,0,19,5,2,24,6,14,0.0,0.0,0.43902439024390244,0.08780487804878048,0.526829268292683,1.2292682926829268,2.107317073170732
Phil Foden,eng ENG,MF,Manchester City,eng Premier League,25.0,28,21,1832,20.4,7,3,10,7,0,0,4,0,0.49,51,17,33.3,2.51,0.84,0.14,0.41,65,61.7,12,7,13.0,2.07,45,16,29,1.42,0.79,0,17,27,2,105,9,13,0.34388646288209607,0.14737991266375544,2.5054585152838427,0.8351528384279476,0.4421397379912664,0.638646288209607,5.158296943231441
Wesley Fofana,fr FRA,DF,Chelsea,eng Premier League,25.0,22,17,1491,16.6,0,1,1,0,0,0,7,1,0.06,8,1,12.5,0.48,0.06,0.0,0.0,68,48.7,9,5,26.0,1.55,23,20,3,0.18,-0.11,1,20,14,1,2,30,11,0.0,0.060362173038229376,0.482897384305835,0.060362173038229376,1.8108651911468814,0.6639839034205232,0.12072434607645875
Youssouf Fofana,fr FRA,MF,Milan,it Serie A,27.0,29,25,1978,22.0,2,3,5,2,0,0,4,0,0.23,42,16,38.1,1.91,0.73,0.05,0.13,68,64.6,8,4,29.0,2.03,33,17,16,0.73,0.31,0,19,15,0,10,15,18,0.0910010111223458,0.1365015166835187,1.911021233569262,0.7280080889787665,0.6825075834175935,0.8190091001011123,0.455005055611729
Jonas Föhrenbach,de GER,"DF,MF",Heidenheim,de Bundesliga,30.0,24,22,2055,22.8,1,1,2,1,0,0,3,0,0.09,6,1,16.7,0.26,0.04,0.17,1.0,86,73.7,19,2,65.0,0.88,28,45,-17,-0.74,0.97,0,16,16,1,78,30,21,0.043795620437956206,0.043795620437956206,0.2627737226277372,0.043795620437956206,1.313868613138686,0.9197080291970803,3.4160583941605838
Michael Folorunsho,it ITA,"MF,FW",Cagliari,it Serie A,28.0,24,22,1818,20.2,2,0,2,2,0,0,3,0,0.1,29,8,27.6,1.44,0.4,0.07,0.25,76,59.4,10,2,23.0,0.92,20,29,-9,-0.45,-0.16,0,33,41,13,20,10,9,0.099009900990099,0.0,1.4356435643564356,0.396039603960396,0.4950495049504951,0.44554455445544555,0.9900990099009902
Pablo Fornals,es ESP,MF,Real Betis,es La Liga,30.0,33,30,2557,28.4,7,4,11,7,0,0,2,0,0.39,39,16,41.0,1.37,0.56,0.18,0.44,77,86.1,15,3,40.0,1.52,44,36,8,0.28,0.28,0,27,24,11,133,32,25,0.24638247946812672,0.14078998826750097,1.3727023856081344,0.5631599530700039,1.1263199061400078,0.8799374266718811,4.681267109894407
Lyle Foster,za RSA,"FW,MF",Burnley,eng Premier League,25.0,25,15,1349,15.0,3,2,5,3,0,0,4,0,0.33,20,6,30.0,1.33,0.4,0.15,0.5,54,44.1,3,10,22.0,0.56,11,30,-19,-1.27,-0.48,0,22,13,11,6,4,12,0.20014825796886582,0.13343217197924387,1.3343217197924389,0.40029651593773163,0.26686434395848774,0.8005930318754633,0.40029651593773163
Dimitri Foulquier,fr FRA,DF,Valencia,es La Liga,33.0,15,12,1150,12.8,0,0,0,0,0,0,1,0,0.0,6,1,16.7,0.47,0.08,0.0,0.0,77,38.7,11,3,32.0,1.27,16,21,-5,-0.39,-0.09,0,16,7,0,11,8,9,0.0,0.0,0.4695652173913044,0.0782608695652174,0.6260869565217392,0.7043478260869566,0.8608695652173912
Juan Foyth,ar ARG,DF,Villarreal,es La Liga,28.0,13,12,934,10.4,0,0,0,0,0,0,2,0,0.0,2,0,0.0,0.19,0.0,0.0,0.0,72,31.4,8,1,11.0,2.15,22,9,13,1.25,0.9,0,8,1,0,0,15,13,0.0,0.0,0.19271948608137046,0.0,1.4453961456102784,1.2526766595289078,0.0
Przemysław Frankowski,pl POL,"MF,DF",Rennes,fr Ligue 1,31.0,19,15,1210,13.4,1,2,3,1,0,0,5,0,0.22,9,3,33.3,0.67,0.22,0.11,0.33,64,43.4,5,4,21.0,1.68,20,16,4,0.3,-0.16,0,13,10,1,82,9,25,0.0743801652892562,0.1487603305785124,0.6694214876033058,0.2231404958677686,0.6694214876033058,1.859504132231405,6.099173553719008
Morten Frendrup,dk DEN,MF,Genoa,it Serie A,25.0,32,31,2721,30.2,1,0,1,1,0,0,5,0,0.03,8,3,37.5,0.26,0.1,0.13,0.33,85,88.9,22,1,28.0,1.03,35,42,-7,-0.23,0.03,0,37,37,0,4,35,61,0.03307607497243661,0.0,0.26460859977949286,0.09922822491730982,1.1576626240352812,2.0176405733186327,0.13230429988974643
Martin Frese,dk DEN,"MF,DF",Hellas Verona,it Serie A,28.0,27,23,2076,23.1,2,0,2,2,0,0,6,0,0.09,19,10,52.6,0.82,0.43,0.11,0.2,77,67.8,15,4,40.0,0.63,15,36,-21,-0.91,0.19,0,40,18,3,69,23,45,0.08670520231213873,0.0,0.823699421965318,0.4335260115606936,0.9971098265895953,1.9508670520231213,2.991329479768786
Remo Freuler,ch SUI,MF,Bologna,it Serie A,34.0,25,22,1878,20.9,1,2,3,1,0,0,5,0,0.14,6,1,16.7,0.29,0.05,0.17,1.0,75,61.4,15,3,21.0,1.56,26,25,1,0.05,0.05,0,17,21,1,17,14,30,0.047923322683706075,0.09584664536741215,0.2875399361022364,0.047923322683706075,0.670926517571885,1.4376996805111821,0.8146964856230032
Marco Friedl,at AUT,DF,Werder Bremen,de Bundesliga,28.0,27,27,2321,25.8,1,0,1,1,0,0,8,1,0.04,8,2,25.0,0.31,0.08,0.13,0.5,86,83.2,24,0,0.0,1.0,28,43,-15,-0.58,-0.01,0,15,16,1,15,32,21,0.03877638948728996,0.0,0.3102111158983197,0.07755277897457992,1.2408444635932787,0.8143041792330892,0.5816458423093495
Jorge de Frutos,es ESP,"FW,MF",Rayo Vallecano,es La Liga,29.0,31,28,2163,24.0,10,1,11,9,1,1,3,0,0.42,54,24,44.4,2.25,1.0,0.17,0.38,70,72.8,5,3,35.0,1.26,27,23,4,0.17,1.5,0,32,34,16,40,8,13,0.4160887656033287,0.041608876560332866,2.246879334257975,0.9986130374479889,0.33287101248266293,0.5409153952843273,1.6643550624133148
Chris Führich,de GER,MF,Stuttgart,de Bundesliga,28.0,30,17,1450,16.1,6,6,12,6,0,0,1,0,0.74,39,20,51.3,2.42,1.24,0.15,0.3,48,52.0,0,13,23.0,1.8,33,23,10,0.62,-0.05,0,4,5,4,69,2,8,0.3724137931034483,0.3724137931034483,2.420689655172414,1.2413793103448276,0.12413793103448274,0.49655172413793097,4.282758620689655
Joel Fujita,jp JPN,MF,St Pauli,de Bundesliga,24.0,29,28,2395,26.6,1,3,4,1,0,0,5,0,0.15,29,6,20.7,1.09,0.23,0.03,0.17,83,85.8,20,1,22.0,0.76,22,46,-24,-0.9,-0.22,0,32,15,3,26,30,29,0.03757828810020877,0.1127348643006263,1.0897703549060542,0.2254697286012526,1.1273486430062631,1.0897703549060542,0.9770354906054279
Matteo Gabbia,it ITA,DF,Milan,it Serie A,26.0,26,24,2170,24.1,0,0,0,0,0,0,3,0,0.0,18,3,16.7,0.75,0.12,0.0,0.0,83,70.9,22,2,29.0,2.12,37,17,20,0.83,0.73,0,19,5,0,1,13,11,0.0,0.0,0.7465437788018434,0.12442396313364056,0.5391705069124424,0.45622119815668205,0.041474654377880185
Tiago Gabriel,pt POR,DF,Lecce,it Serie A,21.0,33,32,2859,31.8,2,0,2,2,0,0,5,0,0.06,19,4,21.1,0.6,0.13,0.11,0.5,87,93.4,30,1,12.0,0.85,22,42,-20,-0.63,1.16,0,25,38,0,2,44,37,0.06295907660020987,0.0,0.5981112277019937,0.12591815320041974,1.3850996852046171,1.1647429171038826,0.06295907660020987
Gianluca Gaetano,it ITA,"MF,FW",Cagliari,it Serie A,25.0,29,17,1552,17.2,2,3,5,2,0,0,4,0,0.29,26,8,30.8,1.51,0.46,0.08,0.25,54,50.7,6,12,24.0,1.14,23,26,-3,-0.17,0.42,0,24,26,0,33,16,14,0.11597938144329897,0.17396907216494845,1.5077319587628866,0.4639175257731959,0.9278350515463918,0.8118556701030927,1.913659793814433
Roberto Gagliardini,it ITA,MF,Hellas Verona,it Serie A,32.0,26,22,2002,22.2,1,0,1,1,0,0,7,0,0.04,15,3,20.0,0.67,0.13,0.07,0.33,77,65.4,16,4,43.0,0.5,15,33,-18,-0.81,0.47,0,37,32,0,15,53,37,0.04495504495504495,0.0,0.6743256743256744,0.13486513486513488,2.3826173826173824,1.6633366633366633,0.6743256743256744
Cody Gakpo,nl NED,"MF,FW",Liverpool,eng Premier League,26.0,32,28,2408,26.8,6,5,11,6,0,0,2,0,0.41,78,19,24.4,2.92,0.71,0.08,0.32,75,78.7,14,4,28.0,1.63,43,31,12,0.45,0.31,0,40,41,22,86,9,14,0.22425249169435216,0.18687707641196014,2.915282392026578,0.7101328903654485,0.33637873754152825,0.5232558139534884,3.214285714285714
Javi Galán,es ESP,DF,Osasuna,es La Liga,31.0,16,16,1409,15.7,0,1,1,0,0,0,2,0,0.06,5,1,20.0,0.32,0.06,0.0,0.0,88,47.4,13,0,0.0,1.5,19,20,-1,-0.06,-0.06,0,25,30,0,64,24,28,0.0,0.063875088715401,0.3193754435770049,0.063875088715401,1.5330021291696239,1.7885024840312278,4.088005677785664
Iñigo Ruiz de Galarreta,es ESP,MF,Athletic Club,es La Liga,32.0,30,27,1950,21.7,1,2,3,1,0,0,10,0,0.14,20,2,10.0,0.92,0.09,0.05,0.5,65,65.7,3,3,45.0,1.17,23,32,-9,-0.42,-0.15,0,48,35,0,51,19,30,0.046153846153846156,0.09230769230769231,0.9230769230769231,0.09230769230769231,0.8769230769230769,1.3846153846153846,2.353846153846154
Antonino Gallo,it ITA,DF,Lecce,it Serie A,26.0,33,30,2696,30.0,0,4,4,0,0,0,2,0,0.13,5,1,20.0,0.17,0.03,0.0,0.0,82,88.1,25,3,29.0,0.88,19,39,-20,-0.67,0.32,0,6,11,0,117,14,35,0.0,0.13353115727002968,0.1669139465875371,0.03338278931750742,0.46735905044510384,1.1683976261127598,3.905786350148368
Idrissa Gana Gueye,sn SEN,MF,Everton,eng Premier League,36.0,25,25,2093,23.3,2,3,5,2,0,0,1,1,0.22,29,7,24.1,1.25,0.3,0.07,0.29,84,68.4,16,0,0.0,1.32,26,26,0,0.0,0.0,0,21,31,0,19,29,21,0.08600095556617296,0.12900143334925945,1.2470138557095078,0.3010033444816054,1.2470138557095078,0.9030100334448161,0.8170090778786431
Omri Gandelman,il ISR,"MF,FW",Lecce,it Serie A,25.0,16,10,917,10.2,2,0,2,2,0,0,0,0,0.2,10,3,30.0,0.98,0.29,0.2,0.67,57,30.0,2,6,33.0,0.75,6,11,-5,-0.49,0.31,0,12,3,1,4,4,5,0.19629225736095965,0.0,0.9814612868047983,0.29443838604143946,0.3925845147219193,0.49073064340239914,0.3925845147219193
Ismaëlo Ganiou,fr FRA,DF,Lens,fr Ligue 1,21.0,19,19,1692,18.8,3,0,3,3,0,0,4,1,0.16,17,3,17.6,0.9,0.16,0.18,1.0,89,62.7,18,0,0.0,2.16,40,22,18,0.96,0.06,1,22,19,0,16,22,20,0.1595744680851064,0.0,0.9042553191489362,0.1595744680851064,1.1702127659574468,1.0638297872340425,0.851063829787234
Aleix García,es ESP,MF,Leverkusen,de Bundesliga,28.0,30,28,2436,27.1,2,6,8,2,0,0,6,0,0.3,27,4,14.8,1.0,0.15,0.07,0.5,81,87.3,19,2,43.0,1.73,54,34,20,0.74,0.74,0,8,19,2,112,21,18,0.07389162561576354,0.22167487684729065,0.9975369458128079,0.14778325123152708,0.7758620689655172,0.6650246305418719,4.137931034482759
Álvaro García,es ESP,"MF,FW",Rayo Vallecano,es La Liga,33.0,31,22,2056,22.8,4,5,9,4,0,0,3,0,0.39,47,19,40.4,2.06,0.83,0.09,0.21,66,69.2,7,9,31.0,1.13,21,28,-7,-0.31,-0.21,0,18,12,14,89,14,15,0.17509727626459143,0.2188715953307393,2.057392996108949,0.8317120622568094,0.6128404669260701,0.6566147859922179,3.8959143968871595
Eric García,es ESP,"DF,MF",Barcelona,es La Liga,25.0,30,28,2427,27.0,1,1,2,1,0,0,5,0,0.07,24,7,29.2,0.89,0.26,0.04,0.14,81,81.7,20,2,29.0,2.53,72,22,50,1.85,0.69,0,32,23,1,10,44,40,0.037082818294190356,0.037082818294190356,0.8899876390605685,0.2595797280593325,1.631644004944376,1.4833127317676145,0.3708281829419036
Rubén García,es ESP,"MF,FW",Osasuna,es La Liga,32.0,30,24,1912,21.2,2,5,7,2,0,0,5,0,0.33,22,7,31.8,1.04,0.33,0.09,0.29,64,64.4,3,6,31.0,1.37,23,23,0,0.0,0.09,0,30,23,1,126,13,28,0.09414225941422594,0.23535564853556484,1.0355648535564854,0.3294979079497908,0.6119246861924686,1.3179916317991631,5.930962343096235
Víctor García,es ESP,"MF,FW",Levante,es La Liga,28.0,19,10,915,10.2,0,1,1,0,0,0,0,0,0.1,14,5,35.7,1.38,0.49,0.0,0.0,48,30.8,1,9,25.0,0.89,9,11,-2,-0.2,0.29,0,12,11,3,56,6,12,0.0,0.09836065573770492,1.3770491803278688,0.4918032786885246,0.5901639344262295,1.180327868852459,5.508196721311475
Alejandro Garnacho,ar ARG,MF,Chelsea,eng Premier League,21.0,23,14,1266,14.1,1,4,5,1,0,0,2,0,0.36,33,7,21.2,2.35,0.5,0.03,0.14,55,41.4,4,9,35.0,1.39,20,20,0,0.0,-0.4,0,9,23,2,61,4,12,0.07109004739336493,0.2843601895734597,2.3459715639810423,0.49763033175355453,0.2843601895734597,0.8530805687203792,4.3364928909952605
James Garner,eng ENG,"MF,DF",Everton,eng Premier League,25.0,34,34,3053,33.9,2,6,8,2,0,0,10,0,0.24,42,12,28.6,1.24,0.35,0.05,0.17,90,99.8,33,0,0.0,1.38,41,41,0,0.0,0.0,0,33,34,0,176,53,63,0.05895840157222404,0.17687520471667212,1.2381264330167048,0.35375040943334424,1.5623976416639371,1.8571896495250573,5.188339338355716
Federico Gatti,it ITA,DF,Juventus,it Serie A,27.0,18,11,988,11.0,2,0,2,2,0,0,3,0,0.18,12,6,50.0,1.09,0.55,0.17,0.33,55,32.3,6,7,17.0,2.11,10,10,0,0.0,-1.22,0,14,6,0,2,11,8,0.18218623481781376,0.0,1.0931174089068827,0.5465587044534413,1.0020242914979756,0.728744939271255,0.18218623481781376
Jean-Philippe Gbamin,ci CIV,"DF,MF",Metz,fr Ligue 1,30.0,28,28,2294,25.5,1,1,2,1,0,0,2,1,0.08,14,7,50.0,0.55,0.27,0.07,0.14,82,82.2,24,0,0.0,0.5,26,60,-34,-1.33,-0.43,0,22,8,0,4,24,26,0.03923278116826504,0.03923278116826504,0.5492589363557105,0.2746294681778553,0.941586748038361,1.020052310374891,0.15693112467306017
Yann Gboho,fr FRA,"MF,FW",Toulouse,fr Ligue 1,25.0,29,28,2431,27.0,8,2,10,8,0,0,1,1,0.37,52,15,28.8,1.93,0.56,0.15,0.53,84,87.1,21,1,45.0,1.24,38,35,3,0.11,1.11,0,16,66,5,32,13,13,0.29617441382147264,0.07404360345536816,1.9251336898395721,0.5553270259152612,0.48128342245989303,0.48128342245989303,1.1846976552858905
Lutsharel Geertruida,nl NED,"DF,MF",Sunderland,eng Premier League,25.0,25,14,1423,15.8,0,0,0,0,0,0,1,0,0.0,8,2,25.0,0.51,0.13,0.0,0.0,57,46.5,11,11,20.0,1.24,11,21,-10,-0.63,-0.69,0,14,5,1,7,17,20,0.0,0.0,0.5059732958538299,0.12649332396345747,1.0751932536893885,1.2649332396345747,0.44272663387210115
Yannick Gerhardt,de GER,MF,Wolfsburg,de Bundesliga,32.0,16,12,1026,11.4,1,0,1,1,0,0,1,0,0.09,10,1,10.0,0.88,0.09,0.1,1.0,64,36.8,4,4,13.0,1.13,16,29,-13,-1.14,-0.53,0,20,14,0,7,9,8,0.08771929824561403,0.0,0.8771929824561403,0.08771929824561403,0.7894736842105263,0.7017543859649122,0.6140350877192982
Daniele Ghilardi,it ITA,DF,Roma,it Serie A,23.0,20,8,995,11.1,0,0,0,0,0,0,1,0,0.0,1,0,0.0,0.09,0.0,0.0,0.0,50,32.5,7,12,27.0,1.85,17,14,3,0.27,-0.43,0,21,16,0,3,20,13,0.0,0.0,0.09045226130653267,0.0,1.8090452261306533,1.1758793969849246,0.271356783919598
Dimitris Giannoulis,gr GRE,MF,Augsburg,de Bundesliga,30.0,25,23,1810,20.1,2,4,6,2,0,0,8,0,0.3,10,6,60.0,0.5,0.3,0.2,0.33,72,64.9,9,2,25.0,1.24,30,38,-8,-0.4,0.34,0,15,18,4,95,20,20,0.0994475138121547,0.1988950276243094,0.49723756906077343,0.2983425414364641,0.9944751381215469,0.9944751381215469,4.723756906077348
Morgan Gibbs-White,eng ENG,MF,Nottingham Forest,eng Premier League,26.0,34,33,2897,32.2,13,3,16,12,1,1,1,0,0.47,75,28,37.3,2.33,0.87,0.16,0.43,85,94.7,18,1,45.0,1.15,38,41,-3,-0.09,0.46,0,24,39,5,38,10,15,0.4038660683465654,0.09319986192613049,2.3299965481532623,0.8698653779772179,0.31066620642043496,0.4659993096306524,1.1805315843976527
Bryan Gil,es ESP,MF,Girona,es La Liga,25.0,25,17,1400,15.6,0,3,3,0,0,0,4,0,0.19,20,5,25.0,1.29,0.32,0.0,0.0,56,47.1,1,8,23.0,1.24,18,18,0,0.0,0.8,0,17,36,6,44,9,18,0.0,0.19285714285714287,1.2857142857142856,0.3214285714285714,0.5785714285714285,1.157142857142857,2.8285714285714287
Mario Gila,es ESP,DF,Lazio,it Serie A,25.0,28,28,2282,25.4,0,0,0,0,0,0,3,1,0.0,11,3,27.3,0.43,0.12,0.0,0.0,82,74.6,18,0,0.0,1.5,29,23,6,0.24,0.47,0,17,21,0,1,24,33,0.0,0.0,0.4338299737072743,0.11831726555652937,0.946538124452235,1.301489921121823,0.03943908851884312
Benedikt Gimber,de GER,DF,Heidenheim,de Bundesliga,29.0,21,18,1436,16.0,0,0,0,0,0,0,6,0,0.0,4,1,25.0,0.25,0.06,0.0,0.0,68,51.5,10,3,28.0,0.62,8,40,-32,-2.01,-2.07,0,27,31,0,5,15,21,0.0,0.0,0.25069637883008355,0.06267409470752089,0.9401114206128134,1.3161559888579386,0.31337047353760444
Gvidas Gineitis,lt LTU,MF,Torino,it Serie A,22.0,26,20,1531,17.0,0,1,1,0,0,0,4,0,0.06,22,4,18.2,1.29,0.24,0.0,0.0,59,50.0,6,6,17.0,1.31,17,28,-11,-0.65,-0.29,0,35,31,0,56,20,24,0.0,0.05878510777269758,1.2932723709993468,0.23514043109079033,1.1757021554539517,1.410842586544742,3.2919660352710647
Matthias Ginter,de GER,DF,Freiburg,de Bundesliga,32.0,29,29,2602,28.9,2,3,5,2,0,0,2,0,0.17,17,6,35.3,0.59,0.21,0.12,0.33,90,93.3,28,0,0.0,1.48,44,46,-2,-0.07,2.8,0,15,19,2,10,22,14,0.06917755572636433,0.1037663335895465,0.5880092236740969,0.207532667179093,0.7609531129900077,0.48424289008455035,0.34588777863182163
Giovane,br BRA,"FW,MF",Hellas Verona,it Serie A,22.0,21,19,1533,17.0,3,4,7,3,0,0,2,0,0.41,47,25,53.2,2.76,1.47,0.06,0.12,73,50.1,8,2,33.0,0.67,12,23,-11,-0.65,0.65,0,21,15,8,56,5,9,0.1761252446183953,0.23483365949119372,2.759295499021526,1.467710371819961,0.29354207436399216,0.5283757338551859,3.287671232876712
Olivier Giroud,fr FRA,FW,Lille,fr Ligue 1,39.0,28,17,1547,17.2,7,1,8,4,3,4,2,0,0.29,40,15,37.5,2.33,0.87,0.1,0.27,55,55.4,4,11,21.0,1.79,16,24,-8,-0.47,-2.2,0,27,29,8,2,4,8,0.40723981900452494,0.058177117000646414,2.3270846800258562,0.8726567550096962,0.23270846800258566,0.4654169360051713,0.11635423400129283
Serge Gnabry,de GER,MF,Bayern Munich,de Bundesliga,30.0,21,16,1219,13.5,8,6,14,8,0,0,1,0,1.03,50,17,34.0,3.69,1.26,0.16,0.47,58,43.7,1,5,26.0,2.71,48,14,34,2.51,-0.18,0,9,6,6,21,4,10,0.59064807219032,0.44298605414273995,3.6915504511895,1.25512715340443,0.29532403609516,0.7383100902379,1.5504511894995898
Giorgi Gocholeishvili,ge GEO,MF,Hamburger SV,de Bundesliga,25.0,23,9,917,10.2,0,2,2,0,0,0,3,1,0.2,14,2,14.3,1.37,0.2,0.0,0.0,40,32.9,1,14,15.0,1.26,9,12,-3,-0.29,0.33,1,13,18,3,20,6,14,0.0,0.19629225736095965,1.3740458015267174,0.19629225736095965,0.5888767720828789,1.3740458015267174,1.9629225736095965
Martial Godo,ci CIV,MF,Strasbourg,fr Ligue 1,23.0,25,15,1323,14.7,8,1,9,8,0,0,2,0,0.61,36,14,38.9,2.45,0.95,0.22,0.57,53,49.0,6,10,15.0,1.6,33,17,16,1.09,1.48,0,14,25,8,24,12,13,0.54421768707483,0.06802721088435375,2.4489795918367347,0.9523809523809523,0.8163265306122449,0.8843537414965987,1.6326530612244898
Aleksandr Golovin,ru RUS,MF,Monaco,fr Ligue 1,29.0,23,19,1518,16.9,5,5,10,5,0,0,4,1,0.59,31,18,58.1,1.84,1.07,0.16,0.28,66,54.4,4,4,26.0,1.74,27,18,9,0.53,0.68,1,28,17,2,34,19,16,0.2964426877470356,0.2964426877470356,1.8379446640316204,1.067193675889328,1.1264822134387351,0.9486166007905139,2.015810276679842
João Gomes,br BRA,MF,Wolves,eng Premier League,25.0,32,29,2561,28.5,1,1,2,1,0,0,10,0,0.07,18,7,38.9,0.63,0.25,0.06,0.14,80,83.7,21,3,24.0,0.5,19,51,-32,-1.12,-0.04,0,63,44,1,28,33,64,0.035142522452167126,0.035142522452167126,0.6325654041390082,0.24599765716516986,1.1597032409215149,2.249121436938696,0.9839906286606794
Toti Gomes,pt POR,DF,Wolves,eng Premier League,27.0,16,15,1219,13.5,0,0,0,0,0,0,2,1,0.0,4,1,25.0,0.3,0.07,0.0,0.0,76,39.8,10,1,1.0,0.25,6,29,-23,-1.7,-0.96,0,10,11,0,10,9,9,0.0,0.0,0.29532403609516,0.07383100902379,0.6644790812141099,0.6644790812141099,0.7383100902379
Diego Gómez,py PAR,"MF,FW",Brighton,eng Premier League,23.0,30,25,2036,22.6,5,1,6,5,0,0,9,0,0.27,36,14,38.9,1.59,0.62,0.14,0.36,68,66.5,2,5,28.0,1.5,26,25,1,0.04,-0.66,0,49,10,1,22,17,48,0.22102161100196463,0.04420432220039292,1.5913555992141453,0.618860510805501,0.7514734774066798,2.1218074656188604,0.9724950884086444
Moi Gómez,es ESP,MF,Osasuna,es La Liga,31.0,22,10,1007,11.2,0,2,2,0,0,0,3,0,0.18,11,2,18.2,0.98,0.18,0.0,0.0,46,33.9,3,12,18.0,1.05,15,13,2,0.18,0.32,0,17,20,0,29,9,7,0.0,0.17874875868917575,0.9831181727904666,0.17874875868917575,0.804369414101291,0.6256206554121152,2.5918570009930484
Sergio Gómez,es ESP,DF,Real Sociedad,es La Liga,25.0,30,26,2330,25.9,0,3,3,0,0,0,3,1,0.12,10,0,0.0,0.39,0.0,0.0,0.0,78,78.5,17,4,20.0,1.33,41,38,3,0.12,0.54,0,41,12,4,133,28,48,0.0,0.11587982832618027,0.38626609442060084,0.0,1.0815450643776825,1.8540772532188843,5.1373390557939915
Valentín Gómez,ar ARG,DF,Real Betis,es La Liga,22.0,24,16,1600,17.8,1,0,1,1,0,0,5,0,0.06,10,4,40.0,0.56,0.23,0.1,0.25,67,53.9,16,8,20.0,1.67,24,22,2,0.11,-0.28,0,23,11,1,12,20,24,0.05625,0.0,0.5625,0.225,1.125,1.3499999999999999,0.6749999999999999
Nicolás González,es ESP,MF,Manchester City,eng Premier League,24.0,23,15,1405,15.6,1,0,1,1,0,0,6,0,0.06,13,2,15.4,0.83,0.13,0.08,0.5,61,47.3,9,8,25.0,2.26,37,13,24,1.54,0.79,0,28,18,0,2,23,28,0.06405693950177936,0.0,0.8327402135231317,0.12811387900355872,1.4733096085409254,1.793594306049822,0.12811387900355872
Nicolás González,ar ARG,"MF,DF",Atlético Madrid,es La Liga,28.0,24,18,1448,16.1,5,0,5,5,0,0,4,1,0.31,43,21,48.8,2.67,1.31,0.12,0.24,60,48.8,5,6,31.0,2.0,28,15,13,0.81,0.45,0,28,25,2,27,11,16,0.31077348066298344,0.0,2.6726519337016574,1.3052486187845302,0.6837016574585635,0.9944751381215469,1.6781767955801106
Urko González,es ESP,MF,Espanyol,es La Liga,25.0,30,23,2174,24.2,0,1,1,0,0,0,5,0,0.04,16,1,6.3,0.66,0.04,0.0,0.0,72,73.2,19,7,22.0,1.17,27,39,-12,-0.5,-0.5,0,36,33,1,11,22,28,0.0,0.04139834406623735,0.6623735050597976,0.04139834406623735,0.9107635694572216,1.1591536338546458,0.4553817847286108
Anthony Gordon,eng ENG,FW,Newcastle United,eng Premier League,25.0,26,24,1795,19.9,6,2,8,3,3,3,3,1,0.25,48,20,41.7,2.41,1.0,0.06,0.15,69,58.7,4,2,13.0,1.31,24,28,-4,-0.2,-0.2,0,13,40,5,69,3,13,0.3008356545961003,0.10027855153203342,2.4066852367688023,1.0027855153203342,0.15041782729805014,0.6518105849582172,3.4596100278551534
Leon Goretzka,de GER,MF,Bayern Munich,de Bundesliga,31.0,28,22,1730,19.2,3,2,5,3,0,0,4,0,0.26,26,8,30.8,1.35,0.42,0.12,0.38,62,62.0,9,6,18.0,2.68,64,16,48,2.5,-0.3,0,14,15,2,6,24,14,0.15606936416184972,0.10404624277456648,1.352601156069364,0.4161849710982659,1.2485549132947977,0.7283236994219653,0.31213872832369943
Andoni Gorosabel,es ESP,DF,Athletic Club,es La Liga,29.0,19,12,1043,11.6,0,1,1,0,0,0,3,0,0.09,5,1,20.0,0.43,0.09,0.0,0.0,55,35.1,6,7,18.0,1.32,16,19,-3,-0.26,0.16,0,11,10,0,39,14,19,0.0,0.0862895493767977,0.4314477468839885,0.0862895493767977,1.2080536912751678,1.6395014381591564,3.3652924256951104
Jon Gorrotxategi,es ESP,MF,Real Sociedad,es La Liga,24.0,27,23,2019,22.4,1,3,4,1,0,0,7,0,0.18,11,1,9.1,0.49,0.04,0.09,1.0,75,68.0,14,4,30.0,1.26,33,37,-4,-0.18,-0.56,0,30,22,0,5,30,26,0.04457652303120356,0.1337295690936107,0.4903417533432392,0.04457652303120356,1.337295690936107,1.1589895988112926,0.22288261515601782
Robin Gosens,de GER,"DF,MF",Fiorentina,it Serie A,31.0,22,20,1553,17.3,3,1,4,3,0,0,2,0,0.23,15,7,46.7,0.87,0.41,0.2,0.43,71,50.8,8,2,20.0,1.09,17,20,-3,-0.17,0.07,0,17,20,3,37,15,12,0.17385705086928527,0.05795235028976175,0.8692852543464263,0.40566645202833224,0.8692852543464263,0.6954282034771411,2.1442369607211846
Amine Gouiri,dz ALG,"FW,MF",Marseille,fr Ligue 1,26.0,19,13,1121,12.5,7,3,10,7,0,0,0,0,0.8,33,15,45.5,2.65,1.2,0.21,0.47,59,40.2,3,6,25.0,1.68,24,21,3,0.24,-0.57,0,10,10,2,36,3,8,0.5619982158786797,0.2408563782337199,2.649420160570919,1.2042818911685995,0.2408563782337199,0.6422836752899197,2.8902765388046388
Lucas Gourna-Douath,fr FRA,MF,Le Havre,fr Ligue 1,22.0,13,12,1094,12.2,0,0,0,0,0,0,4,0,0.0,8,2,25.0,0.66,0.16,0.0,0.0,84,39.2,9,1,45.0,0.92,10,16,-6,-0.49,-0.12,0,18,29,1,5,14,8,0.0,0.0,0.6581352833638026,0.16453382084095064,1.1517367458866545,0.6581352833638026,0.4113345521023766
Alberto Grassi,it ITA,MF,Cremonese,it Serie A,31.0,26,14,1443,16.0,0,0,0,0,0,0,3,0,0.0,10,3,30.0,0.62,0.19,0.0,0.0,56,47.2,4,12,33.0,0.88,9,28,-19,-1.19,-0.85,0,13,22,0,2,28,8,0.0,0.0,0.6237006237006237,0.18711018711018712,1.7463617463617462,0.498960498960499,0.12474012474012475
Ryan Gravenberch,nl NED,MF,Liverpool,eng Premier League,23.0,32,30,2665,29.6,4,3,7,4,0,0,5,0,0.24,32,9,28.1,1.08,0.3,0.13,0.44,83,87.1,26,2,29.0,1.72,45,35,10,0.34,-0.35,0,34,37,0,6,39,31,0.1350844277673546,0.10131332082551595,1.0806754221388368,0.30393996247654786,1.3170731707317074,1.0469043151969981,0.2026266416510319
Archie Gray,eng ENG,"MF,DF",Tottenham Hotspur,eng Premier League,20.0,23,18,1469,16.3,2,2,4,2,0,0,5,0,0.25,11,5,45.5,0.67,0.31,0.18,0.4,64,48.0,9,5,12.0,0.74,18,28,-10,-0.61,-0.61,0,12,2,0,12,17,8,0.12253233492171545,0.12253233492171545,0.673927842069435,0.3063308373042886,1.0415248468345812,0.4901293396868618,0.7351940095302927
Jack Grealish,eng ENG,MF,Everton,eng Premier League,30.0,20,18,1627,18.1,2,6,8,2,0,0,5,1,0.44,26,8,30.8,1.44,0.44,0.08,0.25,81,53.2,11,2,20.0,1.55,23,23,0,0.0,0.0,1,13,58,0,39,11,15,0.11063306699446834,0.33189920098340503,1.4382298709280887,0.4425322679778734,0.6084818684695759,0.8297480024585127,2.1573448063921328
Mason Greenwood,eng ENG,MF,Marseille,fr Ligue 1,24.0,29,26,2196,24.4,15,6,21,10,5,7,4,0,0.66,105,44,41.9,4.3,1.8,0.1,0.23,76,78.7,14,3,31.0,1.72,48,32,16,0.66,0.35,0,21,24,0,105,4,10,0.6147540983606558,0.2459016393442623,4.30327868852459,1.8032786885245902,0.16393442622950818,0.4098360655737705,4.30327868852459
Antoine Griezmann,fr FRA,FW,Atlético Madrid,es La Liga,35.0,29,9,1133,12.6,7,1,8,7,0,0,1,0,0.64,38,21,55.3,3.02,1.67,0.18,0.33,39,38.1,1,20,28.0,1.87,26,17,9,0.71,0.22,0,3,6,14,58,4,8,0.5560458958517212,0.0794351279788173,3.018534863195057,1.6681376875551632,0.3177405119152692,0.6354810238305384,4.607237422771403
Vincenzo Grifo,it ITA,MF,Freiburg,de Bundesliga,33.0,30,19,1519,16.9,7,3,10,3,4,4,0,0,0.36,28,11,39.3,1.66,0.65,0.11,0.27,51,54.4,3,11,19.0,1.43,24,29,-5,-0.3,-0.08,0,10,11,2,108,15,4,0.4147465437788018,0.17774851876234365,1.6589861751152073,0.65174456879526,0.8887425938117183,0.2369980250164582,6.398946675444371
Álex Grimaldo,es ESP,MF,Leverkusen,de Bundesliga,30.0,26,26,2251,25.0,8,6,14,5,3,3,5,0,0.44,55,19,34.5,2.2,0.76,0.09,0.26,87,80.7,22,0,0.0,1.85,54,35,19,0.76,0.59,0,11,29,6,146,14,21,0.3198578409595735,0.23989338071968017,2.199022656597068,0.759662372278987,0.5597512216792536,0.8396268325188805,5.837405597512216
Pascal Groß,de GER,MF,Brighton,eng Premier League,34.0,15,14,1276,14.2,1,3,4,1,0,0,2,0,0.28,12,5,41.7,0.85,0.35,0.08,0.2,85,41.7,12,1,20.0,1.67,18,10,8,0.56,0.51,0,15,12,4,93,9,16,0.07053291536050156,0.21159874608150472,0.8463949843260189,0.3526645768025078,0.6347962382445141,1.128526645768025,6.559561128526647
Ilia Gruev,bg BUL,MF,Leeds United,eng Premier League,25.0,23,15,1323,14.7,0,3,3,0,0,0,3,0,0.2,7,1,14.3,0.48,0.07,0.0,0.0,58,43.2,6,8,17.0,1.52,17,22,-5,-0.34,-0.24,0,16,9,0,16,14,13,0.0,0.20408163265306123,0.47619047619047616,0.06802721088435375,0.9523809523809523,0.8843537414965987,1.08843537414966
Marco Grüll,at AUT,"MF,FW",Werder Bremen,de Bundesliga,27.0,30,23,1936,21.5,3,1,4,3,0,0,5,0,0.19,40,12,30.0,1.86,0.56,0.08,0.25,65,69.4,6,7,24.0,1.03,21,36,-15,-0.7,-0.38,0,31,27,1,60,13,20,0.13946280991735538,0.04648760330578512,1.859504132231405,0.5578512396694215,0.6043388429752067,0.9297520661157025,2.7892561983471076
Nemanja Gudelj,rs SRB,"DF,MF",Sevilla,es La Liga,34.0,29,23,2114,23.5,2,0,2,2,0,0,8,0,0.09,24,6,25.0,1.02,0.26,0.08,0.33,73,71.2,18,6,24.0,1.07,30,39,-9,-0.38,0.25,0,34,10,0,6,19,22,0.08514664143803216,0.0,1.021759697256386,0.2554399243140965,0.8088930936613056,0.9366130558183539,0.2554399243140965
Gabriel Gudmundsson,se SWE,"DF,MF",Leeds United,eng Premier League,26.0,32,31,2631,29.2,0,0,0,0,0,0,6,1,0.0,18,3,16.7,0.62,0.1,0.0,0.0,82,86.0,21,1,22.0,1.19,40,45,-5,-0.17,0.25,1,31,56,3,88,28,47,0.0,0.0,0.6157354618015963,0.10262257696693272,0.9578107183580387,1.6077537058152795,3.0102622576966938
Gonçalo Guedes,pt POR,MF,Real Sociedad,es La Liga,29.0,31,22,1811,20.1,8,4,12,8,0,0,3,0,0.6,46,18,39.1,2.29,0.89,0.17,0.44,58,61.0,5,9,26.0,1.35,32,24,8,0.4,1.02,0,18,33,13,70,4,15,0.3975704030922143,0.19878520154610715,2.286029817780232,0.8945334069574821,0.19878520154610715,0.7454445057979018,3.478741027056875
Marc Guéhi,eng ENG,DF,Crystal Palace,eng Premier League,25.0,20,20,1800,20.0,2,2,4,2,0,0,4,0,0.2,15,4,26.7,0.75,0.2,0.13,0.5,90,60.6,20,0,0.0,1.35,22,23,-1,-0.05,0.1,0,14,18,0,10,24,19,0.1,0.1,0.75,0.2,1.2000000000000002,0.9500000000000001,0.5
Marc Guéhi,eng ENG,DF,Manchester City,eng Premier League,25.0,11,11,990,11.0,1,0,1,1,0,0,2,0,0.09,14,5,35.7,1.27,0.45,0.07,0.2,90,33.3,11,0,0.0,2.45,21,8,13,1.18,0.09,0,6,12,0,5,24,8,0.09090909090909091,0.0,1.2727272727272727,0.4545454545454546,2.1818181818181817,0.7272727272727273,0.4545454545454546
Mattéo Guendouzi,fr FRA,MF,Lazio,it Serie A,27.0,16,16,1428,15.9,2,1,3,2,0,0,5,1,0.19,16,8,50.0,1.01,0.5,0.13,0.25,89,46.7,14,0,0.0,1.25,13,12,1,0.06,-0.1,0,17,21,0,20,11,8,0.12605042016806722,0.06302521008403361,1.0084033613445378,0.5042016806722689,0.6932773109243697,0.5042016806722689,1.2605042016806722
Javier Guerra,es ESP,MF,Valencia,es La Liga,22.0,31,20,1650,18.3,1,5,6,1,0,0,3,0,0.33,18,6,33.3,0.98,0.33,0.06,0.17,53,55.6,4,11,18.0,1.26,22,24,-2,-0.11,0.5,0,25,13,1,35,21,12,0.05454545454545454,0.2727272727272727,0.9818181818181819,0.32727272727272727,1.1454545454545455,0.6545454545454545,1.9090909090909092
Pape Gueye,sn SEN,MF,Villarreal,es La Liga,27.0,27,23,1927,21.4,4,2,6,3,1,1,8,0,0.23,44,12,27.3,2.06,0.56,0.07,0.25,71,64.9,10,4,23.0,1.96,40,23,17,0.79,0.45,0,33,51,2,14,32,20,0.18681888946549038,0.09340944473274519,2.055007784120394,0.5604566683964712,1.494551115723923,0.934094447327452,0.6538661131292164
Bruno Guimarães,br BRA,MF,Newcastle United,eng Premier League,28.0,25,23,2120,23.6,9,4,13,7,2,2,5,0,0.47,34,18,52.9,1.44,0.76,0.21,0.39,85,69.3,18,2,37.0,1.4,37,32,5,0.21,1.07,0,35,57,1,67,14,37,0.3820754716981132,0.16981132075471697,1.4433962264150944,0.7641509433962264,0.5943396226415094,1.570754716981132,2.8443396226415096
Daouda Guindo,ml MLI,DF,Brest,fr Ligue 1,23.0,22,16,1425,15.8,1,1,2,1,0,0,4,1,0.13,18,5,27.8,1.14,0.32,0.06,0.2,65,52.8,10,6,19.0,1.32,20,22,-2,-0.13,0.16,0,24,14,2,26,25,26,0.06315789473684211,0.06315789473684211,1.1368421052631579,0.3157894736842105,1.5789473684210527,1.6421052631578945,1.6421052631578945
Serhou Guirassy,gn GUI,FW,Dortmund,de Bundesliga,30.0,30,24,2103,23.4,15,1,16,14,1,3,3,0,0.64,75,34,45.3,3.21,1.46,0.19,0.41,70,75.4,9,6,24.0,2.13,48,21,27,1.16,0.24,0,34,33,7,4,0,1,0.6419400855920114,0.042796005706134094,3.2097004279600574,1.4550641940085591,0.0,0.042796005706134094,0.17118402282453637
Arda Güler,tr TUR,MF,Real Madrid,es La Liga,21.0,32,25,1997,22.2,4,9,13,4,0,0,1,0,0.59,49,19,38.8,2.21,0.86,0.08,0.21,62,67.2,3,7,28.0,2.28,42,20,22,0.99,-0.4,0,21,32,3,128,8,28,0.1802704056084126,0.40560841261892844,2.2083124687030544,0.85628442663996,0.3605408112168252,1.2618928392588884,5.768652979469203
Christian Günter,de GER,DF,Freiburg,de Bundesliga,33.0,23,17,1476,16.4,0,3,3,0,0,0,3,0,0.18,8,0,0.0,0.49,0.0,0.0,0.0,64,52.9,9,6,17.0,1.35,21,30,-9,-0.55,-0.62,0,9,6,4,70,10,11,0.0,0.1829268292682927,0.4878048780487805,0.0,0.6097560975609756,0.6707317073170731,4.2682926829268295
Gorka Guruzeta,es ESP,FW,Athletic Club,es La Liga,29.0,30,24,2001,22.2,9,1,10,8,1,1,5,1,0.4,69,28,40.6,3.1,1.26,0.12,0.29,67,67.4,11,6,29.0,1.27,25,28,-3,-0.13,0.7,1,41,28,9,7,10,3,0.4047976011994003,0.04497751124437781,3.103448275862069,1.2593703148425788,0.44977511244377816,0.13493253373313344,0.3148425787106447
Malo Gusto,fr FRA,DF,Chelsea,eng Premier League,22.0,31,23,1997,22.2,2,3,5,2,0,0,4,1,0.23,11,5,45.5,0.5,0.23,0.18,0.4,64,65.3,8,8,24.0,1.42,39,29,10,0.45,0.62,1,16,18,1,49,26,22,0.0901352028042063,0.13520280420630948,0.4957436154231347,0.2253380070105158,1.171757636454682,0.9914872308462694,2.2083124687030544
Miguel Gutiérrez,es ESP,"MF,DF",Napoli,it Serie A,24.0,24,12,1210,13.4,1,1,2,1,0,0,0,0,0.15,14,4,28.6,1.04,0.3,0.07,0.25,50,39.5,7,12,21.0,1.92,20,16,4,0.3,-0.43,0,15,25,1,40,7,17,0.0743801652892562,0.0743801652892562,1.0413223140495866,0.2975206611570248,0.5206611570247933,1.2644628099173554,2.975206611570248
Albert Guðmundsson,is ISL,"FW,MF",Fiorentina,it Serie A,28.0,29,25,2098,23.3,5,4,9,2,3,3,3,1,0.26,40,15,37.5,1.72,0.64,0.05,0.13,72,68.6,9,4,31.0,0.97,27,25,2,0.09,0.93,0,32,27,6,51,2,4,0.21448999046711154,0.17159199237368922,1.7159199237368923,0.6434699714013347,0.08579599618684461,0.17159199237368922,2.1877979027645376
Joško Gvardiol,hr CRO,DF,Manchester City,eng Premier League,24.0,16,15,1302,14.5,2,2,4,2,0,0,2,0,0.28,16,5,31.3,1.11,0.35,0.13,0.4,81,43.8,12,1,34.0,2.25,35,13,22,1.52,0.71,0,16,7,0,2,14,13,0.1382488479262673,0.1382488479262673,1.1059907834101383,0.3456221198156682,0.967741935483871,0.8986175115207373,0.1382488479262673
Viktor Gyökeres,se SWE,FW,Arsenal,eng Premier League,27.0,32,24,2045,22.7,12,0,12,9,3,3,5,0,0.4,48,18,37.5,2.11,0.79,0.19,0.5,64,66.8,9,8,29.0,2.16,47,13,34,1.5,1.14,0,32,27,3,7,1,5,0.5281173594132029,0.0,2.1124694376528117,0.7921760391198044,0.04400977995110024,0.2200488997555012,0.3080684596577017
Erling Haaland,no NOR,FW,Manchester City,eng Premier League,25.0,32,31,2683,29.8,24,7,31,21,3,4,2,0,0.94,116,53,45.7,3.89,1.78,0.18,0.4,84,90.3,23,1,18.0,2.09,62,28,34,1.14,0.2,0,22,24,4,3,4,7,0.8050689526649273,0.23481177786060378,3.891166604547149,1.7778606038017146,0.13417815877748787,0.23481177786060378,0.10063361908311591
Janik Haberer,de GER,MF,Union Berlin,de Bundesliga,32.0,28,20,1646,18.3,0,1,1,0,0,0,8,0,0.05,11,1,9.1,0.6,0.05,0.0,0.0,59,59.0,7,8,22.0,1.0,17,39,-22,-1.2,-1.36,0,24,21,1,67,10,19,0.0,0.05467800729040097,0.6014580801944107,0.05467800729040097,0.5467800729040098,1.0388821385176186,3.663426488456865
Albian Hajdari,xk KVX,DF,Hoffenheim,de Bundesliga,22.0,27,25,2190,24.3,1,2,3,1,0,0,9,0,0.12,17,4,23.5,0.7,0.16,0.06,0.25,81,78.5,18,2,32.0,1.81,48,32,16,0.66,0.66,0,40,23,0,17,35,36,0.0410958904109589,0.0821917808219178,0.6986301369863014,0.1643835616438356,1.4383561643835616,1.4794520547945205,0.6986301369863014
Achraf Hakimi,ma MAR,DF,Paris Saint-Germain,fr Ligue 1,27.0,18,15,1375,15.3,2,2,4,2,0,0,3,1,0.26,27,9,33.3,1.77,0.59,0.07,0.22,76,50.9,12,3,39.0,2.22,32,15,17,1.11,-0.65,0,9,17,4,43,11,13,0.1309090909090909,0.1309090909090909,1.7672727272727273,0.5890909090909091,0.72,0.850909090909091,2.8145454545454545
Lewis Hall,eng ENG,DF,Newcastle United,eng Premier League,21.0,26,21,1888,21.0,1,1,2,1,0,0,3,0,0.1,22,5,22.7,1.05,0.24,0.05,0.2,73,61.7,16,5,18.0,1.23,29,35,-6,-0.29,-0.44,0,15,37,0,92,26,28,0.04766949152542373,0.04766949152542373,1.048728813559322,0.23834745762711862,1.2394067796610169,1.3347457627118644,4.385593220338984
Dávid Hancko,sk SVK,DF,Atlético Madrid,es La Liga,28.0,26,23,2117,23.5,0,2,2,0,0,0,2,0,0.09,19,5,26.3,0.81,0.21,0.0,0.0,81,71.3,21,3,25.0,1.96,44,25,19,0.81,0.81,0,15,4,2,29,18,26,0.0,0.08502598016060463,0.807746811525744,0.21256495040151158,0.7652338214454416,1.10533774208786,1.2328767123287672
Hákon Haraldsson,is ISL,MF,Lille,fr Ligue 1,23.0,29,26,2201,24.5,7,2,9,7,0,0,5,0,0.37,44,14,31.8,1.8,0.57,0.16,0.5,76,78.9,8,3,22.0,1.86,40,24,16,0.65,0.65,0,25,36,0,67,11,12,0.2862335302135393,0.0817810086324398,1.7991821899136755,0.5724670604270786,0.4497955474784189,0.4906860517946388,2.739663789186733
Quilindschy Hartman,nl NED,DF,Burnley,eng Premier League,24.0,20,20,1761,19.6,0,5,5,0,0,0,1,0,0.26,9,3,33.3,0.46,0.15,0.0,0.0,88,57.5,16,0,0.0,0.55,18,37,-19,-0.97,0.07,0,12,3,1,74,29,31,0.0,0.2555366269165247,0.45996592844974443,0.15332197614991483,1.482112436115843,1.584327086882453,3.7819420783645654
Haissem Hassan,eg EGY,"MF,FW",Oviedo,es La Liga,24.0,32,18,1714,19.0,0,3,3,0,0,0,1,0,0.16,30,7,23.3,1.58,0.37,0.0,0.0,54,57.7,3,14,30.0,0.84,11,29,-18,-0.95,-0.44,0,10,15,3,102,6,23,0.0,0.15752625437572929,1.5752625437572927,0.367561260210035,0.31505250875145857,1.207701283547258,5.3558926487747955
Jorrel Hato,nl NED,DF,Chelsea,eng Premier League,20.0,19,9,917,10.2,0,0,0,0,0,0,5,0,0.0,4,0,0.0,0.39,0.0,0.0,0.0,48,30.0,5,10,23.0,1.32,10,23,-13,-1.28,-2.16,0,14,2,0,7,11,17,0.0,0.0,0.3925845147219193,0.0,1.0796074154852782,1.668484187568157,0.6870229007633587
Jan Paul van Hecke,nl NED,DF,Brighton,eng Premier League,25.0,32,32,2850,31.7,3,3,6,3,0,0,8,0,0.19,22,10,45.5,0.69,0.32,0.14,0.3,89,93.1,31,0,0.0,1.53,48,37,11,0.35,1.2,0,25,37,4,21,36,27,0.09473684210526316,0.09473684210526316,0.6947368421052632,0.3157894736842105,1.1368421052631579,0.8526315789473685,0.6631578947368421
Hwang Hee-chan,kr KOR,"FW,MF",Wolves,eng Premier League,30.0,23,15,1191,13.2,2,1,3,1,1,1,3,0,0.15,16,6,37.5,1.21,0.45,0.06,0.17,52,38.9,0,8,17.0,0.35,8,24,-16,-1.21,-0.15,0,25,15,7,18,7,4,0.15113350125944583,0.07556675062972291,1.2090680100755666,0.4534005037783375,0.5289672544080605,0.30226700251889166,1.3602015113350125
Torbjørn Heggem,no NOR,DF,Bologna,it Serie A,27.0,24,22,2004,22.3,0,0,0,0,0,0,0,1,0.0,11,2,18.2,0.49,0.09,0.0,0.0,84,65.5,19,2,34.0,1.17,29,30,-1,-0.04,-0.22,0,31,12,0,1,24,16,0.0,0.0,0.4940119760479042,0.08982035928143711,1.0778443113772456,0.7185628742514969,0.044910179640718556
Gauthier Hein,fr FRA,"MF,FW",Metz,fr Ligue 1,29.0,26,23,2081,23.1,8,6,14,3,5,5,3,1,0.39,38,12,31.6,1.64,0.52,0.08,0.25,80,74.6,16,3,29.0,0.46,27,56,-29,-1.25,0.02,1,15,15,3,119,7,9,0.34598750600672756,0.25949062950504564,1.6434406535319557,0.5189812590100913,0.3027390677558866,0.38923594425756847,5.146564151850073
Jordan Henderson,eng ENG,MF,Brentford,eng Premier League,35.0,29,21,1820,20.2,1,3,4,1,0,0,4,0,0.2,6,1,16.7,0.3,0.05,0.17,1.0,63,59.5,10,8,18.0,1.48,27,26,1,0.05,-0.1,0,13,7,1,44,16,13,0.04945054945054945,0.14835164835164835,0.2967032967032967,0.04945054945054945,0.7912087912087912,0.6428571428571428,2.175824175824176
Ramon Hendriks,nl NED,DF,Stuttgart,de Bundesliga,24.0,28,19,1755,19.5,0,2,2,0,0,0,3,0,0.1,4,0,0.0,0.21,0.0,0.0,0.0,63,62.9,14,9,14.0,1.79,42,32,10,0.51,-0.36,0,13,20,0,19,21,12,0.0,0.10256410256410256,0.20512820512820512,0.0,1.076923076923077,0.6153846153846154,0.9743589743589743
Luis Henrique,br BRA,MF,Inter,it Serie A,24.0,27,17,1469,16.3,1,2,3,1,0,0,1,0,0.18,15,7,46.7,0.92,0.43,0.07,0.14,54,48.0,7,10,21.0,2.56,31,13,18,1.1,-0.65,0,5,0,1,39,7,15,0.06126616746085772,0.12253233492171545,0.9189925119128659,0.4288631722260041,0.4288631722260041,0.9189925119128659,2.3893805309734515
Rico Henry,jm JAM,DF,Brentford,eng Premier League,28.0,25,14,1328,14.8,0,1,1,0,0,0,2,0,0.07,5,0,0.0,0.34,0.0,0.0,0.0,53,43.4,6,11,19.0,1.64,28,22,6,0.41,0.56,0,15,17,2,26,7,11,0.0,0.06777108433734941,0.338855421686747,0.0,0.47439759036144574,0.7454819277108434,1.7620481927710845
Mario Hermoso,es ESP,DF,Roma,it Serie A,30.0,23,21,1771,19.7,2,1,3,2,0,0,7,0,0.15,15,5,33.3,0.76,0.25,0.13,0.4,77,57.9,12,2,39.0,1.74,23,16,7,0.36,-0.48,0,34,18,0,9,27,17,0.10163749294184077,0.050818746470920384,0.7622811970638057,0.2540937323546019,1.3721061547148505,0.8639186900056465,0.4573687182382834
Lucas Hernández,fr FRA,DF,Paris Saint-Germain,fr Ligue 1,30.0,22,17,1507,16.7,0,2,2,0,0,0,3,0,0.12,7,2,28.6,0.42,0.12,0.0,0.0,69,55.8,13,5,18.0,2.55,39,11,28,1.67,0.54,0,19,17,0,12,18,10,0.0,0.11944260119442601,0.418049104180491,0.11944260119442601,1.0749834107498342,0.5972130059721301,0.7166556071665562
Jorge Herrando,es ESP,DF,Osasuna,es La Liga,25.0,27,16,1533,17.0,0,1,1,0,0,0,3,0,0.06,3,0,0.0,0.18,0.0,0.0,0.0,57,51.6,9,11,23.0,1.22,17,25,-8,-0.47,-0.91,0,23,9,0,2,22,14,0.0,0.05870841487279843,0.1761252446183953,0.0,1.2915851272015655,0.821917808219178,0.11741682974559686
Santiago Hidalgo,ar ARG,"MF,FW",Toulouse,fr Ligue 1,21.0,26,12,1148,12.8,4,5,9,4,0,0,4,0,0.71,28,10,35.7,2.2,0.78,0.14,0.4,44,41.1,3,14,20.0,1.35,25,13,12,0.94,1.65,0,36,29,7,10,8,14,0.313588850174216,0.39198606271777003,2.1951219512195124,0.7839721254355401,0.627177700348432,1.0975609756097562,0.7839721254355401
Isak Hien,se SWE,DF,Atalanta,it Serie A,27.0,25,18,1756,19.5,1,0,1,1,0,0,4,0,0.05,8,3,37.5,0.41,0.15,0.13,0.33,70,57.4,16,7,29.0,1.56,24,21,3,0.15,-0.67,0,34,15,0,0,22,31,0.05125284738041002,0.0,0.41002277904328016,0.15375854214123008,1.1275626423690204,1.5888382687927107,0.0
Omar El Hilali,ma MAR,DF,Espanyol,es La Liga,22.0,31,28,2454,27.3,0,2,2,0,0,0,7,0,0.07,1,0,0.0,0.04,0.0,0.0,0.0,79,82.6,22,3,14.0,1.26,29,41,-12,-0.44,-0.44,0,36,22,2,52,33,47,0.0,0.07334963325183373,0.036674816625916866,0.0,1.2102689486552567,1.7237163814180931,1.9070904645476774
James Hill,eng ENG,DF,Bournemouth,eng Premier League,24.0,25,18,1746,19.4,0,3,3,0,0,0,3,0,0.15,11,2,18.2,0.57,0.1,0.0,0.0,70,57.1,16,7,23.0,1.72,28,22,6,0.31,0.72,0,11,12,1,11,32,17,0.0,0.15463917525773196,0.5670103092783505,0.10309278350515465,1.6494845360824744,0.8762886597938144,0.5670103092783505
Piero Hincapié,ec ECU,DF,Arsenal,eng Premier League,24.0,23,19,1683,18.7,1,2,3,1,0,0,2,0,0.16,2,1,50.0,0.11,0.05,0.5,1.0,73,55.0,14,4,17.0,2.26,39,18,21,1.12,0.01,0,18,14,1,31,24,25,0.05347593582887701,0.10695187165775402,0.10695187165775402,0.05347593582887701,1.2834224598930482,1.3368983957219251,1.6577540106951871
Jack Hinshelwood,eng ENG,MF,Brighton,eng Premier League,21.0,23,16,1413,15.7,2,3,5,2,0,0,0,0,0.32,28,10,35.7,1.78,0.64,0.07,0.2,61,46.2,4,7,32.0,1.43,19,18,1,0.06,-0.37,0,32,9,2,7,6,11,0.12738853503184713,0.19108280254777069,1.78343949044586,0.6369426751592356,0.38216560509554137,0.7006369426751592,0.445859872611465
Jonas Hofmann,de GER,MF,Leverkusen,de Bundesliga,33.0,22,11,984,10.9,2,2,4,2,0,0,3,0,0.37,22,7,31.8,2.01,0.64,0.09,0.29,45,35.3,3,11,18.0,1.68,20,10,10,0.91,0.42,0,4,9,2,36,2,10,0.1829268292682927,0.1829268292682927,2.0121951219512195,0.6402439024390244,0.1829268292682927,0.9146341463414633,3.292682926829268
Lucas Höler,de GER,"FW,MF",Freiburg,de Bundesliga,31.0,30,23,1871,20.8,3,1,4,3,0,0,3,0,0.19,31,15,48.4,1.49,0.72,0.1,0.2,62,67.1,9,7,11.0,1.33,25,39,-14,-0.67,-1.26,0,29,28,10,8,11,11,0.14430785676109034,0.04810261892036344,1.4911811865312665,0.7215392838054515,0.5291288081239979,0.5291288081239979,0.3848209513629075
Franck Honorat,fr FRA,"MF,FW",Gladbach,de Bundesliga,29.0,25,22,1818,20.2,2,6,8,2,0,0,0,0,0.4,17,5,29.4,0.84,0.25,0.12,0.4,73,65.2,7,3,30.0,1.08,21,30,-9,-0.45,0.02,0,11,5,10,121,4,11,0.099009900990099,0.297029702970297,0.8415841584158416,0.24752475247524755,0.198019801980198,0.5445544554455445,5.99009900990099
Mathias Honsak,at AUT,"MF,FW",Heidenheim,de Bundesliga,29.0,25,15,1223,13.6,2,1,3,2,0,0,1,0,0.22,31,8,25.8,2.28,0.59,0.06,0.25,49,43.8,1,10,21.0,0.56,11,30,-19,-1.4,-0.71,0,11,15,9,25,16,12,0.1471790678659035,0.07358953393295176,2.2812755519215044,0.588716271463614,1.177432542927228,0.8830744071954211,1.839738348323794
Robin Hranáč,cz CZE,DF,Hoffenheim,de Bundesliga,26.0,28,26,2231,24.8,1,0,1,1,0,0,5,0,0.04,8,3,37.5,0.32,0.12,0.13,0.33,80,80.0,21,2,17.0,1.93,51,35,16,0.65,0.65,0,26,10,0,6,19,14,0.04034065441506051,0.0,0.3227252353204841,0.12102196324518152,0.7664724338861497,0.5647691618108471,0.24204392649036305
Callum Hudson-Odoi,eng ENG,MF,Nottingham Forest,eng Premier League,25.0,30,21,1841,20.5,3,4,7,3,0,0,0,0,0.34,30,10,33.3,1.47,0.49,0.1,0.3,61,60.2,4,9,31.0,1.0,21,26,-5,-0.24,-0.32,0,12,12,2,91,8,7,0.14665942422596415,0.1955458989679522,1.4665942422596414,0.48886474741988045,0.3910917979359044,0.34220532319391633,4.448669201520913
Will Hughes,eng ENG,MF,Crystal Palace,eng Premier League,31.0,29,17,1422,15.8,0,0,0,0,0,0,7,0,0.0,17,0,0.0,1.08,0.0,0.0,0.0,49,47.9,7,12,16.0,1.34,10,14,-4,-0.25,-0.31,0,21,21,0,40,14,15,0.0,0.0,1.0759493670886076,0.0,0.8860759493670887,0.9493670886075949,2.531645569620253
Dean Huijsen,es ESP,DF,Real Madrid,es La Liga,21.0,25,22,1833,20.4,2,2,4,2,0,0,7,1,0.2,19,5,26.3,0.93,0.25,0.11,0.4,73,61.7,14,3,25.0,2.32,45,17,28,1.37,0.66,0,20,12,1,1,17,18,0.09819967266775777,0.09819967266775777,0.9328968903436989,0.24549918166939444,0.8346972176759411,0.88379705400982,0.049099836333878884
Trai Hume,nir NIR,"DF,MF",Sunderland,eng Premier League,24.0,34,30,2708,30.1,1,1,2,1,0,0,9,0,0.07,30,6,20.0,1.0,0.2,0.03,0.17,80,88.5,24,4,22.0,1.35,30,39,-9,-0.3,-0.3,0,25,34,3,83,22,43,0.03323485967503693,0.03323485967503693,0.9970457902511077,0.19940915805022158,0.7311669128508124,1.4290989660265878,2.758493353028065
Bashir Humphreys,eng ENG,"DF,MF",Burnley,eng Premier League,23.0,17,15,1404,15.6,0,0,0,0,0,0,5,0,0.0,8,2,25.0,0.51,0.13,0.0,0.0,83,45.9,12,2,40.0,0.53,13,29,-16,-1.03,-0.05,0,13,8,2,16,10,16,0.0,0.0,0.5128205128205129,0.12820512820512822,0.6410256410256411,1.0256410256410258,1.0256410256410258
Omari Hutchinson,eng ENG,MF,Nottingham Forest,eng Premier League,22.0,27,15,1504,16.7,1,4,5,1,0,0,1,0,0.3,24,11,45.8,1.44,0.66,0.04,0.09,56,49.2,8,12,27.0,1.19,22,19,3,0.18,0.58,0,20,23,6,124,9,8,0.05984042553191489,0.23936170212765956,1.4361702127659572,0.6582446808510638,0.538563829787234,0.4787234042553191,7.420212765957446
Lucas Høgsberg,dk DEN,DF,Strasbourg,fr Ligue 1,19.0,20,18,1522,16.9,0,0,0,0,0,0,4,1,0.0,4,1,25.0,0.24,0.06,0.0,0.0,76,56.4,10,2,24.0,1.45,24,27,-3,-0.18,-1.17,1,14,12,1,0,10,7,0.0,0.0,0.23653088042049936,0.05913272010512484,0.5913272010512484,0.41392904073587383,0.0
Pierre Højbjerg,dk DEN,MF,Marseille,fr Ligue 1,30.0,29,27,2451,27.2,3,4,7,3,0,0,3,0,0.26,42,13,31.0,1.54,0.48,0.07,0.23,85,87.8,23,2,24.0,1.72,50,37,13,0.48,-0.85,0,32,39,0,10,24,20,0.11015911872705017,0.14687882496940025,1.5422276621787023,0.4773561811505508,0.8812729498164014,0.7343941248470013,0.36719706242350064
Oscar Højlund,dk DEN,MF,Eintracht Frankfurt,de Bundesliga,21.0,23,11,1029,11.4,1,1,2,1,0,0,3,1,0.17,7,3,42.9,0.61,0.26,0.14,0.33,45,36.9,0,12,20.0,1.26,14,21,-7,-0.61,-0.87,1,25,5,1,2,7,17,0.08746355685131195,0.08746355685131195,0.6122448979591837,0.26239067055393583,0.6122448979591837,1.4868804664723032,0.1749271137026239
Rasmus Højlund,dk DEN,FW,Napoli,it Serie A,23.0,29,28,2390,26.6,10,3,13,9,1,1,1,0,0.45,55,22,40.0,2.07,0.83,0.16,0.41,82,78.1,15,1,30.0,1.97,44,28,16,0.6,0.2,0,33,47,11,3,0,1,0.37656903765690375,0.11297071129707113,2.071129707112971,0.8284518828451883,0.0,0.03765690376569038,0.11297071129707113
Pablo Ibáñez,es ESP,MF,Alavés,es La Liga,27.0,32,25,2008,22.3,1,1,2,1,0,0,5,0,0.09,45,12,26.7,2.02,0.54,0.02,0.08,63,67.6,6,7,27.0,1.13,20,31,-11,-0.49,-0.49,0,35,58,2,35,20,29,0.044820717131474105,0.044820717131474105,2.016932270916335,0.5378486055776892,0.896414342629482,1.299800796812749,1.5687250996015936
Arijon Ibrahimović,de GER,MF,Heidenheim,de Bundesliga,20.0,29,22,1950,21.7,1,2,3,0,1,1,2,0,0.09,42,17,40.5,1.94,0.78,0.0,0.0,67,69.9,10,7,30.0,0.72,23,44,-21,-0.97,0.1,0,12,25,5,116,20,15,0.046153846153846156,0.09230769230769231,1.9384615384615385,0.7846153846153846,0.9230769230769231,0.6923076923076923,5.3538461538461535
Jay Idzes,id IDN,DF,Sassuolo,it Serie A,25.0,33,33,2969,33.0,0,0,0,0,0,0,2,0,0.0,5,0,0.0,0.15,0.0,0.0,0.0,90,97.0,32,0,0.0,1.39,41,42,-1,-0.03,1.95,0,32,13,1,1,37,15,0.0,0.0,0.15156618390030313,0.0,1.1215897608622432,0.4546985517009094,0.030313236780060628
Iglesias,es ESP,DF,Getafe,es La Liga,27.0,32,31,2740,30.4,1,2,3,1,0,0,4,0,0.1,23,5,21.7,0.76,0.16,0.04,0.2,86,92.3,27,1,24.0,1.38,24,30,-6,-0.2,-0.2,0,58,55,1,84,25,65,0.03284671532846715,0.0656934306569343,0.7554744525547445,0.16423357664233576,0.8211678832116788,2.1350364963503647,2.759124087591241
Borja Iglesias,es ESP,FW,Celta Vigo,es La Liga,33.0,30,18,1657,18.4,12,2,14,8,4,4,7,0,0.54,42,23,54.8,2.28,1.25,0.19,0.35,55,55.8,4,12,24.0,1.23,28,24,4,0.22,0.35,0,33,25,20,3,0,4,0.6517803258901629,0.10863005431502716,2.2812311406155703,1.2492456246228123,0.0,0.21726010863005432,0.16294508147254072
Jonathan Ikone,fr FRA,"MF,FW",Paris FC,fr Ligue 1,27.0,20,11,944,10.5,3,0,3,3,0,0,2,0,0.29,21,6,28.6,2.0,0.57,0.14,0.5,47,33.8,1,9,23.0,1.15,12,10,2,0.19,0.63,0,11,15,2,6,5,11,0.2860169491525424,0.0,2.0021186440677967,0.5720338983050848,0.47669491525423724,1.048728813559322,0.5720338983050848
Andrej Ilic,rs SRB,FW,Union Berlin,de Bundesliga,26.0,29,22,2049,22.8,2,9,11,2,0,1,5,0,0.48,61,19,31.1,2.68,0.83,0.03,0.11,71,73.4,16,7,29.0,1.07,29,44,-15,-0.66,-0.05,0,35,30,15,17,1,2,0.08784773060029283,0.3953147877013177,2.679355783308931,0.8345534407027819,0.043923865300146414,0.08784773060029283,0.746705710102489
Tim Iroegbunam,eng ENG,MF,Everton,eng Premier League,22.0,25,13,1153,12.8,0,2,2,0,0,0,8,0,0.16,11,1,9.1,0.86,0.08,0.0,0.0,46,37.7,5,12,12.0,1.44,13,12,1,0.08,0.13,0,22,19,0,3,19,37,0.0,0.15611448395490027,0.8586296617519515,0.07805724197745013,1.4830875975715525,2.8881179531656547,0.2341717259323504
Jackson Irvine,au AUS,MF,St Pauli,de Bundesliga,33.0,21,15,1362,15.1,0,0,0,0,0,0,2,1,0.0,16,3,18.8,1.06,0.2,0.0,0.0,65,48.8,10,6,16.0,0.9,14,17,-3,-0.2,1.31,1,16,12,1,10,26,13,0.0,0.0,1.0572687224669604,0.19823788546255508,1.7180616740088106,0.8590308370044053,0.6607929515418502
Gustav Isaksen,dk DEN,FW,Lazio,it Serie A,25.0,27,17,1458,16.2,4,1,5,4,0,0,0,0,0.31,42,16,38.1,2.59,0.99,0.1,0.25,54,47.6,0,10,26.0,1.3,14,17,-3,-0.19,-0.58,0,17,52,0,29,7,8,0.24691358024691357,0.06172839506172839,2.5925925925925926,0.9876543209876543,0.4320987654320988,0.49382716049382713,1.7901234567901236
Wilson Isidor,ht HAI,FW,Sunderland,eng Premier League,25.0,29,11,1102,12.2,5,0,5,5,0,0,1,0,0.41,40,16,40.0,3.27,1.31,0.13,0.31,38,36.0,0,18,18.0,1.34,16,17,-1,-0.08,0.29,0,14,5,10,0,1,6,0.40834845735027225,0.0,3.266787658802178,1.306715063520871,0.08166969147005444,0.4900181488203267,0.0
Ardian Ismajli,al ALB,DF,Torino,it Serie A,29.0,24,20,1816,20.2,0,1,1,0,0,0,5,0,0.05,6,4,66.7,0.3,0.2,0.0,0.0,76,59.3,16,4,29.0,1.42,26,26,0,0.0,1.23,0,21,17,1,8,35,13,0.0,0.04955947136563877,0.29735682819383263,0.19823788546255508,1.7345814977973568,0.644273127753304,0.39647577092511016
Alex Iwobi,ng NGA,MF,Fulham,eng Premier League,29.0,27,27,2263,25.1,4,3,7,4,0,0,3,0,0.28,31,12,38.7,1.23,0.48,0.13,0.33,84,74.0,11,0,0.0,1.26,33,39,-6,-0.24,-0.69,0,7,10,1,80,14,17,0.1590808661069377,0.11931064958020328,1.2328767123287672,0.4772425983208131,0.556783031374282,0.6760936809544852,3.181617322138754
Jérémy Jacquet,fr FRA,DF,Rennes,fr Ligue 1,20.0,19,19,1671,18.6,0,0,0,0,0,0,6,1,0.0,11,3,27.3,0.59,0.16,0.0,0.0,88,59.9,17,0,0.0,1.42,27,29,-2,-0.11,-1.23,1,20,17,1,0,22,17,0.0,0.0,0.59245960502693,0.16157989228007183,1.18491921005386,0.9156193895870736,0.0
Lee Jae-sung,kr KOR,"MF,FW",Mainz 05,de Bundesliga,33.0,26,26,2141,23.8,4,2,6,4,0,0,3,0,0.25,30,9,30.0,1.26,0.38,0.13,0.44,82,76.7,8,0,0.0,1.15,26,37,-11,-0.46,-0.6,0,18,21,9,31,23,20,0.1681457262961233,0.08407286314806164,1.2610929472209247,0.37832788416627744,0.966837926202709,0.8407286314806165,1.3031293787949556
Kristijan Jakić,hr CRO,"MF,DF",Augsburg,de Bundesliga,28.0,24,17,1537,17.1,1,1,2,1,0,0,4,0,0.12,17,5,29.4,1.0,0.29,0.06,0.2,64,55.1,10,7,31.0,1.0,20,26,-6,-0.35,0.37,0,16,17,2,4,14,23,0.058555627846454135,0.058555627846454135,0.9954456733897201,0.29277813923227064,0.8197787898503579,1.346779440468445,0.23422251138581654
Reece James,eng ENG,"DF,MF",Chelsea,eng Premier League,26.0,27,20,1896,21.1,2,4,6,2,0,0,4,0,0.28,21,6,28.6,1.0,0.28,0.1,0.33,70,62.0,15,7,25.0,1.63,32,20,12,0.57,0.88,0,26,20,1,123,31,32,0.09493670886075949,0.18987341772151897,0.9968354430379747,0.2848101265822785,1.4715189873417722,1.5189873417721518,5.8386075949367084
Vitaly Janelt,de GER,MF,Brentford,eng Premier League,27.0,22,13,1261,14.0,1,4,5,1,0,0,7,0,0.36,12,3,25.0,0.86,0.21,0.08,0.33,57,41.2,10,9,20.0,1.5,24,16,8,0.57,0.82,0,17,12,0,53,26,16,0.07137192704203013,0.2854877081681205,0.8564631245043616,0.2141157811260904,1.8556701030927836,1.141950832672482,3.7827121332275975
Mikel Jauregizar,es ESP,MF,Athletic Club,es La Liga,22.0,31,30,2514,27.9,2,0,2,2,0,0,5,1,0.07,32,9,28.1,1.15,0.32,0.06,0.22,81,84.6,18,1,29.0,1.23,27,37,-10,-0.36,0.04,1,42,32,0,58,45,40,0.07159904534606205,0.0,1.1455847255369929,0.32219570405727926,1.6109785202863962,1.431980906921241,2.0763723150357993
Finn Jeltsch,de GER,DF,Stuttgart,de Bundesliga,19.0,22,17,1507,16.7,0,1,1,0,0,0,3,0,0.06,3,0,0.0,0.18,0.0,0.0,0.0,69,54.0,14,5,14.0,1.95,37,22,15,0.9,0.55,0,13,16,3,3,19,14,0.0,0.059721300597213006,0.17916390179163905,0.0,1.1347047113470472,0.836098208360982,0.17916390179163905
Castrop Jens,kr KOR,MF,Gladbach,de Bundesliga,22.0,26,20,1584,17.6,3,1,4,3,0,0,2,2,0.23,30,12,40.0,1.7,0.68,0.1,0.25,61,56.8,4,6,17.0,1.0,21,31,-10,-0.57,-0.27,0,31,26,3,21,17,27,0.17045454545454547,0.05681818181818182,1.7045454545454546,0.6818181818181819,0.9659090909090908,1.534090909090909,1.1931818181818181
Mathias Jensen,dk DEN,MF,Brentford,eng Premier League,30.0,32,22,1923,21.4,3,1,4,3,0,0,3,0,0.19,26,8,30.8,1.22,0.37,0.12,0.38,60,62.8,11,10,13.0,1.5,30,27,3,0.14,0.14,0,17,11,2,110,17,20,0.14040561622464898,0.046801872074883,1.216848673946958,0.374414976599064,0.7956318252730109,0.9360374414976599,5.14820592823713
Oliver Jensen,dk DEN,MF,Parma,it Serie A,24.0,31,19,1784,19.8,1,1,2,1,0,0,2,0,0.1,14,3,21.4,0.71,0.15,0.07,0.33,58,58.3,9,12,25.0,1.23,13,27,-14,-0.71,-0.64,0,13,20,2,14,17,7,0.05044843049327354,0.05044843049327354,0.7062780269058296,0.15134529147982065,0.8576233183856502,0.3531390134529148,0.7062780269058296
Moritz Jenz,de GER,DF,Wolfsburg,de Bundesliga,26.0,21,20,1786,19.8,1,0,1,1,0,0,8,1,0.05,5,1,20.0,0.25,0.05,0.2,1.0,85,64.0,18,1,1.0,0.67,21,44,-23,-1.16,-0.98,1,31,7,0,1,12,22,0.05039193729003359,0.0,0.251959686450168,0.05039193729003359,0.604703247480403,1.108622620380739,0.05039193729003359
Igor Jesus,br BRA,FW,Nottingham Forest,eng Premier League,25.0,33,24,1998,22.2,5,4,9,5,0,0,1,0,0.41,60,15,25.0,2.7,0.68,0.08,0.33,61,65.3,4,9,24.0,1.18,30,32,-2,-0.09,0.08,0,37,35,11,9,2,14,0.22522522522522523,0.18018018018018017,2.7027027027027026,0.6756756756756757,0.09009009009009009,0.6306306306306306,0.40540540540540543
Juan Jesus,br BRA,DF,Napoli,it Serie A,34.0,23,19,1630,18.1,0,0,0,0,0,0,10,1,0.0,3,0,0.0,0.17,0.0,0.0,0.0,71,53.3,13,4,15.0,2.17,27,18,9,0.5,-0.13,1,39,2,0,1,26,20,0.0,0.0,0.1656441717791411,0.0,1.4355828220858897,1.1042944785276074,0.05521472392638037
Álex Jiménez,es ESP,"DF,MF",Bournemouth,eng Premier League,20.0,30,25,2227,24.7,1,0,1,1,0,0,10,0,0.04,20,4,20.0,0.81,0.16,0.05,0.25,74,72.8,11,5,29.0,1.43,38,38,0,0.0,0.0,0,33,19,0,46,27,44,0.04041311180960934,0.0,0.8082622361921868,0.16165244723843736,1.0911540188594522,1.778176919622811,1.8590031432420298
Raúl Jiménez,mx MEX,FW,Fulham,eng Premier League,34.0,33,26,2074,23.0,9,3,12,5,4,4,5,0,0.35,67,18,26.9,2.91,0.78,0.07,0.28,63,67.8,10,7,16.0,1.45,33,26,7,0.3,1.13,0,43,33,20,6,7,17,0.390549662487946,0.13018322082931535,2.9074252651880426,0.781099324975892,0.30376084860173574,0.7377049180327869,0.2603664416586307
João Pedro,br BRA,"FW,MF",Chelsea,eng Premier League,24.0,32,28,2391,26.6,14,5,19,14,0,0,4,0,0.72,66,27,40.9,2.48,1.02,0.21,0.52,75,78.1,11,4,31.0,1.5,45,30,15,0.56,1.51,0,32,48,15,14,5,15,0.5269761606022585,0.18820577164366376,2.484316185696361,1.0163111668757843,0.18820577164366376,0.5646173149309912,0.5269761606022585
Joelinton,br BRA,MF,Newcastle United,eng Premier League,29.0,25,21,1771,19.7,2,1,3,2,0,0,10,0,0.15,28,10,35.7,1.42,0.51,0.07,0.2,71,57.9,11,4,24.0,1.44,30,25,5,0.25,0.88,0,39,27,1,10,26,18,0.10163749294184077,0.050818746470920384,1.4229249011857708,0.5081874647092038,1.32128740824393,0.9147374364765668,0.5081874647092038
Ísak Jóhannesson,is ISL,MF,Köln,de Bundesliga,23.0,29,20,1697,18.9,1,2,3,1,0,0,5,0,0.16,13,4,30.8,0.69,0.21,0.08,0.25,59,60.8,7,9,22.0,1.03,24,35,-11,-0.58,-0.83,0,13,5,2,63,8,15,0.05303476723629935,0.1060695344725987,0.6894519740718916,0.2121390689451974,0.4242781378903948,0.7955215085444903,3.3411903358868593
Curtis Jones,eng ENG,"MF,DF",Liverpool,eng Premier League,25.0,30,14,1577,17.5,0,2,2,0,0,0,1,0,0.11,19,6,31.6,1.08,0.34,0.0,0.0,53,51.5,5,16,28.0,1.6,32,29,3,0.17,-0.44,0,14,23,0,9,14,18,0.0,0.11414077362079898,1.0843373493975905,0.34242232086239693,0.7989854153455929,1.0272669625871909,0.5136334812935954
Frenkie de Jong,nl NED,MF,Barcelona,es La Liga,28.0,22,16,1551,17.2,1,5,6,1,0,0,4,1,0.35,7,2,28.6,0.41,0.12,0.14,0.5,71,52.2,13,6,24.0,2.36,41,17,24,1.39,-0.7,1,10,24,2,4,17,17,0.058027079303675046,0.2901353965183752,0.4061895551257253,0.11605415860735009,0.9864603481624757,0.9864603481624757,0.23210831721470018
Mateo Joseph,es ESP,"MF,FW",Mallorca,es La Liga,22.0,29,19,1699,18.9,2,3,5,2,0,0,2,0,0.26,33,14,42.4,1.75,0.74,0.06,0.14,59,57.2,4,10,25.0,1.03,24,29,-5,-0.26,0.09,0,19,31,4,14,13,19,0.10594467333725721,0.15891701000588582,1.748087110064744,0.7416127133608005,0.6886403766921718,1.0064743967039433,0.7416127133608005
Abdulai Juma Bah,sl SLE,DF,Nice,fr Ligue 1,20.0,24,20,1778,19.8,0,0,0,0,0,0,6,0,0.0,6,1,16.7,0.3,0.05,0.0,0.0,74,63.7,18,4,17.0,1.04,19,39,-20,-1.01,-0.83,0,26,7,1,0,28,17,0.0,0.0,0.30371203599550056,0.05061867266591676,1.4173228346456692,0.8605174353205849,0.0
Eli Junior Kroupi,fr FRA,"MF,FW",Bournemouth,eng Premier League,19.0,29,17,1378,15.3,11,0,11,10,1,1,5,0,0.65,39,18,46.2,2.55,1.18,0.26,0.56,48,45.0,0,12,16.0,1.38,26,20,6,0.39,0.71,0,20,10,4,9,8,6,0.718432510885341,0.0,2.547169811320755,1.1756168359941945,0.5224963715529753,0.39187227866473145,0.5878084179970973
Vinicius Júnior,br BRA,"FW,MF",Real Madrid,es La Liga,25.0,32,28,2476,27.5,13,5,18,9,4,5,7,0,0.51,92,42,45.7,3.34,1.53,0.1,0.21,77,83.4,16,4,33.0,2.22,59,28,31,1.13,0.03,0,30,70,12,56,2,15,0.47253634894991925,0.18174474959612277,3.344103392568659,1.5266558966074315,0.07269789983844911,0.5452342487883683,2.035541195476575
James Justin,eng ENG,"DF,MF",Leeds United,eng Premier League,28.0,25,17,1541,17.1,2,1,3,2,0,0,4,0,0.18,20,5,25.0,1.17,0.29,0.1,0.4,62,50.4,13,8,12.0,1.36,22,21,1,0.06,0.53,0,11,24,2,32,24,28,0.11680726800778714,0.05840363400389357,1.1680726800778716,0.2920181700194679,1.401687216093446,1.6353017521090203,1.8689162881245942
Ferran Jutglà,es ESP,"FW,MF",Celta Vigo,es La Liga,27.0,25,18,1401,15.6,7,2,9,7,0,0,4,0,0.58,42,23,54.8,2.7,1.48,0.17,0.3,56,47.2,2,7,22.0,1.2,20,20,0,0.0,-0.11,0,21,23,4,17,7,2,0.44967880085653106,0.1284796573875803,2.6980728051391862,1.4775160599571735,0.44967880085653106,0.1284796573875803,1.0920770877944326
Martijn Kaars,nl NED,FW,St Pauli,de Bundesliga,27.0,26,12,1142,12.7,3,0,3,2,1,1,2,0,0.16,20,9,45.0,1.58,0.71,0.1,0.22,44,40.9,1,14,24.0,0.77,8,22,-14,-1.1,-0.39,0,8,6,4,10,0,5,0.23642732049036777,0.0,1.5761821366024518,0.7092819614711033,0.0,0.39404553415061294,0.7880910683012259
Ozan Kabak,tr TUR,DF,Hoffenheim,de Bundesliga,26.0,22,15,1481,16.5,4,0,4,4,0,0,3,0,0.24,31,12,38.7,1.88,0.73,0.13,0.33,67,53.1,15,7,19.0,2.09,35,27,8,0.49,-0.06,0,18,7,0,1,23,16,0.24307900067521945,0.0,1.8838622552329507,0.7292370020256583,1.3977042538825117,0.9723160027008778,0.06076975016880486
Christian Kabasele,be BEL,DF,Udinese,it Serie A,35.0,27,25,2063,22.9,3,0,3,3,0,0,4,0,0.13,9,6,66.7,0.39,0.26,0.33,0.5,76,67.4,16,2,9.0,1.26,26,27,-1,-0.04,0.32,0,29,23,1,0,29,11,0.13087736306349976,0.0,0.39263208919049924,0.2617547261269995,1.2651478429471643,0.47988366456616577,0.0
Anton Kade,de GER,"MF,FW",Augsburg,de Bundesliga,22.0,25,15,1473,16.4,4,0,4,4,0,0,3,0,0.24,38,17,44.7,2.32,1.04,0.11,0.24,59,52.8,3,10,29.0,1.2,16,29,-13,-0.79,-0.59,0,20,16,9,22,11,11,0.24439918533604887,0.0,2.3217922606924644,1.0386965376782078,0.6720977596741344,0.6720977596741344,1.3441955193482689
Ferdi Kadioglu,tr TUR,"DF,MF",Brighton,eng Premier League,26.0,33,30,2773,30.8,1,0,1,1,0,0,6,0,0.03,26,12,46.2,0.84,0.39,0.04,0.08,84,90.6,26,3,38.0,1.42,42,34,8,0.26,-0.05,0,16,35,6,99,23,38,0.03245582401730977,0.0,0.8438514244500541,0.38946988820771733,0.7464839523981248,1.2333213126577713,3.2131265777136675
Arnaud Kalimuendo,fr FRA,"FW,MF",Eintracht Frankfurt,de Bundesliga,24.0,16,14,1206,13.4,6,1,7,6,0,0,3,0,0.52,30,16,53.3,2.24,1.19,0.2,0.38,75,43.2,9,2,30.0,1.13,22,24,-2,-0.15,-0.15,0,7,16,6,13,3,3,0.44776119402985076,0.0746268656716418,2.238805970149254,1.1940298507462688,0.22388059701492538,0.22388059701492538,0.9701492537313432
Pierre Kalulu,fr FRA,"DF,MF",Juventus,it Serie A,25.0,33,33,2921,32.5,2,4,6,2,0,0,3,1,0.18,12,4,33.3,0.37,0.12,0.17,0.5,89,95.5,32,0,0.0,1.94,56,25,31,0.96,2.9,1,31,11,0,79,24,31,0.06162273194111605,0.1232454638822321,0.36973639164669636,0.1232454638822321,0.7394727832933927,0.955152345087299,2.434097911674084
Daichi Kamada,jp JPN,MF,Crystal Palace,eng Premier League,29.0,23,18,1616,18.0,0,0,0,0,0,0,2,0,0.0,16,4,25.0,0.89,0.22,0.0,0.0,70,54.4,6,5,23.0,1.65,28,20,8,0.45,1.18,0,28,22,1,36,11,32,0.0,0.0,0.8910891089108911,0.22277227722772278,0.6126237623762376,1.7821782178217822,2.004950495049505
Boubacar Kamara,fr FRA,MF,Aston Villa,eng Premier League,26.0,18,17,1411,15.7,1,3,4,1,0,0,5,0,0.26,7,4,57.1,0.45,0.26,0.14,0.25,78,46.1,9,1,19.0,2.33,26,15,11,0.7,1.03,0,16,30,0,2,15,16,0.06378454996456415,0.1913536498936924,0.44649184975194894,0.2551381998582566,0.9567682494684621,1.0205527994330263,0.1275690999291283
Hassane Kamara,ci CIV,"MF,DF",Udinese,it Serie A,32.0,23,19,1603,17.8,0,1,1,0,0,0,4,0,0.06,16,5,31.3,0.9,0.28,0.0,0.0,70,52.4,8,4,25.0,1.26,22,25,-3,-0.17,-0.04,0,15,10,0,70,23,18,0.0,0.056144728633811605,0.8983156581409857,0.280723643169058,1.291328758577667,1.0106051154086089,3.930131004366812
Jakub Kamiński,pl POL,"MF,FW",Köln,de Bundesliga,23.0,31,31,2767,30.7,7,3,10,7,0,0,4,0,0.33,59,24,40.7,1.92,0.78,0.12,0.29,89,99.2,27,0,0.0,1.0,45,52,-7,-0.23,3.69,0,13,28,6,105,22,26,0.22768341163715214,0.09757860498735092,1.9190458980845682,0.7806288398988074,0.7155764365739068,0.845681243223708,3.415251174557282
Harry Kane,eng ENG,"FW,MF",Bayern Munich,de Bundesliga,32.0,28,23,2152,23.9,33,5,38,23,10,10,1,0,1.17,111,63,56.8,4.64,2.63,0.21,0.37,77,77.1,15,5,37.0,2.61,90,24,66,2.76,0.64,0,24,32,19,10,7,12,1.3801115241635689,0.20910780669144982,4.642193308550186,2.6347583643122676,0.29275092936802977,0.5018587360594795,0.41821561338289964
Lee Kang-in,kr KOR,"MF,FW",Paris Saint-Germain,fr Ligue 1,25.0,24,16,1344,14.9,3,4,7,3,0,0,3,0,0.47,34,13,38.2,2.28,0.87,0.09,0.23,56,49.8,5,8,26.0,2.21,35,12,23,1.54,0.21,0,18,19,2,86,1,7,0.20089285714285712,0.26785714285714285,2.2767857142857144,0.8705357142857143,0.06696428571428571,0.46875,5.758928571428571
Adam Karabec,cz CZE,"MF,FW",Lyon,fr Ligue 1,22.0,21,11,922,10.2,1,0,1,1,0,0,3,0,0.1,9,5,55.6,0.88,0.49,0.11,0.2,44,33.0,0,10,11.0,1.95,11,8,3,0.29,-0.33,0,14,20,3,80,1,3,0.09761388286334056,0.0,0.8785249457700651,0.4880694143167028,0.09761388286334056,0.2928416485900217,7.809110629067245
Atakan Karazor,tr TUR,MF,Stuttgart,de Bundesliga,29.0,27,21,1816,20.2,0,1,1,0,0,0,5,0,0.05,7,2,28.6,0.35,0.1,0.0,0.0,67,65.1,12,6,7.0,1.85,35,26,9,0.45,-0.57,0,19,31,1,7,12,27,0.0,0.04955947136563877,0.34691629955947134,0.09911894273127754,0.5947136563876653,1.3381057268722467,0.34691629955947134
Dermane Karim,tg TOG,MF,Lorient,fr Ligue 1,22.0,27,14,1261,14.0,1,2,3,1,0,0,3,0,0.21,15,2,13.3,1.07,0.14,0.07,0.5,47,45.2,2,13,19.0,1.37,16,25,-9,-0.64,-0.88,0,19,37,0,16,10,14,0.07137192704203013,0.14274385408406026,1.070578905630452,0.14274385408406026,0.7137192704203013,0.9992069785884219,1.141950832672482
Lennart Karl,de GER,MF,Bayern Munich,de Bundesliga,18.0,24,15,1206,13.4,5,4,9,5,0,0,1,0,0.67,39,20,51.3,2.91,1.49,0.13,0.25,50,43.2,4,9,22.0,2.54,47,13,34,2.54,-0.13,0,5,11,4,25,9,14,0.373134328358209,0.2985074626865672,2.9104477611940296,1.492537313432836,0.6716417910447761,1.044776119402985,1.8656716417910446
Jesper Karlström,se SWE,MF,Udinese,it Serie A,30.0,33,33,2908,32.3,1,0,1,1,0,0,5,0,0.03,18,2,11.1,0.56,0.06,0.06,0.5,88,95.0,27,0,0.0,1.3,37,43,-6,-0.19,-0.78,0,39,26,1,11,35,32,0.03094910591471802,0.0,0.5570839064649243,0.06189821182943604,1.0832187070151307,0.9903713892709767,0.3404401650618982
Michael Kayode,it ITA,DF,Brentford,eng Premier League,21.0,33,33,2898,32.2,1,1,2,1,0,0,6,0,0.06,9,3,33.3,0.28,0.09,0.11,0.33,88,94.7,27,0,0.0,1.45,48,43,5,0.16,1.27,0,22,45,1,53,38,44,0.031055900621118012,0.031055900621118012,0.2795031055900621,0.09316770186335405,1.1801242236024845,1.3664596273291927,1.6459627329192545
Moise Kean,it ITA,FW,Fiorentina,it Serie A,26.0,26,23,2036,22.6,8,1,9,6,2,2,4,0,0.31,98,27,27.6,4.33,1.19,0.06,0.22,78,66.5,15,3,19.0,0.92,24,32,-8,-0.35,-0.44,0,29,44,30,7,7,4,0.3536345776031434,0.04420432220039292,4.332023575638507,1.193516699410609,0.3094302554027505,0.1768172888015717,0.3094302554027505
Michael Keane,eng ENG,DF,Everton,eng Premier League,33.0,29,25,2231,24.8,3,0,3,3,0,0,0,1,0.12,21,6,28.6,0.85,0.24,0.14,0.5,77,72.9,23,4,4.0,1.24,25,33,-8,-0.32,-1.19,0,15,6,0,1,34,21,0.12102196324518152,0.0,0.8471537427162708,0.24204392649036305,1.3715822501120574,0.8471537427162708,0.04034065441506051
Ilan Kebbal,dz ALG,"MF,FW",Paris FC,fr Ligue 1,27.0,26,24,2089,23.2,9,4,13,6,3,4,7,0,0.43,47,19,40.4,2.02,0.82,0.13,0.32,80,74.9,14,2,21.0,1.15,30,38,-8,-0.34,-0.47,0,15,59,3,99,7,15,0.3877453326950694,0.1723312589755864,2.0248922929631403,0.8185734801340354,0.30157970320727623,0.646242221158449,4.265198659645764
Yassine Kechta,ma MAR,MF,Le Havre,fr Ligue 1,24.0,27,13,1232,13.7,2,1,3,2,0,0,3,0,0.22,20,8,40.0,1.46,0.58,0.1,0.25,46,44.2,1,14,20.0,1.04,16,22,-6,-0.44,-0.03,0,33,15,3,25,17,16,0.14610389610389612,0.07305194805194806,1.461038961038961,0.5844155844155845,1.2418831168831168,1.168831168831169,1.8262987012987013
Thilo Kehrer,de GER,DF,Monaco,fr Ligue 1,29.0,25,25,2164,24.0,0,0,0,0,0,0,8,2,0.0,15,1,6.7,0.62,0.04,0.0,0.0,87,77.6,22,0,0.0,1.76,44,33,11,0.46,1.03,1,25,26,2,5,29,35,0.0,0.0,0.6238447319778189,0.041589648798521256,1.2060998151571165,1.455637707948244,0.2079482439926063
Mandela Keita,be BEL,MF,Parma,it Serie A,23.0,33,32,2662,29.6,0,1,1,0,0,0,1,0,0.03,14,3,21.4,0.47,0.1,0.0,0.0,81,87.0,17,1,6.0,1.27,17,32,-15,-0.51,-0.51,0,28,54,0,2,41,43,0.0,0.033809166040571,0.473328324567994,0.10142749812171299,1.386175807663411,1.453794139744553,0.067618332081142
Lloyd Kelly,eng ENG,DF,Juventus,it Serie A,27.0,31,29,2657,29.5,1,1,2,1,0,0,4,0,0.07,13,2,15.4,0.44,0.07,0.08,0.5,86,86.8,28,2,30.0,1.84,51,26,25,0.85,0.18,0,38,16,3,9,14,30,0.03387278885961611,0.03387278885961611,0.44034625517500936,0.06774557771923222,0.4742190440346255,1.0161836657884833,0.304855099736545
Aljoscha Kemlein,de GER,MF,Union Berlin,de Bundesliga,21.0,27,20,1689,18.8,0,1,1,0,0,0,3,0,0.05,13,2,15.4,0.69,0.11,0.0,0.0,63,60.5,5,7,20.0,1.0,19,28,-9,-0.48,0.42,0,18,10,0,8,17,22,0.0,0.05328596802841918,0.6927175843694494,0.10657193605683836,0.9058614564831262,1.172291296625222,0.42628774422735344
Marc-Oliver Kempf,de GER,DF,Como,it Serie A,31.0,31,24,2065,22.9,4,0,4,4,0,0,3,0,0.17,18,6,33.3,0.78,0.26,0.22,0.67,67,67.5,20,7,18.0,1.84,41,19,22,0.96,0.14,0,25,17,0,0,11,8,0.17433414043583534,0.0,0.784503631961259,0.261501210653753,0.4794188861985472,0.3486682808716707,0.0
Milos Kerkez,hu HUN,DF,Liverpool,eng Premier League,22.0,30,25,2037,22.6,2,1,3,2,0,0,4,0,0.13,8,2,25.0,0.35,0.09,0.25,1.0,68,66.6,13,5,15.0,1.6,38,30,8,0.35,-0.09,0,19,23,4,75,13,26,0.08836524300441825,0.04418262150220913,0.353460972017673,0.08836524300441825,0.5743740795287187,1.1487481590574373,3.313696612665685
Kevin,br BRA,MF,Fulham,eng Premier League,23.0,23,8,908,10.1,1,1,2,1,0,0,1,0,0.2,22,9,40.9,2.18,0.89,0.05,0.11,39,29.7,0,15,24.0,1.39,12,14,-2,-0.2,-0.2,0,12,15,2,40,9,8,0.09911894273127754,0.09911894273127754,2.180616740088106,0.8920704845814978,0.8920704845814978,0.7929515418502203,3.9647577092511015
Bilal El Khannouss,ma MAR,"MF,FW",Stuttgart,de Bundesliga,21.0,23,18,1542,17.1,4,5,9,4,0,0,5,0,0.53,40,15,37.5,2.33,0.88,0.1,0.27,67,55.3,7,5,18.0,1.83,31,27,4,0.23,-0.92,0,17,9,1,64,10,21,0.23346303501945526,0.2918287937743191,2.3346303501945527,0.8754863813229572,0.5836575875486382,1.2256809338521402,3.735408560311284
Rani Khedira,tn TUN,MF,Union Berlin,de Bundesliga,32.0,30,30,2653,29.5,5,1,6,5,0,0,7,0,0.2,22,10,45.5,0.75,0.34,0.23,0.5,88,95.1,26,0,0.0,1.07,32,50,-18,-0.61,0.7,0,47,18,2,23,37,35,0.16961929890689786,0.03392385978137957,0.7463249151903505,0.33923859781379573,1.2551828119110442,1.187335092348285,0.7802487749717302
Abdukodir Khusanov,uz UZB,DF,Manchester City,eng Premier League,22.0,18,12,1162,12.9,0,0,0,0,0,0,2,0,0.0,4,1,25.0,0.31,0.08,0.0,0.0,65,39.1,9,6,27.0,2.0,18,9,9,0.7,-0.7,0,12,5,0,2,26,17,0.0,0.0,0.3098106712564544,0.0774526678141136,2.0137693631669533,1.3166953528399312,0.1549053356282272
Kialonda,ao ANG,DF,Lecce,it Serie A,28.0,22,21,1828,20.3,0,0,0,0,0,0,6,1,0.0,9,1,11.1,0.44,0.05,0.0,0.0,83,59.7,19,1,26.0,1.05,17,25,-8,-0.39,0.77,0,12,22,2,1,19,9,0.0,0.0,0.4431072210065646,0.04923413566739606,0.9354485776805251,0.4431072210065646,0.04923413566739606
Kiké,es ESP,FW,Espanyol,es La Liga,36.0,32,16,1614,17.9,6,1,7,5,1,2,3,0,0.33,56,25,44.6,3.12,1.39,0.09,0.2,50,54.3,5,16,25.0,1.13,25,24,1,0.06,0.92,0,30,42,24,16,3,8,0.33457249070631967,0.055762081784386616,3.122676579925651,1.3940520446096656,0.16728624535315983,0.44609665427509293,0.8921933085501859
Semih Kılıçsoy,tr TUR,FW,Cagliari,it Serie A,20.0,22,11,975,10.8,4,0,4,4,0,0,1,0,0.37,17,8,47.1,1.57,0.74,0.24,0.5,44,31.9,1,11,16.0,1.05,10,15,-5,-0.46,-0.12,0,14,15,2,1,1,4,0.36923076923076925,0.0,1.5692307692307692,0.7384615384615385,0.09230769230769231,0.36923076923076925,0.09230769230769231
Max Kilman,eng ENG,DF,West Ham United,eng Premier League,28.0,21,17,1561,17.3,0,0,0,0,0,0,4,0,0.0,7,1,14.3,0.4,0.06,0.0,0.0,74,51.0,17,4,8.0,0.95,18,37,-19,-1.1,-1.28,0,16,2,0,2,6,8,0.0,0.0,0.40358744394618834,0.05765534913516976,0.3459320948110186,0.46124279308135807,0.11531069827033952
Joshua Kimmich,de GER,MF,Bayern Munich,de Bundesliga,31.0,26,22,2055,22.8,2,6,8,2,0,0,4,0,0.35,25,10,40.0,1.09,0.44,0.08,0.2,79,73.7,17,4,34.0,2.58,81,23,58,2.54,-0.28,0,7,20,0,112,21,22,0.08759124087591241,0.2627737226277372,1.094890510948905,0.43795620437956206,0.9197080291970803,0.9635036496350364,4.905109489051095
Joshua King,eng ENG,MF,Fulham,eng Premier League,19.0,28,15,1223,13.6,1,2,3,1,0,0,3,0,0.22,24,10,41.7,1.77,0.74,0.04,0.1,44,40.0,0,13,19.0,1.43,13,18,-5,-0.37,-0.51,0,11,25,2,11,3,11,0.07358953393295176,0.1471790678659035,1.7661488143908421,0.7358953393295176,0.22076860179885527,0.8094848732624694,0.8094848732624694
Justin Kluivert,nl NED,MF,Bournemouth,eng Premier League,26.0,18,10,919,10.2,2,0,2,2,0,0,4,0,0.2,16,4,25.0,1.57,0.39,0.13,0.5,51,30.0,0,8,25.0,1.22,16,18,-2,-0.2,-0.28,0,15,9,1,40,4,7,0.19586507072905332,0.0,1.5669205658324266,0.39173014145810664,0.39173014145810664,0.6855277475516867,3.9173014145810665
Ansgar Knauff,de GER,"MF,FW",Eintracht Frankfurt,de Bundesliga,24.0,25,11,1157,12.9,4,1,5,4,0,0,3,0,0.39,32,13,40.6,2.49,1.01,0.13,0.31,46,41.5,1,14,24.0,1.4,25,23,2,0.16,0.38,0,23,11,5,34,9,10,0.3111495246326707,0.07778738115816768,2.4891961970613656,1.0112359550561798,0.700086430423509,0.7778738115816768,2.644770959377701
Robin Koch,de GER,DF,Eintracht Frankfurt,de Bundesliga,29.0,29,29,2563,28.5,3,1,4,3,0,0,3,1,0.14,14,5,35.7,0.49,0.18,0.21,0.6,88,91.9,27,0,0.0,1.48,52,53,-1,-0.04,0.36,1,29,9,0,2,41,21,0.10534529847834569,0.035115099492781895,0.49161139289894656,0.17557549746390946,1.4397190792040577,0.7374170893484199,0.07023019898556379
Christian Kofane,cm CMR,FW,Leverkusen,de Bundesliga,19.0,27,11,1161,12.9,5,3,8,5,0,0,3,0,0.62,45,19,42.2,3.49,1.47,0.11,0.26,43,41.6,2,16,21.0,1.7,29,15,14,1.09,0.75,0,28,14,3,0,2,7,0.3875968992248062,0.23255813953488372,3.488372093023256,1.4728682170542635,0.15503875968992248,0.5426356589147286,0.0
Derrick Köhn,gh GHA,"MF,DF",Union Berlin,de Bundesliga,27.0,28,21,1868,20.8,1,2,3,0,1,1,4,1,0.1,28,5,17.9,1.35,0.24,0.0,0.0,67,67.0,10,7,20.0,1.11,23,32,-9,-0.43,0.64,0,32,15,6,113,8,22,0.048179871520342615,0.09635974304068523,1.3490364025695931,0.24089935760171305,0.3854389721627409,1.0599571734475375,5.444325481798715
Dominik Kohr,de GER,DF,Mainz 05,de Bundesliga,32.0,26,26,2143,23.8,2,0,2,2,0,0,11,2,0.08,13,3,23.1,0.55,0.13,0.15,0.67,82,76.8,17,0,0.0,1.15,32,36,-4,-0.17,0.67,1,39,40,1,14,40,32,0.08399440037330845,0.0,0.5459636024265049,0.12599160055996267,1.6798880074661688,1.3439104059729352,0.5879608026131591
Koke,es ESP,MF,Atlético Madrid,es La Liga,34.0,29,20,1841,20.5,2,2,4,2,0,0,5,0,0.2,11,4,36.4,0.54,0.2,0.18,0.5,63,62.0,10,9,33.0,2.03,37,21,16,0.78,0.54,0,19,16,0,29,17,26,0.0977729494839761,0.0977729494839761,0.5377512221618685,0.1955458989679522,0.8310700706137969,1.2710483432916893,1.4177077675176535
Sead Kolašinac,ba BIH,DF,Atalanta,it Serie A,32.0,17,14,1119,12.4,0,0,0,0,0,0,3,0,0.0,3,0,0.0,0.24,0.0,0.0,0.0,66,36.6,3,3,38.0,1.76,20,14,6,0.48,0.07,0,19,10,0,3,10,18,0.0,0.0,0.24128686327077747,0.0,0.8042895442359249,1.447721179624665,0.24128686327077747
Randal Kolo Muani,fr FRA,"FW,MF",Tottenham Hotspur,eng Premier League,27.0,26,18,1422,15.8,1,1,2,1,0,0,2,0,0.13,17,3,17.6,1.08,0.19,0.06,0.33,55,46.5,3,8,26.0,0.73,14,28,-14,-0.89,-1.11,0,37,14,1,11,2,15,0.06329113924050633,0.06329113924050633,1.0759493670886076,0.18987341772151897,0.12658227848101267,0.9493670886075949,0.6962025316455697
Mert Kömür,de GER,"MF,FW",Augsburg,de Bundesliga,20.0,26,15,1332,14.8,2,3,5,2,0,0,1,0,0.34,37,13,35.1,2.5,0.88,0.05,0.15,51,47.7,6,11,19.0,1.23,18,25,-7,-0.47,0.08,0,24,17,2,56,7,12,0.13513513513513514,0.20270270270270271,2.5,0.8783783783783784,0.472972972972973,0.8108108108108109,3.783783783783784
Ibrahima Konaté,fr FRA,DF,Liverpool,eng Premier League,26.0,32,32,2750,30.6,1,0,1,1,0,0,6,0,0.03,10,3,30.0,0.33,0.1,0.1,0.33,86,89.9,25,0,0.0,1.78,49,36,13,0.43,0.43,0,31,37,0,3,26,30,0.03272727272727272,0.0,0.32727272727272727,0.09818181818181819,0.850909090909091,0.9818181818181819,0.09818181818181819
Ismaël Koné,ca CAN,MF,Sassuolo,it Serie A,23.0,31,30,2484,27.6,6,0,6,6,0,0,5,1,0.22,20,10,50.0,0.72,0.36,0.3,0.6,80,81.2,10,1,32.0,1.45,34,35,-1,-0.04,0.28,1,21,48,0,4,10,15,0.21739130434782608,0.0,0.7246376811594202,0.3623188405797101,0.3623188405797101,0.5434782608695652,0.14492753623188406
Manu Koné,fr FRA,MF,Roma,it Serie A,24.0,26,26,2300,25.6,2,2,4,2,0,0,2,0,0.16,21,5,23.8,0.82,0.2,0.1,0.4,88,75.2,24,0,0.0,1.81,34,19,15,0.59,0.11,0,44,48,2,1,19,26,0.0782608695652174,0.0782608695652174,0.8217391304347826,0.1956521739130435,0.7434782608695651,1.0173913043478262,0.0391304347826087
Ransford Königsdörffer,gh GHA,"FW,MF",Hamburger SV,de Bundesliga,24.0,31,27,2149,23.9,5,1,6,5,0,1,2,0,0.25,63,22,34.9,2.64,0.92,0.08,0.23,69,77.0,3,4,29.0,1.0,28,41,-13,-0.54,-0.12,0,23,30,28,20,5,4,0.20939972080037228,0.041879944160074456,2.6384364820846904,0.9213587715216379,0.20939972080037228,0.16751977664029782,0.8375988832014891
Ezri Konsa,eng ENG,DF,Aston Villa,eng Premier League,28.0,32,32,2855,31.7,0,0,0,0,0,0,0,1,0.0,11,2,18.2,0.35,0.06,0.0,0.0,89,93.3,31,0,0.0,1.78,46,40,6,0.19,0.63,0,11,35,0,5,22,7,0.0,0.0,0.34676007005253945,0.06304728546409807,0.6935201401050789,0.22066549912434325,0.1576182136602452
Teun Koopmeiners,nl NED,"DF,MF",Juventus,it Serie A,28.0,29,16,1660,18.4,0,0,0,0,0,0,5,0,0.0,28,7,25.0,1.52,0.38,0.0,0.0,57,54.2,10,13,24.0,1.76,24,20,4,0.22,-1.33,0,28,9,3,41,18,11,0.0,0.0,1.5180722891566265,0.3795180722891566,0.9759036144578314,0.5963855421686747,2.2228915662650603
Odilon Kossounou,ci CIV,DF,Atalanta,it Serie A,25.0,18,10,973,10.8,1,0,1,1,0,0,1,0,0.09,5,1,20.0,0.46,0.09,0.2,1.0,54,31.8,5,8,27.0,1.5,15,11,4,0.37,-0.1,0,16,3,1,2,10,14,0.09249743062692703,0.0,0.4624871531346351,0.09249743062692703,0.9249743062692702,1.2949640287769786,0.18499486125385406
Koffi Kouao,ci CIV,"DF,MF",Metz,fr Ligue 1,27.0,26,26,2201,24.5,2,1,3,2,0,0,10,0,0.12,23,10,43.5,0.94,0.41,0.09,0.2,85,78.9,18,0,0.0,0.58,21,47,-26,-1.06,0.92,0,32,33,3,57,28,45,0.0817810086324398,0.0408905043162199,0.9404815992730576,0.408905043162199,1.1449341208541572,1.8400726942298955,2.330758746024534
Arsène Kouassi,bf BFA,MF,Lorient,fr Ligue 1,21.0,28,27,2335,25.9,2,5,7,2,0,0,4,0,0.27,7,4,57.1,0.27,0.15,0.29,0.5,83,83.7,18,1,77.0,1.29,33,37,-4,-0.15,0.04,0,13,50,10,110,20,17,0.07708779443254818,0.19271948608137046,0.2698072805139186,0.15417558886509636,0.7708779443254818,0.6552462526766596,4.23982869379015
Konstantinos Koulierakis,gr GRE,DF,Wolfsburg,de Bundesliga,22.0,26,24,2213,24.6,2,1,3,2,0,0,5,0,0.12,23,10,43.5,0.94,0.41,0.09,0.2,85,79.3,24,2,27.0,0.96,34,51,-17,-0.69,0.56,0,25,11,0,17,33,23,0.08133755083596927,0.04066877541798464,0.9353818346136467,0.4066877541798463,1.342069588793493,0.9353818346136467,0.6913691821057388
Jules Koundé,fr FRA,DF,Barcelona,es La Liga,27.0,28,22,2081,23.1,1,3,4,1,0,0,5,0,0.17,13,3,23.1,0.56,0.13,0.08,0.33,74,70.1,18,6,26.0,2.5,62,20,42,1.82,0.3,0,22,22,2,35,28,24,0.043248438250840945,0.12974531475252282,0.5622296972609323,0.12974531475252282,1.2109562710235464,1.0379625180201826,1.5136953387794332
Andrej Kramarić,hr CRO,"MF,FW",Hoffenheim,de Bundesliga,34.0,31,23,1976,22.0,12,5,17,7,5,5,1,0,0.55,57,28,49.1,2.6,1.28,0.12,0.25,64,70.8,4,8,32.0,1.84,49,29,20,0.91,1.35,0,5,12,5,78,6,4,0.5465587044534413,0.22773279352226722,2.5961538461538463,1.2753036437246963,0.2732793522267207,0.18218623481781376,3.552631578947368
Jean-Philippe Krasso,ci CIV,FW,Paris FC,fr Ligue 1,28.0,25,12,1092,12.1,2,2,4,1,1,1,0,0,0.25,27,10,37.0,2.23,0.82,0.04,0.1,44,39.1,1,13,19.0,1.12,15,17,-2,-0.16,0.1,0,20,19,10,4,1,8,0.16483516483516483,0.16483516483516483,2.2252747252747254,0.8241758241758242,0.08241758241758242,0.6593406593406593,0.32967032967032966
Tom Krauß,de GER,"MF,DF",Köln,de Bundesliga,24.0,24,17,1633,18.1,0,1,1,0,0,0,4,0,0.06,9,2,22.2,0.5,0.11,0.0,0.0,68,58.5,7,7,29.0,1.13,21,28,-7,-0.39,-0.31,0,22,21,0,13,24,38,0.0,0.05511328842620943,0.49601959583588484,0.11022657685241886,1.3227189222290263,2.0943049601959585,0.7164727495407227
Ladislav Krejčí,cz CZE,"DF,MF",Wolves,eng Premier League,27.0,26,25,2201,24.5,2,1,3,2,0,0,5,1,0.12,19,10,52.6,0.78,0.41,0.11,0.2,85,71.9,20,1,48.0,0.54,18,43,-25,-1.02,0.34,1,32,7,0,13,30,16,0.0817810086324398,0.0408905043162199,0.776919582008178,0.408905043162199,1.226715129486597,0.6542480690595184,0.5315765561108587
Rasmus Kristensen,dk DEN,"DF,MF",Eintracht Frankfurt,de Bundesliga,28.0,20,18,1430,15.9,2,0,2,2,0,0,4,0,0.13,15,6,40.0,0.94,0.38,0.13,0.33,72,51.3,12,2,8.0,1.45,26,28,-2,-0.13,-0.13,0,22,10,3,32,18,33,0.1258741258741259,0.0,0.9440559440559441,0.3776223776223776,1.132867132867133,2.076923076923077,2.013986013986014
Thomas Kristensen,dk DEN,DF,Udinese,it Serie A,24.0,24,24,2144,23.8,2,0,2,2,0,0,4,0,0.08,9,4,44.4,0.38,0.17,0.22,0.5,89,70.1,22,0,0.0,1.33,29,29,0,0.0,0.49,0,23,7,1,4,24,15,0.08395522388059701,0.0,0.37779850746268656,0.16791044776119401,1.007462686567164,0.6296641791044776,0.16791044776119401
Nikola Krstović,me MNE,FW,Atalanta,it Serie A,26.0,30,15,1521,16.9,10,4,14,10,0,0,2,0,0.83,87,29,33.3,5.15,1.72,0.11,0.34,51,49.7,5,15,27.0,1.67,29,13,16,0.95,1.01,0,34,26,23,5,3,9,0.591715976331361,0.2366863905325444,5.14792899408284,1.7159763313609468,0.1775147928994083,0.5325443786982248,0.2958579881656805
Lukas Kübler,de GER,DF,Freiburg,de Bundesliga,33.0,20,18,1470,16.3,2,1,3,2,0,0,2,0,0.18,18,4,22.2,1.1,0.24,0.11,0.5,74,52.7,9,2,22.0,1.45,30,32,-2,-0.12,0.29,0,17,10,6,25,27,22,0.12244897959183673,0.061224489795918366,1.1020408163265305,0.24489795918367346,1.653061224489796,1.346938775510204,1.5306122448979593
Takefusa Kubo,jp JPN,MF,Real Sociedad,es La Liga,24.0,21,15,1361,15.1,2,4,6,2,0,0,2,0,0.4,26,12,46.2,1.72,0.79,0.08,0.17,65,45.8,4,6,31.0,1.05,16,20,-4,-0.26,-0.49,0,7,48,11,34,8,16,0.13225569434239529,0.26451138868479057,1.719324026451139,0.7935341660543718,0.5290227773695811,1.0580455547391623,2.24834680382072
Mohammed Kudus,gh GHA,"MF,FW",Tottenham Hotspur,eng Premier League,25.0,19,19,1535,17.1,2,5,7,2,0,0,3,0,0.41,26,9,34.6,1.52,0.53,0.08,0.22,81,50.2,8,0,0.0,1.37,22,20,2,0.12,0.83,0,23,15,10,122,3,17,0.11726384364820848,0.2931596091205212,1.52442996742671,0.5276872964169381,0.1758957654723127,0.996742671009772,7.153094462540716
Sael Kumbedi,fr FRA,"DF,MF",Wolfsburg,de Bundesliga,21.0,21,17,1535,17.1,0,5,5,0,0,0,2,0,0.29,4,0,0.0,0.23,0.0,0.0,0.0,73,55.0,10,4,24.0,0.81,26,42,-16,-0.94,-0.29,0,19,16,4,33,13,28,0.0,0.2931596091205212,0.23452768729641696,0.0,0.762214983713355,1.6416938110749184,1.9348534201954397
Khvicha Kvaratskhelia,ge GEO,FW,Paris Saint-Germain,fr Ligue 1,25.0,25,16,1321,14.7,7,4,11,6,1,1,1,0,0.68,63,28,44.4,4.29,1.91,0.1,0.21,53,48.9,3,9,26.0,2.24,28,11,17,1.16,-0.54,0,17,25,4,41,8,13,0.4769114307342922,0.27252081756245267,4.29220287660863,1.9076457229371688,0.5450416351249053,0.8856926570779713,2.79333838001514
Adrián de la Fuente,es ESP,DF,Levante,es La Liga,27.0,29,26,2366,26.3,2,1,3,1,1,2,5,0,0.08,32,7,21.9,1.22,0.27,0.03,0.14,82,79.7,25,3,17.0,1.0,26,41,-15,-0.57,-0.87,0,28,22,1,29,43,15,0.0760777683854607,0.03803888419273035,1.2172442941673711,0.2662721893491124,1.635672020287405,0.5705832628909552,1.10312764158918
Rémy Labeau Lascary,gp GLP,"MF,FW",Brest,fr Ligue 1,23.0,23,11,1063,11.8,5,1,6,5,0,0,2,0,0.51,28,14,50.0,2.37,1.19,0.18,0.36,46,39.4,3,12,24.0,1.52,18,18,0,0.0,0.33,0,25,15,8,11,4,9,0.4233301975540922,0.08466603951081844,2.3706491063029165,1.1853245531514582,0.33866415804327377,0.7619943555973658,0.9313264346190029
Maxence Lacroix,fr FRA,DF,Crystal Palace,eng Premier League,26.0,31,31,2755,30.6,1,2,3,1,0,0,3,1,0.1,23,6,26.1,0.75,0.2,0.04,0.17,89,92.8,30,0,0.0,1.19,32,36,-4,-0.13,-0.55,0,30,17,0,5,41,34,0.032667876588021776,0.06533575317604355,0.7513611615245008,0.1960072595281307,1.3393829401088928,1.1107078039927405,0.16333938294010888
Konrad Laimer,at AUT,DF,Bayern Munich,de Bundesliga,28.0,26,20,1814,20.2,3,8,11,3,0,0,7,0,0.55,17,8,47.1,0.84,0.4,0.18,0.38,70,65.0,11,6,33.0,2.77,79,16,63,3.13,1.47,0,25,8,3,35,17,22,0.14884233737596472,0.39691289966923926,0.8434399117971334,0.39691289966923926,0.8434399117971334,1.091510474090408,1.7364939360529217
Kenny Lala,mg MAD,DF,Brest,fr Ligue 1,34.0,29,28,2521,28.0,0,2,2,0,0,0,4,0,0.07,8,1,12.5,0.29,0.04,0.0,0.0,87,93.4,26,1,24.0,1.21,37,45,-8,-0.29,-1.29,0,14,21,0,92,25,24,0.0,0.07140023800079334,0.28560095200317337,0.03570011900039667,0.8925029750099167,0.85680285600952,3.284410948036493
Aymeric Laporte,es ESP,DF,Athletic Club,es La Liga,31.0,21,20,1743,19.4,0,1,1,0,0,0,2,0,0.05,14,5,35.7,0.72,0.26,0.0,0.0,83,58.7,17,1,27.0,1.29,19,30,-11,-0.57,-0.49,0,6,11,1,1,20,13,0.0,0.05163511187607572,0.7228915662650601,0.25817555938037867,1.0327022375215147,0.6712564543889845,0.05163511187607572
Hugo Larsson,se SWE,MF,Eintracht Frankfurt,de Bundesliga,21.0,24,20,1731,19.2,2,2,4,2,0,0,0,0,0.21,13,6,46.2,0.68,0.31,0.15,0.33,72,62.0,10,4,29.0,1.33,32,30,2,0.1,0.44,0,6,2,0,9,25,9,0.10398613518197573,0.10398613518197573,0.6759098786828424,0.3119584055459272,1.2998266897746968,0.46793760831889086,0.46793760831889086
Josh Laurent,eng ENG,"DF,MF",Burnley,eng Premier League,30.0,30,17,1679,18.7,1,0,1,1,0,0,7,1,0.05,14,4,28.6,0.75,0.21,0.07,0.25,56,54.9,9,13,21.0,0.67,17,38,-21,-1.13,-0.28,0,27,11,2,14,27,23,0.05360333531864205,0.0,0.7504466944609887,0.2144133412745682,1.4472900536033353,1.2328767123287672,0.7504466944609887
Armand Lauriente,fr FRA,FW,Sassuolo,it Serie A,27.0,34,29,2267,25.2,5,8,13,5,0,0,4,0,0.52,62,21,33.9,2.46,0.83,0.08,0.24,67,74.1,5,5,25.0,1.35,29,34,-5,-0.2,-0.43,0,36,34,18,103,7,9,0.19850022055580063,0.31760035288928096,2.4614027348919274,0.8337009263343627,0.27790030877812083,0.3573003970004411,4.089104543449493
Valentino Lazaro,at AUT,MF,Torino,it Serie A,30.0,29,24,2104,23.4,0,2,2,0,0,0,4,0,0.09,7,2,28.6,0.3,0.09,0.0,0.0,73,68.8,14,5,24.0,1.07,23,45,-22,-0.94,-1.41,0,36,9,1,120,22,25,0.0,0.08555133079847908,0.2994296577946768,0.08555133079847908,0.9410646387832698,1.0693916349809884,5.133079847908745
Manuel Lazzari,it ITA,DF,Lazio,it Serie A,32.0,20,9,903,10.0,0,0,0,0,0,0,2,0,0.0,4,2,50.0,0.4,0.2,0.0,0.0,45,29.5,2,11,22.0,1.25,12,10,2,0.2,0.12,0,9,18,0,15,6,7,0.0,0.0,0.39867109634551495,0.19933554817275748,0.5980066445182725,0.6976744186046512,1.495016611295681
Théo Le Bris,fr FRA,MF,Lorient,fr Ligue 1,23.0,28,22,1893,21.0,2,2,4,2,0,0,0,0,0.19,17,7,41.2,0.81,0.33,0.12,0.29,68,67.8,7,6,19.0,1.36,30,26,4,0.19,1.09,0,8,7,0,81,17,28,0.09508716323296355,0.09508716323296355,0.8082408874801902,0.33280507131537246,0.8082408874801902,1.3312202852614898,3.8510301109350236
Enzo Le Fée,fr FRA,"MF,FW",Sunderland,eng Premier League,26.0,32,29,2571,28.6,4,5,9,1,3,4,5,0,0.21,29,9,31.0,1.02,0.32,0.03,0.11,80,84.0,22,3,16.0,1.41,31,40,-9,-0.32,-0.32,0,28,33,4,82,26,48,0.14002333722287047,0.1750291715285881,1.015169194865811,0.31505250875145857,0.9101516919486581,1.6802800466744456,2.8704784130688443
Robin Le Normand,es ESP,DF,Atlético Madrid,es La Liga,29.0,24,15,1487,16.5,1,1,2,1,0,0,3,0,0.12,3,1,33.3,0.18,0.06,0.33,1.0,62,50.1,12,9,27.0,1.75,29,18,11,0.67,0.18,0,15,14,1,3,11,14,0.0605245460659045,0.0605245460659045,0.18157363819771352,0.0605245460659045,0.6657700067249496,0.8473436449226631,0.18157363819771352
Rafael Leão,pt POR,FW,Milan,it Serie A,26.0,26,21,1713,19.0,9,3,12,7,2,2,4,0,0.53,59,23,39.0,3.1,1.21,0.12,0.3,66,56.0,6,5,22.0,1.85,24,17,7,0.37,-0.57,0,18,33,9,17,4,2,0.47285464098073554,0.1576182136602452,3.0998248686514884,1.2084063047285465,0.21015761821366025,0.10507880910683012,0.8931698774080561
Pierre Lees-Melou,fr FRA,MF,Paris FC,fr Ligue 1,32.0,20,18,1610,17.9,1,2,3,1,0,0,7,1,0.17,25,6,24.0,1.4,0.34,0.04,0.17,81,57.7,13,2,18.0,1.35,25,23,2,0.11,0.8,1,26,21,0,12,16,31,0.055900621118012424,0.11180124223602485,1.3975155279503106,0.3354037267080745,0.8944099378881988,1.732919254658385,0.670807453416149
Jordan Lefort,mr MTN,DF,Angers,fr Ligue 1,32.0,31,31,2790,31.0,0,2,2,0,0,0,2,0,0.06,10,2,20.0,0.32,0.06,0.0,0.0,90,100.0,31,0,0.0,1.1,26,43,-17,-0.55,0.0,0,20,18,2,20,41,29,0.0,0.06451612903225806,0.3225806451612903,0.06451612903225806,1.3225806451612903,0.9354838709677419,0.6451612903225806
Diogo Leite,pt POR,DF,Union Berlin,de Bundesliga,27.0,20,20,1693,18.8,0,0,0,0,0,0,3,0,0.0,10,1,10.0,0.53,0.05,0.0,0.0,85,60.7,13,0,0.0,1.1,21,29,-8,-0.43,0.56,0,25,23,1,6,38,12,0.0,0.0,0.531600708800945,0.05316007088009451,2.0200826934435914,0.6379208505611341,0.31896042528056706
Florian Lejeune,fr FRA,DF,Rayo Vallecano,es La Liga,34.0,32,32,2870,31.9,1,1,2,1,0,0,6,0,0.06,45,14,31.1,1.41,0.44,0.02,0.07,90,96.6,31,0,0.0,1.13,32,41,-9,-0.28,-1.18,0,46,12,1,8,43,39,0.0313588850174216,0.0313588850174216,1.411149825783972,0.43902439024390244,1.348432055749129,1.2229965156794425,0.2508710801393728
Youssef Lekhedim,es ESP,"DF,MF",Alavés,es La Liga,20.0,23,13,1266,14.1,0,1,1,0,0,0,6,0,0.07,10,2,20.0,0.71,0.14,0.0,0.0,55,42.6,7,10,19.0,1.08,19,21,-2,-0.14,0.33,0,22,12,0,60,12,8,0.0,0.07109004739336493,0.7109004739336492,0.14218009478672985,0.8530805687203792,0.5687203791469194,4.265402843601896
Thomas Lemar,fr FRA,MF,Girona,es La Liga,30.0,23,13,1134,12.6,3,1,4,3,0,0,2,0,0.32,16,8,50.0,1.27,0.63,0.19,0.38,49,38.2,1,10,22.0,1.04,14,16,-2,-0.16,0.43,0,18,20,0,45,3,11,0.23809523809523808,0.07936507936507936,1.2698412698412698,0.6349206349206349,0.23809523809523808,0.873015873015873,3.571428571428571
Tim Lemperle,de GER,FW,Hoffenheim,de Bundesliga,24.0,26,21,1749,19.4,8,2,10,7,1,1,1,0,0.46,47,19,40.4,2.42,0.98,0.15,0.37,67,62.7,1,5,22.0,1.92,43,26,17,0.87,0.96,0,54,15,16,26,6,15,0.411663807890223,0.10291595197255575,2.4185248713550602,0.9777015437392796,0.30874785591766724,0.7718696397941681,1.3379073756432247
Clément Lenglet,fr FRA,DF,Atlético Madrid,es La Liga,30.0,15,15,1174,13.0,0,1,1,0,0,0,6,1,0.08,3,0,0.0,0.23,0.0,0.0,0.0,78,39.5,10,0,0.0,1.47,21,15,6,0.46,-0.19,1,18,6,0,2,16,7,0.0,0.07666098807495741,0.22998296422487222,0.0,1.2265758091993186,0.5366269165247018,0.15332197614991483
Esteban Lepaul,fr FRA,FW,Rennes,fr Ligue 1,26.0,29,28,2249,25.0,17,4,21,14,3,4,2,0,0.72,73,31,42.5,2.92,1.24,0.19,0.45,78,80.6,10,1,29.0,1.83,44,30,14,0.56,0.89,0,23,15,6,14,3,5,0.6803023566029346,0.16007114273010226,2.9212983548243665,1.2405513561582926,0.12005335704757669,0.20008892841262782,0.5602489995553579
Johann Lepenant,fr FRA,MF,Nantes,fr Ligue 1,23.0,25,21,1993,22.1,0,1,1,0,0,0,4,0,0.05,20,5,25.0,0.9,0.23,0.0,0.0,80,71.4,15,4,40.0,0.6,18,32,-14,-0.63,0.61,0,26,44,0,67,23,45,0.0,0.04515805318615153,0.9031610637230306,0.22579026593075766,1.0386352232814853,2.032112393376819,3.0255895634721526
Mehdi Léris,dz ALG,MF,Pisa,it Serie A,27.0,30,17,1635,18.2,1,3,4,1,0,0,2,0,0.22,23,6,26.1,1.27,0.33,0.04,0.17,55,53.4,4,13,28.0,0.53,14,35,-21,-1.16,-0.15,0,25,20,8,86,16,28,0.055045871559633024,0.1651376146788991,1.2660550458715596,0.3302752293577982,0.8807339449541284,1.5412844036697249,4.73394495412844
Jefferson Lerma,co COL,"MF,DF",Crystal Palace,eng Premier League,31.0,26,15,1435,15.9,0,2,2,0,0,0,6,0,0.13,18,7,38.9,1.13,0.44,0.0,0.0,55,48.3,12,11,19.0,1.35,18,16,2,0.13,0.42,0,20,19,0,11,18,14,0.0,0.1254355400696864,1.1289198606271778,0.43902439024390244,1.1289198606271778,0.8780487804878049,0.6898954703832753
Louis Leroux,fr FRA,"MF,DF",Nantes,fr Ligue 1,20.0,21,16,1410,15.7,1,1,2,1,0,0,2,0,0.13,14,3,21.4,0.89,0.19,0.07,0.33,67,50.5,7,5,28.0,0.81,13,24,-11,-0.7,0.21,0,11,13,1,30,5,19,0.06382978723404256,0.06382978723404256,0.8936170212765958,0.19148936170212766,0.3191489361702128,1.2127659574468086,1.9148936170212765
Robert Lewandowski,pl POL,FW,Barcelona,es La Liga,37.0,26,13,1296,14.4,12,2,14,11,1,3,2,0,0.9,57,26,45.6,3.96,1.81,0.19,0.42,50,43.6,7,13,22.0,2.58,46,13,33,2.29,1.0,0,11,16,15,0,3,3,0.8333333333333333,0.1388888888888889,3.9583333333333335,1.8055555555555554,0.20833333333333331,0.20833333333333331,0.0
Jamie Leweling,de GER,MF,Stuttgart,de Bundesliga,25.0,29,23,2106,23.4,7,7,14,7,0,0,4,0,0.6,43,17,39.5,1.84,0.73,0.16,0.41,73,75.5,9,6,29.0,1.76,43,34,9,0.38,-1.06,0,15,38,12,112,12,11,0.29914529914529914,0.29914529914529914,1.8376068376068375,0.7264957264957266,0.5128205128205129,0.4700854700854701,4.786324786324786
Keane Lewis-Potter,eng ENG,"DF,MF",Brentford,eng Premier League,25.0,32,18,1615,17.9,3,2,5,3,0,0,1,0,0.28,26,8,30.8,1.45,0.45,0.12,0.38,50,52.8,8,14,14.0,1.41,22,26,-4,-0.22,-0.66,0,15,28,3,59,8,11,0.16718266253869968,0.11145510835913314,1.4489164086687305,0.44582043343653255,0.44582043343653255,0.6130030959752323,3.2879256965944275
Philipp Lienhart,at AUT,DF,Freiburg,de Bundesliga,29.0,17,13,1156,12.8,0,0,0,0,0,0,4,1,0.0,6,1,16.7,0.47,0.08,0.0,0.0,68,41.4,8,4,28.0,1.53,22,21,1,0.08,0.57,1,6,7,2,13,12,11,0.0,0.0,0.4671280276816609,0.07785467128027682,0.9342560553633218,0.856401384083045,1.0121107266435987
Matthijs de Ligt,nl NED,DF,Manchester Utd,eng Premier League,26.0,13,13,1170,13.0,1,0,1,1,0,0,0,0,0.08,11,3,27.3,0.85,0.23,0.09,0.33,90,38.2,13,0,0.0,1.62,21,20,1,0.08,-0.54,0,6,5,0,4,11,13,0.07692307692307693,0.0,0.8461538461538461,0.23076923076923078,0.8461538461538461,1.0,0.3076923076923077
Adrián Liso,es ESP,"FW,MF",Getafe,es La Liga,21.0,26,19,1576,17.5,3,0,3,3,0,0,5,1,0.17,26,10,38.5,1.48,0.57,0.12,0.3,61,53.1,4,7,18.0,1.35,12,17,-5,-0.29,-0.22,1,37,39,16,39,4,19,0.17131979695431473,0.0,1.484771573604061,0.5710659898477157,0.22842639593908629,1.0850253807106598,2.2271573604060917
Valentino Livramento,eng ENG,DF,Newcastle United,eng Premier League,23.0,17,14,1328,14.8,0,1,1,0,0,0,1,0,0.07,3,0,0.0,0.2,0.0,0.0,0.0,78,43.4,12,3,33.0,1.47,22,14,8,0.54,1.17,0,7,16,2,36,2,14,0.0,0.06777108433734941,0.2033132530120482,0.0,0.13554216867469882,0.9487951807228915,2.4397590361445785
Marcos Llorente,es ESP,DF,Atlético Madrid,es La Liga,31.0,26,22,1923,21.4,0,4,4,0,0,0,5,0,0.19,16,6,37.5,0.75,0.28,0.0,0.0,74,64.7,17,4,28.0,2.08,42,20,22,1.03,1.29,0,25,10,3,38,11,33,0.0,0.187207488299532,0.748829953198128,0.28081123244929795,0.514820592823713,1.544461778471139,1.7784711388455536
Gautier Lloris,fr FRA,DF,Le Havre,fr Ligue 1,30.0,26,25,2128,23.6,1,1,2,1,0,0,2,1,0.08,12,4,33.3,0.51,0.17,0.08,0.25,82,76.3,22,1,12.0,1.0,22,29,-7,-0.3,0.52,0,26,17,1,1,40,22,0.042293233082706765,0.042293233082706765,0.5075187969924811,0.16917293233082706,1.6917293233082706,0.9304511278195489,0.042293233082706765
Giovani Lo Celso,ar ARG,MF,Real Betis,es La Liga,30.0,20,12,1179,13.1,2,3,5,2,0,0,4,0,0.38,28,10,35.7,2.14,0.76,0.07,0.2,59,39.7,2,8,33.0,1.55,20,14,6,0.46,0.36,0,8,40,4,51,5,11,0.15267175572519084,0.22900763358778628,2.1374045801526718,0.7633587786259541,0.38167938931297707,0.8396946564885497,3.893129770992366
Danny Loader,cm CMR,"MF,FW",Auxerre,fr Ligue 1,25.0,27,26,2272,25.2,3,3,6,3,0,0,8,0,0.24,58,16,27.6,2.3,0.63,0.05,0.19,84,81.4,17,1,29.0,0.7,21,34,-13,-0.51,-0.17,0,60,47,4,24,9,19,0.11883802816901408,0.11883802816901408,2.2975352112676055,0.6338028169014085,0.35651408450704225,0.7526408450704225,0.9507042253521126
Stanislav Lobotka,sk SVK,MF,Napoli,it Serie A,31.0,28,25,2140,23.8,1,1,2,1,0,0,3,0,0.08,8,4,50.0,0.34,0.17,0.13,0.25,76,69.9,17,3,22.0,1.93,38,28,10,0.42,-0.46,0,13,37,0,4,12,13,0.042056074766355145,0.042056074766355145,0.33644859813084116,0.16822429906542058,0.5046728971962616,0.5467289719626168,0.16822429906542058
Manuel Locatelli,it ITA,MF,Juventus,it Serie A,28.0,32,32,2634,29.3,1,2,3,1,0,1,8,0,0.1,38,11,28.9,1.3,0.38,0.03,0.09,82,86.1,20,0,0.0,1.94,45,23,22,0.75,-0.52,0,48,37,0,14,34,59,0.03416856492027335,0.0683371298405467,1.2984054669703873,0.37585421412300685,1.1617312072892938,2.0159453302961277,0.47835990888382685
Bradley Locko,fr FRA,DF,Brest,fr Ligue 1,23.0,20,14,1277,14.2,0,2,2,0,0,0,0,0,0.14,2,1,50.0,0.14,0.07,0.0,0.0,64,47.3,8,6,18.0,1.1,20,23,-3,-0.21,-0.02,0,11,18,2,34,9,28,0.0,0.14095536413469067,0.14095536413469067,0.07047768206734534,0.6342991386061081,1.9733750978856694,2.3962411902897416
Ruben Loftus-Cheek,eng ENG,"MF,FW",Milan,it Serie A,30.0,25,11,1050,11.7,3,1,4,3,0,0,1,0,0.34,29,6,20.7,2.49,0.51,0.1,0.5,42,34.3,3,14,20.0,1.96,19,8,11,0.94,0.5,0,22,17,1,10,4,7,0.2571428571428571,0.08571428571428572,2.4857142857142858,0.5142857142857142,0.34285714285714286,0.6000000000000001,0.8571428571428572
Sean Longstaff,eng ENG,MF,Leeds United,eng Premier League,28.0,20,10,960,10.7,2,2,4,2,0,0,2,0,0.37,14,3,21.4,1.31,0.28,0.14,0.67,48,31.4,7,10,12.0,1.2,11,20,-9,-0.84,-0.93,0,11,17,1,51,10,23,0.1875,0.1875,1.3125,0.28125,0.9375,2.15625,4.78125
Diego López,es ESP,"MF,FW",Valencia,es La Liga,23.0,29,16,1447,16.1,3,0,3,3,0,0,2,0,0.19,23,7,30.4,1.43,0.44,0.13,0.43,50,48.7,5,13,19.0,1.24,12,24,-12,-0.75,-0.81,0,15,30,3,31,12,12,0.18659295093296477,0.0,1.43054595715273,0.4353835521769178,0.7463718037318591,0.7463718037318591,1.9281271596406357
Fermin López,es ESP,MF,Barcelona,es La Liga,22.0,27,16,1575,17.5,6,8,14,6,0,0,3,0,0.8,60,21,35.0,3.43,1.2,0.1,0.29,58,53.0,6,11,33.0,2.59,49,17,32,1.83,0.22,0,28,19,5,31,6,22,0.34285714285714286,0.45714285714285713,3.428571428571429,1.2000000000000002,0.34285714285714286,1.2571428571428571,1.7714285714285716
Javi López,es ESP,DF,Oviedo,es La Liga,24.0,21,17,1464,16.3,0,1,1,0,0,0,3,0,0.06,6,1,16.7,0.37,0.06,0.0,0.0,70,49.3,10,4,15.0,0.95,17,22,-5,-0.31,0.89,0,33,26,1,48,16,21,0.0,0.06147540983606557,0.36885245901639346,0.06147540983606557,0.9836065573770492,1.290983606557377,2.9508196721311477
Maxime Lopez,fr FRA,MF,Paris FC,fr Ligue 1,28.0,23,22,1865,20.7,0,3,3,0,0,0,9,0,0.14,10,6,60.0,0.48,0.29,0.0,0.0,81,66.8,17,1,31.0,1.09,24,34,-10,-0.48,-0.77,0,27,8,3,78,10,17,0.0,0.14477211796246647,0.48257372654155495,0.28954423592493295,0.48257372654155495,0.8203753351206434,3.764075067024129
Unai López,es ESP,MF,Rayo Vallecano,es La Liga,30.0,24,17,1397,15.5,0,3,3,0,0,0,7,1,0.19,21,4,19.0,1.35,0.26,0.0,0.0,58,47.0,4,7,19.0,1.38,16,13,3,0.19,0.82,1,31,13,1,52,18,14,0.0,0.19327129563350037,1.3528990694345024,0.25769506084466715,1.1596277738010021,0.901932712956335,3.3500357909806726
Tom Louchet,fr FRA,MF,Nice,fr Ligue 1,22.0,24,13,1241,13.8,3,2,5,3,0,0,1,1,0.36,21,6,28.6,1.52,0.44,0.14,0.5,52,44.5,3,11,20.0,1.13,14,26,-12,-0.87,-0.29,0,16,11,0,41,9,15,0.21756647864625303,0.145044319097502,1.5229653505237712,0.43513295729250606,0.6526994359387591,1.087832393231265,2.973408541498791
Pol Lozano,es ESP,MF,Espanyol,es La Liga,26.0,30,26,2005,22.3,2,1,3,2,0,0,11,1,0.13,16,5,31.3,0.72,0.22,0.13,0.4,67,67.5,9,4,16.0,1.27,26,34,-8,-0.36,0.01,1,60,26,0,26,23,17,0.08977556109725685,0.04488778054862842,0.7182044887780548,0.22443890274314213,1.0324189526184537,0.7630922693266833,1.167082294264339
Lucas,br BRA,"MF,DF",Burnley,eng Premier League,25.0,16,12,1113,12.4,0,0,0,0,0,0,0,1,0.0,11,1,9.1,0.89,0.08,0.0,0.0,70,36.4,11,4,20.0,0.44,12,25,-13,-1.05,-0.08,0,11,3,4,47,14,19,0.0,0.0,0.8894878706199462,0.08086253369272238,1.1320754716981132,1.536388140161725,3.8005390835579513
Jhon Lucumí,co COL,DF,Bologna,it Serie A,27.0,26,23,2017,22.4,1,0,1,1,0,0,4,0,0.04,7,2,28.6,0.31,0.09,0.14,0.5,78,65.9,20,3,22.0,1.46,27,23,4,0.18,0.44,0,17,17,1,1,29,20,0.04462072384729796,0.0,0.31234506693108577,0.08924144769459592,1.294000991571641,0.8924144769459594,0.04462072384729796
Florentino Luís,pt POR,MF,Burnley,eng Premier League,26.0,27,22,1826,20.3,0,2,2,0,0,0,6,0,0.1,10,1,10.0,0.49,0.05,0.0,0.0,68,59.7,8,5,19.0,0.52,16,41,-25,-1.23,-0.58,0,38,7,1,9,33,43,0.0,0.09857612267250822,0.4928806133625411,0.04928806133625411,1.6265060240963856,2.119386637458927,0.443592552026287
José Luis Gayà,es ESP,DF,Valencia,es La Liga,30.0,29,28,2224,24.7,1,2,3,1,0,0,6,1,0.12,12,3,25.0,0.49,0.12,0.08,0.33,77,74.9,15,1,9.0,1.14,21,36,-15,-0.61,-1.09,0,30,17,2,84,20,35,0.04046762589928058,0.08093525179856116,0.48561151079136694,0.12140287769784174,0.8093525179856115,1.41636690647482,3.3992805755395685
Castello Lukeba,fr FRA,DF,RB Leipzig,de Bundesliga,23.0,23,22,1951,21.7,1,0,1,1,0,0,2,0,0.05,8,2,25.0,0.37,0.09,0.13,0.5,85,69.9,20,1,9.0,2.0,46,26,20,0.92,0.49,0,10,8,1,3,30,11,0.04613018964633521,0.0,0.3690415171706817,0.09226037929267042,1.3839056893900565,0.5074320861096874,0.13839056893900564
Saša Lukić,rs SRB,MF,Fulham,eng Premier League,29.0,23,17,1464,16.3,1,2,3,1,0,0,7,0,0.18,16,5,31.3,0.98,0.31,0.06,0.2,64,47.8,9,6,24.0,1.3,15,17,-2,-0.12,-0.12,0,46,21,2,55,12,24,0.06147540983606557,0.12295081967213115,0.9836065573770492,0.3073770491803279,0.7377049180327869,1.4754098360655739,3.3811475409836067
Kristoffer Lund,us USA,"DF,MF",Köln,de Bundesliga,23.0,30,23,2019,22.4,0,1,1,0,0,0,2,0,0.04,19,3,15.8,0.85,0.13,0.0,0.0,67,72.4,11,7,24.0,1.03,31,38,-7,-0.31,-0.2,0,12,36,3,81,27,25,0.0,0.04457652303120356,0.8469539375928677,0.1337295690936107,1.2035661218424962,1.1144130757800892,3.6106983655274894
Sebastiano Luperto,it ITA,DF,Cremonese,it Serie A,29.0,11,11,953,10.6,0,1,1,0,0,0,1,0,0.09,3,1,33.3,0.28,0.09,0.0,0.0,87,31.1,9,0,0.0,0.45,6,20,-14,-1.32,-0.85,0,8,10,1,10,9,7,0.0,0.0944386149003148,0.2833158447009444,0.0944386149003148,0.8499475341028332,0.6610703043022036,0.9443861490031479
Sebastiano Luperto,it ITA,DF,Cagliari,it Serie A,29.0,19,19,1706,19.0,1,0,1,1,0,0,3,0,0.05,7,3,42.9,0.37,0.16,0.14,0.33,90,55.8,18,0,0.0,1.32,22,24,-2,-0.11,0.63,0,23,17,0,1,19,12,0.052754982415005855,0.0,0.3692848769050411,0.1582649472450176,1.0023446658851114,0.6330597889800704,0.052754982415005855
Senne Lynen,be BEL,MF,Werder Bremen,de Bundesliga,27.0,28,28,2482,27.6,0,0,0,0,0,0,4,0,0.0,24,4,16.7,0.87,0.15,0.0,0.0,89,89.0,23,0,0.0,1.0,32,48,-16,-0.58,0.0,0,36,12,0,13,62,26,0.0,0.0,0.8702659145850121,0.145044319097502,2.2481869460112813,0.9427880741337631,0.47139403706688154
Ian Maatsen,nl NED,DF,Aston Villa,eng Premier League,24.0,26,14,1346,15.0,0,1,1,0,0,0,2,0,0.07,18,5,27.8,1.2,0.33,0.0,0.0,52,44.0,6,12,18.0,1.69,23,21,2,0.13,-0.02,0,14,17,1,49,14,27,0.0,0.06686478454680535,1.2035661218424962,0.3343239227340267,0.9361069836552749,1.8053491827637447,3.2763744427934625
Alexis Mac Allister,ar ARG,MF,Liverpool,eng Premier League,27.0,33,27,2298,25.5,2,4,6,2,0,0,5,0,0.23,46,11,23.9,1.8,0.43,0.04,0.18,70,75.1,16,6,20.0,1.67,39,32,7,0.27,-0.43,0,27,30,0,19,17,23,0.0783289817232376,0.1566579634464752,1.8015665796344649,0.4308093994778068,0.6657963446475196,0.9007832898172324,0.7441253263707572
Shuto Machino,jp JPN,"FW,MF",Gladbach,de Bundesliga,26.0,29,8,972,10.8,3,1,4,3,0,0,1,0,0.37,23,11,47.8,2.13,1.02,0.13,0.27,34,34.8,2,21,17.0,1.07,11,29,-18,-1.67,-1.86,0,8,9,7,9,3,4,0.2777777777777778,0.0925925925925926,2.1296296296296298,1.0185185185185186,0.2777777777777778,0.3703703703703704,0.8333333333333333
Noni Madueke,eng ENG,"FW,MF",Arsenal,eng Premier League,24.0,23,15,1073,11.9,2,1,3,2,0,0,0,0,0.25,21,7,33.3,1.76,0.59,0.1,0.29,47,35.1,0,8,16.0,1.83,21,9,12,1.01,-0.17,0,13,14,3,73,4,10,0.16775396085740912,0.08387698042870456,1.761416589002796,0.587138863000932,0.33550792171481825,0.8387698042870456,6.123019571295433
Pablo Maffeo,es ESP,DF,Mallorca,es La Liga,28.0,27,26,2302,25.6,1,1,2,1,0,0,9,0,0.08,7,1,14.3,0.27,0.04,0.14,1.0,85,77.5,16,1,45.0,1.07,32,36,-4,-0.16,0.65,0,21,20,0,68,32,27,0.03909643788010426,0.03909643788010426,0.2736750651607298,0.03909643788010426,1.2510860121633363,1.0556038227628148,2.6585577758470893
Gabriel Magalhães,br BRA,DF,Arsenal,eng Premier League,28.0,28,27,2436,27.1,3,4,7,3,0,0,4,0,0.26,21,5,23.8,0.78,0.18,0.14,0.6,87,79.6,26,1,20.0,2.14,50,19,31,1.15,0.14,0,18,29,0,6,19,19,0.11083743842364532,0.14778325123152708,0.7758620689655172,0.18472906403940886,0.7019704433497537,0.7019704433497537,0.22167487684729065
Soungoutou Magassa,fr FRA,MF,West Ham United,eng Premier League,22.0,21,11,978,10.9,1,0,1,1,0,0,4,0,0.09,7,2,28.6,0.64,0.18,0.14,0.5,47,32.0,2,10,17.0,0.76,11,23,-12,-1.1,-0.93,0,17,17,0,9,17,23,0.09202453987730062,0.0,0.6441717791411044,0.18404907975460125,1.5644171779141105,2.1165644171779143,0.8282208588957056
Hugo Magnetti,fr FRA,MF,Brest,fr Ligue 1,27.0,29,28,2428,27.0,1,1,2,1,0,0,4,1,0.07,18,3,16.7,0.67,0.11,0.06,0.33,84,89.9,19,1,20.0,1.31,38,40,-2,-0.07,1.25,0,29,30,0,22,39,41,0.03706754530477759,0.03706754530477759,0.6672158154859967,0.11120263591433277,1.4456342668863262,1.5197693574958813,0.815485996705107
Frank Magri,cm CMR,"FW,MF",Toulouse,fr Ligue 1,26.0,17,16,1253,13.9,5,1,6,5,0,1,3,0,0.43,33,12,36.4,2.37,0.86,0.15,0.42,74,44.9,3,1,28.0,1.53,18,17,1,0.07,0.19,0,28,22,3,15,3,3,0.3591380686352753,0.07182761372705507,2.3703112529928174,0.8619313647246608,0.2154828411811652,0.2154828411811652,1.077414205905826
Harry Maguire,eng ENG,DF,Manchester Utd,eng Premier League,33.0,19,15,1293,14.4,1,2,3,1,0,0,3,1,0.21,12,4,33.3,0.84,0.28,0.08,0.25,68,42.3,9,4,13.0,1.95,27,15,12,0.84,0.73,0,13,16,0,2,9,10,0.06960556844547564,0.13921113689095127,0.8352668213457076,0.27842227378190254,0.6264501160092807,0.6960556844547564,0.13921113689095127
Patrick Mainka,de GER,DF,Heidenheim,de Bundesliga,31.0,31,31,2790,31.0,2,2,4,2,0,0,1,0,0.13,33,7,21.2,1.06,0.23,0.06,0.29,90,100.0,31,0,0.0,0.71,35,66,-31,-1.0,0.0,0,7,19,3,0,30,28,0.06451612903225806,0.06451612903225806,1.064516129032258,0.22580645161290322,0.967741935483871,0.9032258064516129,0.0
Kobbie Mainoo,eng ENG,MF,Manchester Utd,eng Premier League,21.0,24,12,1302,14.5,0,2,2,0,0,0,1,0,0.14,8,2,25.0,0.55,0.14,0.0,0.0,54,42.5,10,12,20.0,2.17,29,18,11,0.76,0.61,0,9,16,1,13,12,18,0.0,0.1382488479262673,0.5529953917050692,0.1382488479262673,0.8294930875576036,1.2442396313364057,0.8986175115207373
Ainsley Maitland-Niles,eng ENG,"DF,MF",Lyon,fr Ligue 1,28.0,27,25,2260,25.1,1,4,5,1,0,1,7,1,0.2,14,7,50.0,0.56,0.28,0.07,0.14,84,81.0,21,2,48.0,1.93,43,28,15,0.6,0.43,1,34,12,1,40,31,33,0.03982300884955752,0.1592920353982301,0.5575221238938053,0.27876106194690264,1.2345132743362832,1.3141592920353982,1.592920353982301
Lovro Majer,hr CRO,MF,Wolfsburg,de Bundesliga,28.0,25,16,1327,14.7,2,3,5,2,0,0,5,0,0.34,26,6,23.1,1.76,0.41,0.08,0.33,53,47.6,1,9,23.0,0.68,20,29,-9,-0.61,0.37,0,29,22,4,22,8,16,0.1356443104747551,0.20346646571213264,1.763376036171816,0.4069329314242653,0.5425772418990203,1.0851544837980407,1.492087415222306
Jean-Victor Makengo,fr FRA,MF,Lorient,fr Ligue 1,27.0,28,21,1643,18.3,3,2,5,3,0,0,1,0,0.27,34,12,35.3,1.86,0.66,0.09,0.25,59,58.9,2,7,24.0,1.36,25,24,1,0.05,0.53,0,8,33,0,16,13,14,0.16433353621424224,0.10955569080949483,1.862446743761412,0.657334144856969,0.7121119902617165,0.7668898356664637,0.8764455264759586
Jordy Makengo,fr FRA,DF,Freiburg,de Bundesliga,24.0,18,11,1056,11.7,0,0,0,0,0,0,1,0,0.0,0,0,0.0,0.0,0.0,0.0,0.0,59,37.8,8,7,17.0,1.44,14,17,-3,-0.26,0.0,0,10,8,2,31,10,9,0.0,0.0,0.0,0.0,0.8522727272727273,0.7670454545454545,2.6420454545454546
Said El Mala,de GER,"FW,MF",Köln,de Bundesliga,19.0,31,17,1717,19.1,11,4,15,10,1,1,3,0,0.73,69,27,39.1,3.62,1.42,0.14,0.37,55,61.5,5,14,28.0,1.0,28,30,-2,-0.1,0.4,0,12,20,17,38,6,12,0.5765870704717531,0.20966802562609202,3.6167734420500874,1.415259172976121,0.31450203843913804,0.6290040768782761,1.991846243447874
Donyell Malen,nl NED,FW,Roma,it Serie A,27.0,14,14,1130,12.6,11,1,12,9,2,2,1,0,0.8,56,22,39.3,4.46,1.75,0.16,0.41,81,36.9,6,0,0.0,1.57,23,15,8,0.64,0.12,0,10,13,13,5,1,1,0.8761061946902655,0.07964601769911504,4.460176991150442,1.752212389380531,0.07964601769911504,0.07964601769911504,0.39823008849557523
Ruslan Malinovskyi,ua UKR,MF,Genoa,it Serie A,32.0,31,27,2104,23.4,6,3,9,3,3,3,10,0,0.26,51,15,29.4,2.18,0.64,0.06,0.2,68,68.8,5,4,28.0,1.1,27,30,-3,-0.13,0.34,0,35,25,1,60,16,19,0.2566539923954373,0.12832699619771865,2.181558935361217,0.6416349809885932,0.6844106463878327,0.8127376425855513,2.5665399239543727
Gianluca Mancini,it ITA,DF,Roma,it Serie A,30.0,32,32,2726,30.3,1,2,3,1,0,0,9,0,0.1,16,5,31.3,0.53,0.17,0.06,0.2,85,89.1,25,0,0.0,1.72,41,24,17,0.56,0.02,0,67,39,5,29,42,26,0.03301540719002201,0.06603081438004402,0.5282465150403521,0.16507703595011006,1.3866471019809243,0.8584005869405723,0.9574468085106382
Reinildo Mandava,mz MOZ,DF,Sunderland,eng Premier League,32.0,21,19,1625,18.1,0,1,1,0,0,0,7,1,0.06,4,0,0.0,0.22,0.0,0.0,0.0,77,53.1,16,2,23.0,1.52,22,23,-1,-0.06,0.45,0,29,33,1,20,27,18,0.0,0.055384615384615386,0.22153846153846155,0.0,1.4953846153846153,0.9969230769230769,1.1076923076923078
Aïssa Mandi,dz ALG,DF,Lille,fr Ligue 1,34.0,26,25,2154,23.9,1,0,1,1,0,0,7,0,0.04,11,2,18.2,0.46,0.08,0.09,0.5,83,77.2,21,1,6.0,1.88,35,25,10,0.42,-0.43,0,15,16,1,8,41,20,0.04178272980501393,0.0,0.4596100278551532,0.08356545961002786,1.713091922005571,0.8356545961002785,0.3342618384401114
Rolando Mandragora,it ITA,MF,Fiorentina,it Serie A,28.0,31,28,2233,24.8,6,3,9,5,1,1,7,0,0.32,60,16,26.7,2.42,0.64,0.08,0.31,72,73.0,10,3,45.0,0.97,27,32,-5,-0.2,0.02,0,35,52,0,66,15,22,0.2418271383788625,0.12091356918943125,2.418271383788625,0.6448723690103,0.6045678459471563,0.8866995073891626,2.6600985221674875
Mateus Mane,pt POR,MF,Wolves,eng Premier League,18.0,23,15,1459,16.2,2,1,3,2,0,0,0,0,0.19,32,12,37.5,1.97,0.74,0.06,0.17,63,47.7,12,8,23.0,0.65,13,25,-12,-0.74,0.72,0,24,40,1,62,4,12,0.12337217272104181,0.061686086360520906,1.973954763536669,0.7402330363262508,0.24674434544208362,0.7402330363262508,3.824537354352296
Johan Manzambi,ch SUI,MF,Freiburg,de Bundesliga,20.0,24,23,1859,20.7,5,2,7,5,0,0,4,2,0.34,46,12,26.1,2.23,0.58,0.11,0.42,77,66.6,7,1,45.0,1.38,31,33,-2,-0.1,0.48,0,21,70,1,30,26,12,0.24206562668101128,0.09682625067240451,2.227003765465304,0.5809575040344271,1.2587412587412588,0.5809575040344271,1.4523937600860677
Sekou Mara,fr FRA,FW,Auxerre,fr Ligue 1,23.0,24,11,982,10.9,0,1,1,0,0,0,0,0,0.09,25,8,32.0,2.29,0.73,0.0,0.0,41,35.2,1,13,17.0,0.71,11,15,-4,-0.37,0.18,0,25,22,2,0,2,6,0.0,0.09164969450101833,2.2912423625254585,0.7331975560081466,0.18329938900203666,0.5498981670061099,0.0
Alessandro Marcandalli,it ITA,DF,Genoa,it Serie A,23.0,28,25,2254,25.0,0,2,2,0,0,0,4,0,0.08,3,2,66.7,0.12,0.08,0.0,0.0,81,73.7,22,3,28.0,1.32,35,33,2,0.08,1.2,0,21,10,0,9,17,15,0.0,0.07985803016858918,0.11978704525288375,0.07985803016858918,0.6787932564330079,0.5989352262644188,0.35936113575865125
Marcão,br BRA,DF,Sevilla,es La Liga,29.0,13,11,938,10.4,1,0,1,1,0,0,5,1,0.1,10,2,20.0,0.96,0.19,0.1,0.5,72,31.6,9,2,8.0,1.23,13,15,-2,-0.19,0.38,1,22,21,1,1,4,4,0.09594882729211088,0.0,0.9594882729211087,0.19189765458422176,0.3837953091684435,0.3837953091684435,0.09594882729211088
José María Giménez,uy URU,DF,Atlético Madrid,es La Liga,31.0,15,12,1159,12.9,0,1,1,0,0,0,3,0,0.08,13,3,23.1,1.01,0.23,0.0,0.0,77,39.0,12,3,26.0,2.0,20,14,6,0.47,-0.18,0,19,10,1,0,15,12,0.0,0.07765314926660916,1.009490940465919,0.2329594477998274,1.1647972389991372,0.9318377911993097,0.0
Marius Marin,ro ROU,MF,Pisa,it Serie A,27.0,23,18,1281,14.2,0,0,0,0,0,0,7,0,0.0,3,0,0.0,0.21,0.0,0.0,0.0,56,41.9,4,5,19.0,0.65,7,22,-15,-1.05,0.06,0,36,20,0,18,14,26,0.0,0.0,0.2107728337236534,0.0,0.9836065573770492,1.826697892271663,1.2646370023419204
Pablo Marín,es ESP,MF,Real Sociedad,es La Liga,22.0,29,13,1238,13.8,0,1,1,0,0,0,2,0,0.07,12,4,33.3,0.87,0.29,0.0,0.0,43,41.7,3,16,20.0,1.38,23,29,-6,-0.44,-0.75,0,19,18,2,12,6,14,0.0,0.07269789983844911,0.8723747980613893,0.29079159935379645,0.43618739903069464,1.0177705977382876,0.8723747980613893
Rafa Marín,es ESP,DF,Villarreal,es La Liga,23.0,20,18,1709,19.0,1,0,1,1,0,0,1,0,0.05,5,1,20.0,0.26,0.05,0.2,1.0,85,57.5,16,2,56.0,2.15,33,22,11,0.58,-0.13,0,13,7,3,0,20,20,0.0526623756582797,0.0,0.26331187829139846,0.0526623756582797,1.0532475131655938,1.0532475131655938,0.0
Guillermo Maripán,cl CHI,DF,Torino,it Serie A,31.0,26,24,2100,23.3,2,0,2,2,0,0,3,0,0.09,18,8,44.4,0.77,0.34,0.11,0.25,81,68.6,20,2,39.0,1.19,25,37,-12,-0.51,-0.05,0,27,7,2,3,27,28,0.08571428571428572,0.0,0.7714285714285715,0.34285714285714286,1.157142857142857,1.2000000000000002,0.12857142857142856
Eric Martel,de GER,"MF,DF",Köln,de Bundesliga,23.0,29,28,2379,26.4,2,2,4,2,0,0,11,1,0.15,21,4,19.0,0.79,0.15,0.1,0.5,82,85.3,20,1,14.0,1.03,38,43,-5,-0.19,0.47,1,41,51,0,11,33,29,0.07566204287515763,0.07566204287515763,0.7944514501891552,0.15132408575031525,1.248423707440101,1.0970996216897857,0.416141235813367
Aarón Martín,es ESP,"MF,DF",Genoa,it Serie A,29.0,29,24,2021,22.5,1,5,6,1,0,1,2,0,0.27,11,4,36.4,0.49,0.18,0.09,0.25,70,66.0,15,5,17.0,1.21,28,36,-8,-0.36,-0.36,0,29,26,0,179,10,26,0.044532409698169226,0.2226620484908461,0.4898565066798614,0.1781296387926769,0.4453240969816922,1.1578426521523997,7.971301335972291
Gerard Martín,es ESP,DF,Barcelona,es La Liga,24.0,28,22,1759,19.5,0,0,0,0,0,0,6,0,0.0,6,3,50.0,0.31,0.15,0.0,0.0,63,59.2,11,6,9.0,2.5,50,11,39,2.0,0.66,0,14,7,0,13,28,25,0.0,0.0,0.3069926094371802,0.1534963047185901,1.4326321773735078,1.2791358726549176,0.6651506537805572
Iván Martín,es ESP,MF,Girona,es La Liga,27.0,31,26,2265,25.2,0,1,1,0,0,0,5,1,0.04,11,4,36.4,0.44,0.16,0.0,0.0,73,76.3,13,5,20.0,1.23,27,32,-5,-0.2,0.95,1,27,30,3,12,16,36,0.0,0.039735099337748346,0.4370860927152318,0.15894039735099338,0.6357615894039735,1.4304635761589404,0.4768211920529801
Jon Martin,es ESP,DF,Real Sociedad,es La Liga,20.0,21,21,1890,21.0,1,0,1,1,0,0,5,0,0.05,14,4,28.6,0.67,0.19,0.07,0.25,90,63.6,21,0,0.0,1.33,36,36,0,0.0,0.0,0,14,10,0,0,33,14,0.04761904761904762,0.0,0.6666666666666667,0.1904761904761905,1.5714285714285714,0.6666666666666667,0.0
Mario Martín,es ESP,"MF,FW",Getafe,es La Liga,22.0,31,22,1818,20.2,2,1,3,2,0,0,10,0,0.15,24,5,20.8,1.19,0.25,0.08,0.4,59,61.2,5,9,32.0,1.23,15,25,-10,-0.5,-0.81,0,59,28,3,12,15,30,0.099009900990099,0.0495049504950495,1.188118811881188,0.24752475247524755,0.7425742574257425,1.485148514851485,0.594059405940594
Gabriel Martinelli,br BRA,"FW,MF",Arsenal,eng Premier League,24.0,28,10,990,11.0,1,3,4,1,0,0,3,0,0.36,28,12,42.9,2.55,1.09,0.04,0.08,35,32.4,1,18,21.0,2.14,20,7,13,1.18,0.09,0,10,13,5,31,1,8,0.09090909090909091,0.2727272727272727,2.5454545454545454,1.0909090909090908,0.09090909090909091,0.7272727272727273,2.8181818181818183
Arnau Martinez,es ESP,"DF,MF",Girona,es La Liga,23.0,30,28,2282,25.4,1,2,3,1,0,0,6,0,0.12,15,2,13.3,0.59,0.08,0.07,0.5,76,76.8,16,2,14.0,1.23,32,31,1,0.04,2.0,0,22,26,3,34,34,34,0.03943908851884312,0.07887817703768624,0.5915863277826467,0.07887817703768624,1.340929009640666,1.340929009640666,1.340929009640666
Joaquín Martínez Gauna,es ESP,"MF,DF",Sevilla,es La Liga,22.0,16,11,1137,12.6,1,3,4,1,0,0,1,0,0.32,11,4,36.4,0.87,0.32,0.09,0.25,71,38.3,8,5,35.0,0.82,17,20,-3,-0.24,0.35,0,10,14,4,76,5,17,0.079155672823219,0.23746701846965698,0.8707124010554089,0.316622691292876,0.395778364116095,1.3456464379947228,6.015831134564643
Lautaro Martínez,ar ARG,FW,Inter,it Serie A,28.0,26,24,1945,21.6,16,4,20,16,0,0,3,0,0.93,86,35,40.7,3.98,1.62,0.19,0.46,75,63.6,4,2,23.0,2.46,55,18,37,1.71,0.74,0,41,43,8,16,4,10,0.7403598971722365,0.18508997429305912,3.9794344473007714,1.6195372750642674,0.18508997429305912,0.4627249357326478,0.7403598971722365
Lisandro Martínez,ar ARG,DF,Manchester Utd,eng Premier League,28.0,15,10,963,10.7,0,0,0,0,0,0,0,1,0.0,4,0,0.0,0.37,0.0,0.0,0.0,64,31.5,8,5,20.0,1.8,19,13,6,0.56,0.22,0,9,2,0,2,11,8,0.0,0.0,0.37383177570093457,0.0,1.0280373831775702,0.7476635514018691,0.18691588785046728
Pablo Martínez,es ESP,MF,Levante,es La Liga,28.0,22,16,1470,16.3,1,2,3,1,0,0,3,0,0.18,25,4,16.0,1.53,0.24,0.04,0.25,67,49.5,7,6,28.0,1.27,17,19,-2,-0.12,0.54,0,26,11,3,57,17,9,0.061224489795918366,0.12244897959183673,1.5306122448979593,0.24489795918367346,1.0408163265306123,0.5510204081632653,3.489795918367347
Toni Martínez,es ESP,FW,Alavés,es La Liga,28.0,32,27,2297,25.5,11,3,14,11,0,0,1,0,0.55,83,31,37.3,3.25,1.21,0.13,0.35,72,77.3,9,5,28.0,1.03,34,35,-1,-0.04,1.3,0,37,32,12,11,4,14,0.4309969525468002,0.1175446234218546,3.25206791467131,1.214627775359164,0.1567261645624728,0.5485415759686547,0.4309969525468002
Adam Marušić,me MNE,DF,Lazio,it Serie A,33.0,29,28,2444,27.2,1,2,3,1,0,0,1,1,0.11,14,7,50.0,0.52,0.26,0.07,0.14,84,79.9,23,1,30.0,1.45,25,23,2,0.07,-0.22,0,20,15,1,32,29,16,0.036824877250409165,0.07364975450081833,0.5155482815057283,0.25777414075286414,1.0679214402618658,0.5891980360065466,1.1783960720130933
Omar Mascarell,gq EQG,"MF,DF",Mallorca,es La Liga,33.0,26,22,1917,21.3,1,2,3,1,0,0,4,0,0.14,3,2,66.7,0.14,0.09,0.33,0.5,74,64.5,14,4,32.0,1.12,28,31,-3,-0.14,0.46,0,30,13,0,5,31,24,0.046948356807511735,0.09389671361502347,0.14084507042253522,0.09389671361502347,1.4553990610328638,1.1267605633802817,0.23474178403755872
Patrizio Masini,it ITA,MF,Genoa,it Serie A,25.0,25,12,1317,14.6,0,1,1,0,0,0,5,0,0.07,16,4,25.0,1.09,0.27,0.0,0.0,53,43.0,11,13,20.0,1.12,15,21,-6,-0.41,-0.31,0,37,40,0,13,26,37,0.0,0.0683371298405467,1.0933940774487472,0.2733485193621868,1.7767653758542141,2.5284738041002277,0.8883826879271071
Han-Noah Massengo,fr FRA,MF,Augsburg,de Bundesliga,24.0,30,28,2327,25.9,2,1,3,2,0,0,3,0,0.12,20,6,30.0,0.77,0.23,0.1,0.33,78,83.4,14,2,20.0,1.2,29,50,-21,-0.81,-1.78,0,22,22,0,16,36,18,0.07735281478298238,0.03867640739149119,0.7735281478298238,0.23205844434894712,1.3923506660936829,0.6961753330468414,0.618822518263859
Clinton Mata,ao ANG,DF,Lyon,fr Ligue 1,33.0,29,29,2563,28.5,0,0,0,0,0,0,5,0,0.0,3,0,0.0,0.11,0.0,0.0,0.0,88,91.9,26,0,0.0,1.83,44,32,12,0.42,-1.16,0,33,35,0,9,20,20,0.0,0.0,0.10534529847834569,0.0,0.7023019898556379,0.7023019898556379,0.3160358954350371
Igor Matanovic,hr CRO,FW,Freiburg,de Bundesliga,23.0,28,12,1363,15.1,8,1,9,7,1,2,0,0,0.53,47,16,34.0,3.1,1.06,0.15,0.44,49,48.9,7,16,22.0,1.54,20,23,-3,-0.2,0.12,0,38,20,6,0,8,11,0.5282465150403521,0.06603081438004402,3.103448275862069,1.0564930300807043,0.5282465150403521,0.7263389581804842,0.0
Pape Matar Sarr,sn SEN,MF,Tottenham Hotspur,eng Premier League,23.0,23,13,1356,15.1,2,3,5,2,0,0,2,0,0.33,16,6,37.5,1.06,0.4,0.13,0.33,59,44.3,11,10,21.0,1.0,20,22,-2,-0.13,0.29,0,26,13,3,7,13,21,0.1327433628318584,0.19911504424778761,1.0619469026548671,0.39823008849557523,0.8628318584070797,1.3938053097345133,0.4646017699115044
Jean-Philippe Mateta,fr FRA,FW,Crystal Palace,eng Premier League,28.0,27,24,2063,22.9,10,0,10,6,4,4,2,0,0.26,59,30,50.8,2.57,1.31,0.1,0.2,76,69.5,12,3,30.0,1.22,21,25,-4,-0.17,-0.27,0,19,18,17,10,6,4,0.4362578768783325,0.0,2.573921473582162,1.3087736306349977,0.2617547261269995,0.17450315075133302,0.4362578768783325
Nemanja Matić,rs SRB,MF,Sassuolo,it Serie A,37.0,30,28,2444,27.2,1,1,2,1,0,0,6,1,0.07,10,4,40.0,0.37,0.15,0.1,0.25,81,79.9,19,2,39.0,1.3,32,34,-2,-0.07,0.07,0,22,39,0,11,22,27,0.036824877250409165,0.036824877250409165,0.36824877250409166,0.14729950900163666,0.8101472995090017,0.9942716857610475,0.40507364975450083
Chrislain Matsima,fr FRA,DF,Augsburg,de Bundesliga,23.0,15,14,1265,14.1,1,1,2,1,0,0,5,0,0.14,6,1,16.7,0.43,0.07,0.17,1.0,84,45.3,14,1,5.0,0.93,17,28,-11,-0.78,-0.49,0,8,4,0,4,29,9,0.07114624505928854,0.07114624505928854,0.42687747035573126,0.07114624505928854,2.0632411067193677,0.6403162055335968,0.2845849802371542
Jean Mattéo Bahoya,fr FRA,"MF,FW",Eintracht Frankfurt,de Bundesliga,20.0,24,14,1251,13.9,3,4,7,3,0,0,1,0,0.5,25,8,32.0,1.8,0.58,0.12,0.38,52,44.8,4,10,24.0,1.38,21,26,-5,-0.36,-0.54,0,12,21,2,31,11,12,0.2158273381294964,0.28776978417266186,1.7985611510791366,0.5755395683453237,0.7913669064748201,0.8633093525179856,2.2302158273381294
Konstantinos Mavropanos,gr GRE,DF,West Ham United,eng Premier League,28.0,27,23,2174,24.2,3,0,3,3,0,0,2,0,0.12,21,8,38.1,0.87,0.33,0.14,0.38,81,71.0,23,4,26.0,1.07,30,37,-7,-0.29,0.62,0,10,8,1,3,41,20,0.12419503219871206,0.0,0.8693652253909844,0.3311867525298988,1.6973321067157314,0.8279668813247469,0.12419503219871206
Christian Mawissa,fr FRA,"DF,MF",Monaco,fr Ligue 1,21.0,15,10,928,10.3,0,0,0,0,0,0,2,0,0.0,1,1,100.0,0.1,0.1,0.0,0.0,62,33.3,7,5,26.0,1.93,18,15,3,0.29,0.1,0,7,10,0,5,13,22,0.0,0.0,0.09698275862068965,0.09698275862068965,1.2607758620689655,2.133620689655172,0.4849137931034483
Borja Mayoral,es ESP,FW,Getafe,es La Liga,29.0,14,12,1041,11.6,4,1,5,4,0,1,0,0,0.43,14,7,50.0,1.21,0.61,0.29,0.57,74,35.1,6,2,34.0,1.0,9,15,-6,-0.52,-0.52,0,6,7,10,6,4,5,0.345821325648415,0.08645533141210375,1.2103746397694524,0.6051873198847262,0.345821325648415,0.43227665706051877,0.5187319884726225
Senny Mayulu,fr FRA,"MF,FW",Paris Saint-Germain,fr Ligue 1,19.0,22,18,1369,15.2,4,4,8,4,0,0,2,0,0.53,27,8,29.6,1.78,0.53,0.15,0.5,62,50.7,3,4,29.0,2.18,32,11,21,1.38,-0.11,0,22,18,1,21,8,24,0.26296566837107377,0.26296566837107377,1.7750182615047478,0.5259313367421475,0.5259313367421475,1.5777940102264427,1.3805697589481374
Ibrahim Maza,dz ALG,MF,Leverkusen,de Bundesliga,20.0,25,17,1585,17.6,3,3,6,3,0,0,2,0,0.34,44,14,31.8,2.5,0.79,0.07,0.21,63,56.8,7,8,33.0,1.68,37,22,15,0.85,0.48,0,17,32,3,55,15,22,0.17034700315457413,0.17034700315457413,2.498422712933754,0.7949526813880126,0.8517350157728707,1.249211356466877,3.1230283911671926
Samuel Mbangula,be BEL,"MF,FW",Werder Bremen,de Bundesliga,22.0,23,12,1085,12.1,3,2,5,3,0,0,0,0,0.41,15,7,46.7,1.24,0.58,0.2,0.43,47,38.9,1,11,21.0,0.96,14,20,-6,-0.5,0.14,0,4,22,3,22,3,10,0.2488479262672811,0.16589861751152074,1.2442396313364057,0.5806451612903226,0.2488479262672811,0.8294930875576036,1.8248847926267282
Kylian Mbappé,fr FRA,FW,Real Madrid,es La Liga,27.0,28,27,2397,26.6,24,4,28,16,8,9,4,0,0.75,132,61,46.2,4.96,2.29,0.12,0.26,86,80.7,18,1,27.0,2.21,49,24,25,0.94,-0.95,0,13,31,31,25,3,1,0.9011264080100125,0.1501877346683354,4.956195244055069,2.290362953692115,0.11264080100125157,0.03754693366708385,0.9386733416770963
Chancel Mbemba,cd COD,DF,Lille,fr Ligue 1,31.0,13,9,954,10.6,0,0,0,0,0,0,3,0,0.0,7,3,42.9,0.66,0.28,0.0,0.0,73,34.2,9,4,36.0,2.23,22,15,7,0.66,0.22,0,10,6,0,0,13,8,0.0,0.0,0.6603773584905661,0.2830188679245283,1.2264150943396226,0.7547169811320755,0.0
Bryan Mbeumo,cm CMR,"MF,FW",Manchester Utd,eng Premier League,26.0,29,28,2367,26.3,9,3,12,9,0,0,4,0,0.46,61,30,49.2,2.32,1.14,0.15,0.3,82,77.4,13,1,21.0,1.9,49,32,17,0.65,1.04,0,22,28,7,95,6,10,0.34220532319391633,0.11406844106463877,2.3193916349809887,1.1406844106463878,0.22813688212927755,0.38022813688212925,3.612167300380228
Pathé Mboup,sn SEN,MF,Brest,fr Ligue 1,22.0,25,8,952,10.6,1,0,1,1,0,0,6,0,0.09,20,10,50.0,1.89,0.95,0.05,0.1,38,35.3,1,17,23.0,1.24,11,16,-5,-0.47,-0.42,0,32,16,5,7,12,16,0.09453781512605042,0.0,1.8907563025210086,0.9453781512605043,1.134453781512605,1.5126050420168067,0.6617647058823529
Moustapha Mbow,sn SEN,DF,Paris FC,fr Ligue 1,26.0,29,28,2537,28.2,0,1,1,0,0,0,4,0,0.04,9,3,33.3,0.32,0.11,0.0,0.0,87,90.9,28,1,17.0,1.21,36,41,-5,-0.18,0.53,0,23,16,1,2,34,33,0.0,0.035474970437524636,0.3192747339377217,0.10642491131257391,1.2061489948758375,1.170674024438313,0.07094994087504927
John McGinn,sct SCO,MF,Aston Villa,eng Premier League,31.0,27,26,1959,21.8,4,3,7,4,0,0,4,0,0.32,22,9,40.9,1.01,0.41,0.18,0.44,73,64.0,6,1,45.0,1.85,31,25,6,0.28,0.36,0,29,46,0,73,12,16,0.18376722817764166,0.13782542113323124,1.010719754977029,0.41347626339969373,0.5513016845329249,0.7350689127105666,3.3537519142419603
Weston McKennie,us USA,MF,Juventus,it Serie A,27.0,32,28,2480,27.6,5,5,10,5,0,0,5,0,0.36,41,15,36.6,1.49,0.54,0.12,0.33,78,81.0,20,4,13.0,1.88,49,26,23,0.83,0.06,0,39,11,7,32,21,20,0.1814516129032258,0.1814516129032258,1.4879032258064517,0.5443548387096774,0.7620967741935485,0.7258064516129032,1.1612903225806452
Mark McKenzie,us USA,DF,Toulouse,fr Ligue 1,27.0,27,25,2224,24.7,0,2,2,0,0,0,6,1,0.08,6,1,16.7,0.24,0.04,0.0,0.0,82,79.7,22,2,19.0,1.22,33,36,-3,-0.12,-0.44,0,29,11,1,4,23,28,0.0,0.08093525179856116,0.24280575539568347,0.04046762589928058,0.9307553956834532,1.1330935251798562,0.16187050359712232
Dwight McNeil,eng ENG,MF,Everton,eng Premier League,26.0,21,14,1165,12.9,0,1,1,0,0,0,1,0,0.08,24,5,20.8,1.85,0.39,0.0,0.0,55,38.1,3,7,14.0,1.52,14,8,6,0.46,0.75,0,11,7,2,40,10,16,0.0,0.07725321888412016,1.8540772532188843,0.38626609442060084,0.7725321888412017,1.2360515021459226,3.0901287553648067
Scott McTominay,sct SCO,MF,Napoli,it Serie A,29.0,29,27,2431,27.0,9,3,12,9,0,1,1,0,0.44,88,33,37.5,3.26,1.22,0.1,0.27,84,79.4,23,2,38.0,2.14,43,24,19,0.7,0.7,0,21,58,5,9,21,13,0.3331962155491567,0.11106540518305225,3.2579185520361995,1.2217194570135748,0.7774578362813657,0.48128342245989303,0.3331962155491567
Facundo Medina,ar ARG,DF,Marseille,fr Ligue 1,26.0,14,13,1095,12.2,0,1,1,0,0,0,6,0,0.08,4,1,25.0,0.33,0.08,0.0,0.0,78,39.2,10,1,6.0,1.71,22,19,3,0.25,-0.55,0,19,8,0,13,16,11,0.0,0.0821917808219178,0.3287671232876712,0.0821917808219178,1.3150684931506849,0.9041095890410958,1.0684931506849316
Henrik Meister,dk DEN,FW,Pisa,it Serie A,22.0,25,15,1437,16.0,2,0,2,2,0,0,1,0,0.13,20,8,40.0,1.25,0.5,0.1,0.25,57,47.0,6,10,31.0,0.52,13,26,-13,-0.81,0.52,0,25,17,4,0,0,3,0.12526096033402923,0.0,1.2526096033402923,0.5010438413361169,0.0,0.1878914405010438,0.0
Bamo Meïté,ci CIV,DF,Lorient,fr Ligue 1,24.0,24,22,1961,21.8,0,3,3,0,0,0,5,0,0.14,8,1,12.5,0.37,0.05,0.0,0.0,82,70.3,18,2,25.0,1.5,31,29,2,0.09,0.85,0,30,24,2,12,13,15,0.0,0.13768485466598673,0.36715961244263134,0.04589495155532892,0.5966343702192759,0.6884242733299337,0.5507394186639469
Hannibal Mejbri,tn TUN,MF,Burnley,eng Premier League,23.0,23,12,990,11.0,1,3,4,1,0,0,7,0,0.36,14,4,28.6,1.27,0.36,0.07,0.25,43,32.4,3,11,13.0,0.78,12,22,-10,-0.91,0.13,0,17,36,3,25,7,13,0.09090909090909091,0.2727272727272727,1.2727272727272727,0.36363636363636365,0.6363636363636364,1.1818181818181819,2.2727272727272725
Nuno Mendes,pt POR,DF,Paris Saint-Germain,fr Ligue 1,23.0,20,13,1256,14.0,4,5,9,3,1,1,1,0,0.57,30,15,50.0,2.15,1.07,0.1,0.2,63,46.5,10,7,22.0,2.25,29,12,17,1.22,-0.4,0,12,25,3,44,14,20,0.28662420382165604,0.35828025477707004,2.1496815286624207,1.0748407643312103,1.003184713375796,1.4331210191082802,3.1528662420382165
Brais Méndez,es ESP,"MF,FW",Real Sociedad,es La Liga,29.0,28,20,1604,17.8,6,2,8,5,1,2,4,1,0.39,36,16,44.4,2.02,0.9,0.14,0.31,57,54.0,3,8,22.0,1.29,25,25,0,0.0,0.0,0,42,32,7,60,7,17,0.33665835411471323,0.11221945137157106,2.0199501246882794,0.8977556109725685,0.3927680798004987,0.9538653366583542,3.3665835411471323
Antoine Mendy,sn SEN,DF,Nice,fr Ligue 1,21.0,22,21,1827,20.3,1,0,1,1,0,0,5,0,0.05,15,7,46.7,0.74,0.34,0.07,0.14,83,65.5,18,1,11.0,0.95,24,35,-11,-0.54,0.49,0,28,20,1,16,15,30,0.04926108374384237,0.0,0.7389162561576355,0.3448275862068965,0.7389162561576355,1.477832512315271,0.7881773399014779
Batista Mendy,fr FRA,MF,Sevilla,es La Liga,26.0,26,19,1608,17.9,1,0,1,1,0,0,6,0,0.06,17,5,29.4,0.95,0.28,0.06,0.2,62,54.1,10,7,18.0,1.08,16,26,-10,-0.56,-0.23,0,36,27,0,5,18,23,0.055970149253731345,0.0,0.9514925373134329,0.27985074626865675,1.007462686567164,1.287313432835821,0.27985074626865675
Nobel Mendy,sn SEN,DF,Rayo Vallecano,es La Liga,21.0,20,19,1524,16.9,2,0,2,2,0,0,8,2,0.12,11,3,27.3,0.65,0.18,0.18,0.67,76,51.3,9,1,51.0,1.1,16,23,-7,-0.41,-0.35,1,27,10,1,6,21,9,0.11811023622047244,0.0,0.6496062992125984,0.17716535433070865,1.2401574803149606,0.5314960629921259,0.3543307086614173
Gideon Mensah,gh GHA,DF,Auxerre,fr Ligue 1,27.0,27,23,2070,23.0,0,1,1,0,0,0,8,0,0.04,1,0,0.0,0.04,0.0,0.0,0.0,77,74.2,14,4,22.0,0.81,20,26,-6,-0.26,0.86,0,33,31,1,57,23,33,0.0,0.043478260869565216,0.043478260869565216,0.0,1.0,1.434782608695652,2.4782608695652173
Khalis Merah,fr FRA,"MF,FW",Lyon,fr Ligue 1,19.0,20,13,981,10.9,0,1,1,0,0,0,2,0,0.09,5,3,60.0,0.46,0.28,0.0,0.0,49,35.2,0,7,15.0,2.25,16,8,8,0.73,0.34,0,11,17,0,11,4,14,0.0,0.09174311926605505,0.45871559633027525,0.27522935779816515,0.3669724770642202,1.2844036697247707,1.0091743119266054
Mikel Merino,es ESP,"MF,FW",Arsenal,eng Premier League,29.0,21,10,1007,11.2,4,3,7,4,0,0,1,0,0.63,21,8,38.1,1.88,0.71,0.19,0.5,48,32.9,5,11,22.0,2.19,22,9,13,1.16,0.07,0,21,20,3,4,9,13,0.3574975173783515,0.26812313803376364,1.8768619662363457,0.714995034756703,0.804369414101291,1.1618669314796426,0.3574975173783515
Quentin Merlin,fr FRA,"MF,DF",Rennes,fr Ligue 1,23.0,30,24,2263,25.1,1,4,5,1,0,0,1,0,0.2,24,7,29.2,0.95,0.28,0.04,0.14,75,81.1,20,6,32.0,1.83,40,35,5,0.2,-1.0,0,17,29,5,140,26,32,0.039770216526734424,0.1590808661069377,0.9544851966416262,0.278391515687141,1.034025629695095,1.2726469288555016,5.567830313742819
Dayann Methalie,fr FRA,MF,Toulouse,fr Ligue 1,20.0,25,20,1736,19.3,0,1,1,0,0,0,7,0,0.05,12,5,41.7,0.62,0.26,0.0,0.0,69,62.2,6,5,27.0,1.0,19,28,-9,-0.47,-1.15,0,52,10,0,40,22,26,0.0,0.05184331797235023,0.6221198156682028,0.25921658986175117,1.140552995391705,1.3479262672811059,2.0737327188940093
Karol Mets,ee EST,DF,St Pauli,de Bundesliga,32.0,22,21,1842,20.5,1,0,1,1,0,0,2,0,0.05,6,1,16.7,0.29,0.05,0.17,1.0,84,66.0,17,1,16.0,0.82,16,38,-22,-1.07,-0.6,0,12,10,1,5,20,22,0.048859934853420196,0.0,0.2931596091205212,0.048859934853420196,0.9771986970684039,1.0749185667752443,0.24429967426710097
Thomas Meunier,be BEL,DF,Lille,fr Ligue 1,34.0,23,19,1735,19.3,2,2,4,2,0,0,2,0,0.21,17,4,23.5,0.88,0.21,0.12,0.5,75,62.2,15,4,18.0,2.09,34,18,16,0.83,0.83,0,28,3,1,46,16,17,0.1037463976945245,0.1037463976945245,0.8818443804034583,0.207492795389049,0.829971181556196,0.8818443804034583,2.3861671469740635
Georges Mikautadze,ge GEO,FW,Villarreal,es La Liga,25.0,28,20,1858,20.6,9,5,14,9,0,0,1,0,0.68,55,26,47.3,2.66,1.26,0.16,0.35,66,62.6,7,8,30.0,1.93,34,26,8,0.39,-0.66,0,11,43,2,20,5,3,0.43595263724434874,0.24219590958019377,2.6641550053821312,1.2594187298170074,0.24219590958019377,0.14531754574811626,0.9687836383207751
William Mikelbrencis,fr FRA,"MF,DF",Hamburger SV,de Bundesliga,22.0,25,15,1370,15.2,0,4,4,0,0,0,3,0,0.26,12,6,50.0,0.79,0.39,0.0,0.0,55,49.1,5,10,16.0,1.04,17,34,-17,-1.12,-1.18,0,18,5,5,53,6,22,0.0,0.2627737226277372,0.7883211678832117,0.39416058394160586,0.39416058394160586,1.4452554744525548,3.4817518248175183
Nikola Milenković,rs SRB,DF,Nottingham Forest,eng Premier League,28.0,34,34,3060,34.0,0,0,0,0,0,0,6,0,0.0,15,1,6.7,0.44,0.03,0.0,0.0,90,100.0,34,0,0.0,1.15,41,45,-4,-0.12,0.0,0,18,19,1,2,29,18,0.0,0.0,0.4411764705882353,0.029411764705882353,0.8529411764705882,0.5294117647058824,0.058823529411764705
Lewis Miley,eng ENG,"MF,DF",Newcastle United,eng Premier League,19.0,22,14,1406,15.6,1,4,5,1,0,0,0,0,0.32,12,4,33.3,0.77,0.26,0.08,0.25,64,45.9,12,8,22.0,1.23,22,21,1,0.06,0.34,0,5,4,2,41,20,18,0.06401137980085349,0.25604551920341395,0.7681365576102419,0.25604551920341395,1.2802275960170697,1.1522048364153628,2.624466571834993
Éder Militão,br BRA,DF,Real Madrid,es La Liga,28.0,16,14,1139,12.7,2,1,3,2,0,0,2,0,0.24,21,9,42.9,1.66,0.71,0.1,0.22,71,38.4,9,2,39.0,2.06,26,9,17,1.34,0.36,0,15,13,0,1,10,16,0.15803336259877085,0.07901668129938542,1.6593503072870939,0.7111501316944688,0.7901668129938543,1.2642669007901668,0.07901668129938542
Luis Milla,es ESP,MF,Getafe,es La Liga,31.0,32,32,2833,31.5,0,9,9,0,0,0,5,1,0.29,20,2,10.0,0.64,0.06,0.0,0.0,89,95.4,27,0,0.0,1.38,28,31,-3,-0.1,1.88,0,27,42,2,188,41,27,0.0,0.2859159901164843,0.6353688669255206,0.06353688669255206,1.3025061771973174,0.8577479703494528,5.972467349099894
Pere Milla,es ESP,"MF,FW",Espanyol,es La Liga,33.0,29,23,1807,20.1,6,0,6,6,0,0,6,1,0.3,55,19,34.5,2.74,0.95,0.11,0.32,62,60.8,1,6,23.0,1.28,22,22,0,0.0,0.93,0,23,35,9,30,15,22,0.29883785279468733,0.0,2.7393469839513007,0.9463198671831765,0.7470946319867183,1.09573879358052,1.4941892639734367
Kim Min-jae,kr KOR,DF,Bayern Munich,de Bundesliga,29.0,23,17,1467,16.3,1,1,2,1,0,0,1,0,0.12,3,2,66.7,0.18,0.12,0.33,0.5,64,52.6,10,6,8.0,2.61,54,18,36,2.21,-0.85,0,9,3,0,1,31,16,0.06134969325153374,0.06134969325153374,0.18404907975460125,0.12269938650306748,1.9018404907975461,0.9815950920245399,0.06134969325153374
Yerry Mina,co COL,DF,Cagliari,it Serie A,31.0,23,23,1880,20.9,1,0,1,1,0,0,5,1,0.05,7,2,28.6,0.34,0.1,0.14,0.5,82,61.4,18,0,0.0,1.22,22,27,-5,-0.24,0.37,1,25,34,3,1,21,15,0.047872340425531915,0.0,0.3351063829787234,0.09574468085106383,1.0053191489361704,0.7180851063829786,0.047872340425531915
Takumi Minamino,jp JPN,MF,Monaco,fr Ligue 1,31.0,15,11,944,10.5,3,2,5,3,0,0,4,0,0.48,21,7,33.3,2.0,0.67,0.14,0.43,63,33.8,1,4,22.0,1.53,17,14,3,0.29,0.09,0,10,8,3,8,3,3,0.2860169491525424,0.1906779661016949,2.0021186440677967,0.6673728813559322,0.2860169491525424,0.2860169491525424,0.7627118644067796
Tyrone Mings,eng ENG,DF,Aston Villa,eng Premier League,33.0,14,12,1054,11.7,0,0,0,0,0,0,0,0,0.0,8,1,12.5,0.68,0.09,0.0,0.0,75,34.4,11,2,17.0,1.21,11,18,-7,-0.6,-1.14,0,6,6,0,3,9,2,0.0,0.0,0.683111954459203,0.08538899430740038,0.7685009487666035,0.17077798861480076,0.25616698292220114
Óscar Mingueza,es ESP,"MF,DF",Celta Vigo,es La Liga,26.0,29,20,1806,20.1,1,4,5,1,0,0,4,0,0.25,14,5,35.7,0.7,0.25,0.07,0.2,62,60.8,9,9,28.0,1.34,35,24,11,0.55,1.24,0,14,26,0,62,9,17,0.04983388704318937,0.19933554817275748,0.6976744186046512,0.24916943521594687,0.4485049833887043,0.8471760797342193,3.089700996677741
Yankuba Minteh,gm GAM,MF,Brighton,eng Premier League,21.0,30,23,2077,23.1,2,4,6,2,0,0,3,0,0.26,38,10,26.3,1.65,0.43,0.05,0.2,69,67.9,9,7,27.0,1.33,35,29,6,0.26,-0.01,0,28,21,10,123,13,33,0.08666345690900337,0.17332691381800674,1.646605681271064,0.4333172845450169,0.5633124699085219,1.4299470389985558,5.329802599903707
Rafa Mir,es ESP,"FW,MF",Elche,es La Liga,28.0,27,21,1803,20.0,8,0,8,7,1,2,4,0,0.35,69,36,52.2,3.44,1.8,0.1,0.19,67,60.7,7,6,21.0,1.22,30,24,6,0.3,1.22,0,39,16,7,19,4,7,0.3993344425956739,0.0,3.4442595673876872,1.7970049916805324,0.19966722129783696,0.34941763727121466,0.9484193011647254
Juan Miranda,es ESP,DF,Bologna,it Serie A,26.0,28,25,2213,24.6,1,2,3,1,0,0,6,0,0.12,11,4,36.4,0.45,0.16,0.09,0.25,79,72.3,21,3,20.0,1.57,35,31,4,0.16,0.48,0,23,24,2,157,31,23,0.04066877541798464,0.08133755083596927,0.447356529597831,0.16267510167193855,1.2607320379575238,0.9353818346136467,6.3849977406235885
Tyrick Mitchell,eng ENG,MF,Crystal Palace,eng Premier League,26.0,33,33,2891,32.1,1,2,3,1,0,0,5,0,0.09,14,5,35.7,0.44,0.16,0.07,0.2,88,97.3,28,0,0.0,1.3,33,38,-5,-0.16,-2.43,0,24,23,5,98,30,57,0.03113109650639917,0.06226219301279834,0.4358353510895884,0.15565548253199585,0.9339328951919751,1.7744725008647526,3.0508474576271185
Kaoru Mitoma,jp JPN,"MF,FW",Brighton,eng Premier League,28.0,23,17,1574,17.5,3,1,4,3,0,0,3,0,0.23,28,13,46.4,1.6,0.74,0.11,0.23,68,51.4,9,6,28.0,1.39,21,17,4,0.23,-0.07,0,28,19,4,38,8,11,0.17153748411689962,0.05717916137229988,1.6010165184243965,0.7433290978398983,0.457433290978399,0.6289707750952986,2.172808132147395
Maximilian Mittelstädt,de GER,"DF,MF",Stuttgart,de Bundesliga,29.0,29,22,2001,22.2,5,4,9,2,3,3,3,0,0.27,28,15,53.6,1.26,0.67,0.07,0.13,69,71.7,12,7,20.0,1.76,42,27,15,0.67,0.1,0,10,23,2,110,33,39,0.22488755622188908,0.17991004497751123,1.2593703148425788,0.6746626686656672,1.4842578710644678,1.7541229385307346,4.947526236881559
Henrikh Mkhitaryan,am ARM,MF,Inter,it Serie A,37.0,26,14,1319,14.7,2,1,3,2,0,0,3,0,0.2,35,9,25.7,2.39,0.61,0.06,0.22,51,43.1,5,12,23.0,2.31,37,11,26,1.77,0.59,0,23,15,3,40,15,25,0.13646702047005307,0.06823351023502654,2.3881728582259285,0.6141015921152388,1.0235026535253982,1.7058377558756632,2.7293404094010616
Luka Modrić,hr CRO,MF,Milan,it Serie A,40.0,33,32,2782,30.9,2,3,5,2,0,0,4,0,0.16,19,8,42.1,0.61,0.26,0.11,0.25,84,90.9,25,1,4.0,2.0,45,26,19,0.61,-0.03,0,23,32,0,109,35,26,0.06470165348670022,0.09705248023005032,0.6146657081236521,0.2588066139468009,1.1322789360172538,0.8411214953271028,3.5262401150251614
Mostafa Mohamed,eg EGY,FW,Nantes,fr Ligue 1,28.0,23,13,1143,12.7,4,0,4,4,0,0,1,0,0.31,35,8,22.9,2.76,0.63,0.11,0.5,50,41.0,2,10,18.0,0.52,7,24,-17,-1.34,-0.9,0,17,27,4,8,7,6,0.31496062992125984,0.0,2.7559055118110236,0.6299212598425197,0.5511811023622047,0.47244094488188976,0.6299212598425197
Johan Mojica,co COL,DF,Mallorca,es La Liga,33.0,32,27,2489,27.7,0,3,3,0,0,0,5,0,0.11,15,2,13.3,0.54,0.07,0.0,0.0,78,83.8,22,5,17.0,1.09,35,42,-7,-0.25,0.31,0,26,29,2,114,20,29,0.0,0.10847730012053033,0.5423865006026517,0.07231820008035356,0.7231820008035356,1.0486139011651265,4.122137404580153
Alberto Moleiro,es ESP,MF,Villarreal,es La Liga,22.0,32,26,2090,23.2,9,4,13,9,0,0,4,0,0.56,41,18,43.9,1.77,0.78,0.22,0.5,65,70.4,5,6,22.0,2.03,42,24,18,0.78,0.47,0,31,25,3,21,10,16,0.38755980861244016,0.1722488038277512,1.7655502392344498,0.7751196172248803,0.43062200956937796,0.6889952153110048,0.9043062200956937
Nahuel Molina,ar ARG,DF,Atlético Madrid,es La Liga,28.0,24,12,1210,13.4,2,2,4,2,0,0,4,0,0.3,11,3,27.3,0.82,0.22,0.18,0.67,50,40.7,10,12,18.0,1.92,18,17,1,0.07,-0.85,0,14,4,2,42,14,23,0.1487603305785124,0.1487603305785124,0.8181818181818181,0.2231404958677686,1.0413223140495866,1.7107438016528924,3.12396694214876
Jon Moncayola,es ESP,MF,Osasuna,es La Liga,27.0,31,30,2615,29.1,0,4,4,0,0,0,8,0,0.14,21,4,19.0,0.72,0.14,0.0,0.0,84,88.0,19,1,25.0,1.16,30,36,-6,-0.21,-1.47,0,35,11,0,118,22,21,0.0,0.13766730401529637,0.7227533460803058,0.13766730401529637,0.75717017208413,0.7227533460803058,4.061185468451242
Álvaro Morata,es ESP,FW,Como,it Serie A,33.0,23,9,902,10.0,0,1,1,0,0,1,4,1,0.1,22,7,31.8,2.2,0.7,0.0,0.0,39,29.5,1,14,20.0,1.65,14,6,8,0.8,-0.16,1,16,31,8,9,1,10,0.0,0.09977827050997783,2.1951219512195124,0.6984478935698448,0.09977827050997783,0.9977827050997784,0.8980044345898004
Morato,br BRA,DF,Nottingham Forest,eng Premier League,24.0,17,10,985,10.9,0,0,0,0,0,0,4,0,0.0,4,1,25.0,0.37,0.09,0.0,0.0,58,32.2,9,7,14.0,1.29,6,17,-11,-1.01,-1.31,0,11,7,1,1,8,16,0.0,0.0,0.3654822335025381,0.09137055837563453,0.7309644670050762,1.4619289340101524,0.09137055837563453
Afonso Moreira,pt POR,"MF,FW",Lyon,fr Ligue 1,21.0,24,15,1452,16.1,3,7,10,3,0,0,3,0,0.62,32,11,34.4,1.98,0.68,0.09,0.27,61,52.0,10,9,15.0,2.04,30,15,15,0.93,0.86,0,22,43,4,93,9,19,0.1859504132231405,0.43388429752066116,1.9834710743801653,0.6818181818181819,0.5578512396694215,1.177685950413223,5.7644628099173545
Diego Moreira,be BEL,MF,Strasbourg,fr Ligue 1,21.0,24,21,1845,20.5,3,4,7,3,0,0,4,0,0.34,23,9,39.1,1.12,0.44,0.13,0.33,77,68.3,7,3,25.0,1.46,36,25,11,0.54,0.64,0,15,25,8,83,16,23,0.14634146341463414,0.1951219512195122,1.1219512195121952,0.43902439024390244,0.7804878048780488,1.1219512195121952,4.048780487804878
Alberto Moreno,es ESP,DF,Como,it Serie A,33.0,15,11,1002,11.1,1,1,2,1,0,0,2,0,0.18,9,3,33.3,0.81,0.27,0.11,0.33,67,32.7,6,4,20.0,1.93,22,8,14,1.26,0.51,0,15,6,2,26,4,10,0.08982035928143711,0.08982035928143711,0.8083832335329341,0.2694610778443114,0.35928143712574845,0.8982035928143712,2.3353293413173652
Álex Moreno,es ESP,DF,Girona,es La Liga,32.0,27,24,2199,24.4,0,3,3,0,0,0,5,0,0.12,16,4,25.0,0.65,0.16,0.0,0.0,81,74.0,23,3,23.0,1.19,25,36,-11,-0.45,-0.1,0,25,15,9,52,22,21,0.0,0.12278308321964529,0.6548431105047748,0.1637107776261937,0.9004092769440655,0.859481582537517,2.1282401091405188
Gerard Moreno,es ESP,FW,Villarreal,es La Liga,34.0,18,14,1122,12.5,9,0,9,6,3,3,0,0,0.48,34,15,44.1,2.73,1.2,0.18,0.4,62,37.8,3,4,32.0,2.17,27,12,15,1.2,0.91,0,11,15,4,9,2,8,0.7219251336898397,0.0,2.7272727272727275,1.2032085561497325,0.16042780748663102,0.6417112299465241,0.7219251336898397
Matias Moreno,ar ARG,DF,Levante,es La Liga,22.0,23,22,1802,20.0,0,0,0,0,0,0,7,0,0.0,8,0,0.0,0.4,0.0,0.0,0.0,78,60.7,16,1,6.0,1.17,23,21,2,0.1,1.26,0,21,19,2,1,31,25,0.0,0.0,0.3995560488346282,0.0,1.5482796892341844,1.248612652608213,0.049944506104328525
Stefano Moreo,it ITA,"FW,MF",Pisa,it Serie A,32.0,33,25,2021,22.5,6,1,7,4,2,2,2,0,0.22,47,18,38.3,2.09,0.8,0.09,0.22,61,66.0,10,8,18.0,0.55,19,44,-25,-1.11,-0.07,0,22,17,5,22,18,10,0.2671944581890153,0.044532409698169226,2.0930232558139537,0.801583374567046,0.801583374567046,0.4453240969816922,0.9797130133597228
Ilaix Moriba,gn GUI,MF,Celta Vigo,es La Liga,23.0,32,22,2135,23.7,1,2,3,1,0,0,6,0,0.13,16,4,25.0,0.67,0.17,0.06,0.25,67,71.9,18,10,25.0,1.38,34,28,6,0.25,0.68,0,29,52,0,2,14,38,0.04215456674473068,0.08430913348946135,0.6744730679156908,0.1686182669789227,0.5901639344262295,1.601873536299766,0.08430913348946135
Manu Morlanes,es ESP,MF,Mallorca,es La Liga,27.0,27,17,1373,15.3,2,0,2,2,0,0,4,1,0.13,11,3,27.3,0.72,0.2,0.18,0.67,51,46.2,1,10,18.0,1.11,20,24,-4,-0.26,0.08,1,17,8,0,5,15,24,0.13109978150036417,0.0,0.721048798252003,0.19664967225054625,0.9832483612527312,1.57319737800437,0.3277494537509104
Nikola Moro,hr CRO,MF,Bologna,it Serie A,28.0,26,18,1653,18.4,2,0,2,2,0,0,1,0,0.11,19,1,5.3,1.03,0.05,0.11,2.0,64,54.0,9,8,29.0,1.65,25,16,9,0.49,1.0,0,15,15,1,47,17,7,0.10889292196007261,0.0,1.0344827586206897,0.054446460980036304,0.925589836660617,0.3811252268602541,2.558983666061706
Tyler Morton,eng ENG,MF,Lyon,fr Ligue 1,23.0,27,27,2352,26.1,2,2,4,2,0,0,6,1,0.15,25,7,28.0,0.96,0.27,0.08,0.29,87,84.3,22,0,0.0,1.85,42,26,16,0.61,0.61,0,28,18,0,83,23,28,0.07653061224489796,0.07653061224489796,0.9566326530612245,0.26785714285714285,0.8801020408163266,1.0714285714285714,3.1760204081632653
Yerson Mosquera,co COL,DF,Wolves,eng Premier League,24.0,23,20,1776,19.7,0,0,0,0,0,0,11,0,0.0,22,6,27.3,1.11,0.3,0.0,0.0,77,58.0,13,3,26.0,0.7,18,34,-16,-0.81,0.73,0,25,36,1,17,17,32,0.0,0.0,1.114864864864865,0.30405405405405406,0.8614864864864864,1.6216216216216217,0.8614864864864864
Samir El Mourabet,ma MAR,MF,Strasbourg,fr Ligue 1,20.0,30,23,1903,21.1,1,2,3,1,0,0,4,0,0.14,11,1,9.1,0.52,0.05,0.09,1.0,63,70.5,8,7,24.0,1.53,34,22,12,0.57,0.79,0,22,19,3,18,26,33,0.04729374671571203,0.09458749343142406,0.5202312138728323,0.04729374671571203,1.229637414608513,1.5606936416184969,0.8512874408828167
Santiago Mouriño,uy URU,DF,Villarreal,es La Liga,24.0,25,24,2107,23.4,1,2,3,1,0,0,10,1,0.13,14,3,21.4,0.6,0.13,0.07,0.33,84,70.9,17,1,45.0,1.96,45,27,18,0.77,0.46,1,49,30,1,6,26,58,0.04271476032273375,0.0854295206454675,0.5980066445182725,0.12814428096820124,1.1105837683910773,2.477456098718557,0.2562885619364025
Louis Mouton,fr FRA,MF,Angers,fr Ligue 1,23.0,30,23,1802,20.0,2,1,3,2,0,0,2,1,0.15,35,8,22.9,1.75,0.4,0.06,0.25,60,64.6,2,7,16.0,1.13,14,26,-12,-0.6,-0.14,0,20,16,4,28,12,25,0.09988901220865705,0.049944506104328525,1.7480577136514983,0.3995560488346282,0.5993340732519422,1.248612652608213,1.3984461709211988
Tarik Muharemovic,ba BIH,DF,Sassuolo,it Serie A,23.0,29,29,2565,28.5,2,2,4,2,0,0,6,0,0.14,19,6,31.6,0.67,0.21,0.11,0.33,88,83.8,28,0,0.0,1.24,32,41,-9,-0.32,-1.41,0,22,20,0,2,40,24,0.07017543859649122,0.07017543859649122,0.6666666666666667,0.2105263157894737,1.4035087719298245,0.8421052631578948,0.07017543859649122
Miro Muheim,ch SUI,"MF,DF",Hamburger SV,de Bundesliga,28.0,28,27,2407,26.7,0,4,4,0,0,0,7,1,0.15,24,7,29.2,0.9,0.26,0.0,0.0,86,86.3,23,1,32.0,1.11,33,41,-8,-0.3,1.58,0,38,50,1,147,27,35,0.0,0.14956377233070212,0.8973826339842127,0.2617366015787287,1.0095554632322392,1.3086830078936436,5.496468633153303
Ngal'Ayel Mukau,cd COD,MF,Lille,fr Ligue 1,21.0,27,16,1363,15.1,1,0,1,1,0,0,3,0,0.07,18,4,22.2,1.19,0.26,0.06,0.25,50,48.9,3,11,16.0,1.85,23,19,4,0.26,-0.49,0,23,19,4,1,10,17,0.06603081438004402,0.0,1.1885546588407925,0.26412325752017607,0.6603081438004402,1.1225238444607484,0.06603081438004402
Nordi Mukiele,fr FRA,DF,Sunderland,eng Premier League,28.0,28,28,2424,26.9,2,3,5,2,0,0,5,0,0.19,20,3,15.0,0.74,0.11,0.1,0.67,87,79.2,25,0,0.0,1.29,28,37,-9,-0.33,-0.33,0,28,22,3,74,31,42,0.07425742574257425,0.11138613861386139,0.7425742574257425,0.11138613861386139,1.1509900990099011,1.5594059405940595,2.7475247524752477
Daniel Muñoz,co COL,MF,Crystal Palace,eng Premier League,29.0,24,24,2048,22.8,4,2,6,4,0,0,7,0,0.26,23,10,43.5,1.01,0.44,0.17,0.4,85,69.0,20,0,0.0,1.54,27,24,3,0.13,0.72,0,33,17,6,57,22,39,0.17578125,0.087890625,1.0107421875,0.439453125,0.966796875,1.7138671875,2.5048828125
Víctor Muñoz,es ESP,"MF,FW",Osasuna,es La Liga,22.0,33,30,2566,28.5,5,2,7,5,0,0,3,0,0.25,77,29,37.7,2.7,1.02,0.06,0.17,78,86.4,14,3,34.0,1.27,31,30,1,0.04,0.48,0,32,52,5,95,10,13,0.17537022603273578,0.0701480904130943,2.700701480904131,1.0171473109898674,0.35074045206547155,0.45596258768511305,3.3320342946219794
Murillo,br BRA,DF,Nottingham Forest,eng Premier League,23.0,25,25,2130,23.7,1,0,1,1,0,0,5,0,0.04,11,4,36.4,0.46,0.17,0.09,0.25,85,69.6,22,0,0.0,1.24,29,29,0,0.0,0.39,0,23,7,0,2,29,23,0.04225352112676056,0.0,0.4647887323943662,0.16901408450704225,1.2253521126760563,0.971830985915493,0.08450704225352113
Vedat Muriqi,xk KVX,FW,Mallorca,es La Liga,32.0,32,31,2678,29.8,21,1,22,16,5,7,3,1,0.57,95,43,45.3,3.19,1.45,0.17,0.37,84,90.2,21,1,17.0,1.06,38,45,-7,-0.24,0.69,0,33,58,13,3,3,3,0.7057505601194922,0.03360716952949963,3.1926811053024644,1.445108289768484,0.10082150858849888,0.10082150858849888,0.10082150858849888
Jacob Murphy,eng ENG,"FW,MF",Newcastle United,eng Premier League,31.0,29,16,1429,15.9,3,1,4,3,0,0,2,0,0.25,40,12,30.0,2.52,0.76,0.08,0.25,49,46.7,1,13,22.0,1.21,22,17,5,0.31,0.81,0,9,10,5,112,3,11,0.18894331700489853,0.06298110566829951,2.5192442267319803,0.7557732680195941,0.18894331700489853,0.6927921623512946,7.053883834849545
Junior Mwanga,fr FRA,MF,Nantes,fr Ligue 1,22.0,15,15,1260,14.0,1,1,2,1,0,0,2,1,0.14,9,3,33.3,0.64,0.21,0.11,0.33,84,45.2,12,0,0.0,0.73,15,27,-12,-0.86,-0.09,0,15,14,0,5,8,14,0.07142857142857142,0.07142857142857142,0.6428571428571428,0.2142857142857143,0.5714285714285714,1.0,0.3571428571428571
Phillipp Mwene,at AUT,MF,Mainz 05,de Bundesliga,32.0,26,21,1799,20.0,0,2,2,0,0,0,4,0,0.1,6,0,0.0,0.3,0.0,0.0,0.0,69,64.5,11,5,20.0,1.08,26,32,-6,-0.3,0.06,0,19,29,3,71,9,15,0.0,0.10005558643690939,0.30016675931072817,0.0,0.45025013896609223,0.7504168982768205,3.5519733185102833
Vitaliy Mykolenko,ua UKR,DF,Everton,eng Premier League,26.0,29,29,2598,28.9,0,1,1,0,0,0,5,0,0.03,9,2,22.2,0.31,0.07,0.0,0.0,90,84.9,26,0,0.0,1.45,38,38,0,0.0,0.0,0,26,26,0,85,26,23,0.0,0.03464203233256351,0.3117782909930716,0.06928406466512702,0.9006928406466513,0.7967667436489607,2.9445727482678983
Joakim Mæhle,dk DEN,"MF,DF",Wolfsburg,de Bundesliga,28.0,13,11,952,10.6,1,2,3,1,0,0,1,0,0.28,13,3,23.1,1.23,0.28,0.08,0.33,73,34.1,8,2,4.0,0.77,11,21,-10,-0.95,-0.21,0,7,6,0,17,16,16,0.09453781512605042,0.18907563025210083,1.2289915966386555,0.28361344537815125,1.5126050420168067,1.5126050420168067,1.607142857142857
Obite N'Dicka,ci CIV,DF,Roma,it Serie A,26.0,28,28,2464,27.4,3,0,3,3,0,0,5,0,0.11,21,5,23.8,0.77,0.18,0.14,0.6,88,80.5,26,0,0.0,1.86,38,23,15,0.55,-0.06,0,30,35,0,2,39,15,0.10957792207792208,0.0,0.7670454545454545,0.18262987012987011,1.424512987012987,0.5478896103896104,0.07305194805194806
Nikolas Nartey,dk DEN,MF,Stuttgart,de Bundesliga,26.0,26,12,1093,12.1,3,2,5,3,0,0,2,0,0.41,20,10,50.0,1.65,0.82,0.15,0.3,42,39.2,2,14,16.0,2.08,29,11,18,1.48,1.38,0,17,19,1,14,10,11,0.24702653247941445,0.16468435498627632,1.6468435498627632,0.8234217749313816,0.8234217749313816,0.9057639524245197,1.152790484903934
Natan,br BRA,DF,Real Betis,es La Liga,25.0,29,29,2524,28.0,0,0,0,0,0,0,7,0,0.0,10,1,10.0,0.36,0.04,0.0,0.0,87,85.0,26,0,0.0,1.55,43,37,6,0.21,-0.19,0,24,11,0,1,35,16,0.0,0.0,0.35657686212361334,0.03565768621236133,1.2480190174326466,0.5705229793977813,0.03565768621236133
Pau Navarro,es ESP,DF,Villarreal,es La Liga,21.0,20,20,1661,18.5,0,0,0,0,0,0,4,0,0.0,1,1,100.0,0.05,0.05,0.0,0.0,83,55.9,16,0,0.0,1.8,29,21,8,0.43,-0.46,0,31,10,1,2,18,34,0.0,0.0,0.054184226369656835,0.054184226369656835,0.975316074653823,1.8422636965683326,0.10836845273931367
Roberto Navarro,es ESP,MF,Athletic Club,es La Liga,24.0,27,7,968,10.8,5,1,6,5,0,0,1,0,0.56,17,9,52.9,1.58,0.84,0.29,0.56,36,32.6,1,20,26.0,1.26,17,16,1,0.09,0.68,0,14,15,4,55,7,8,0.46487603305785125,0.09297520661157024,1.5805785123966942,0.8367768595041323,0.6508264462809917,0.743801652892562,5.113636363636363
Michel Ndary Adopo,fr FRA,MF,Cagliari,it Serie A,25.0,34,29,2714,30.2,1,2,3,1,0,0,3,0,0.1,27,11,40.7,0.9,0.36,0.04,0.09,80,88.7,21,5,49.0,1.06,31,43,-12,-0.4,-0.14,0,31,24,4,20,26,30,0.03316138540899042,0.06632277081798084,0.8953574060427413,0.3647752394988946,0.862196020633751,0.9948415622697125,0.6632277081798084
Iliman Ndiaye,sn SEN,MF,Everton,eng Premier League,26.0,28,28,2418,26.9,6,3,9,4,2,2,2,0,0.26,34,18,52.9,1.27,0.67,0.12,0.22,86,79.0,17,0,0.0,1.39,34,35,-1,-0.04,-0.18,0,28,36,10,50,15,38,0.22332506203473945,0.11166253101736973,1.2655086848635237,0.6699751861042184,0.5583126550868487,1.41439205955335,1.8610421836228288
Rassoul Ndiaye,sn SEN,MF,Le Havre,fr Ligue 1,24.0,31,28,2386,26.5,4,4,8,4,0,0,2,0,0.3,33,9,27.3,1.24,0.34,0.12,0.44,77,85.5,13,3,26.0,1.0,23,31,-8,-0.3,0.81,0,20,36,5,92,15,28,0.15088013411567477,0.15088013411567477,1.244761106454317,0.3394803017602682,0.5658005029337804,1.0561609388097235,3.4702430846605195
Cher Ndour,it ITA,MF,Fiorentina,it Serie A,21.0,29,17,1600,17.8,2,0,2,2,0,0,2,0,0.11,21,7,33.3,1.18,0.39,0.1,0.29,55,52.3,7,12,23.0,1.24,16,17,-1,-0.06,0.31,0,23,21,1,19,12,12,0.1125,0.0,1.18125,0.39375000000000004,0.6749999999999999,0.6749999999999999,1.06875
Dan Ndoye,ch SUI,MF,Nottingham Forest,eng Premier League,25.0,24,14,1173,13.0,1,1,2,1,0,0,1,0,0.15,15,4,26.7,1.15,0.31,0.07,0.25,49,38.3,3,10,18.0,1.08,15,17,-2,-0.15,-0.06,0,16,22,9,41,10,11,0.07672634271099744,0.07672634271099744,1.1508951406649617,0.3069053708439898,0.7672634271099744,0.843989769820972,3.1457800511508953
Paul Nebel,de GER,MF,Mainz 05,de Bundesliga,23.0,27,21,1824,20.3,5,1,6,5,0,0,2,2,0.3,29,7,24.1,1.43,0.35,0.17,0.71,68,65.4,11,6,17.0,1.19,22,35,-13,-0.64,-0.92,0,28,19,3,125,12,28,0.24671052631578946,0.049342105263157895,1.430921052631579,0.34539473684210525,0.5921052631578947,1.381578947368421,6.167763157894737
Loïc Nego,hu HUN,"DF,MF",Le Havre,fr Ligue 1,35.0,28,25,2231,24.8,0,0,0,0,0,0,3,0,0.0,16,3,18.8,0.65,0.12,0.0,0.0,80,80.0,20,3,18.0,1.11,24,33,-9,-0.36,0.28,0,18,17,4,76,31,33,0.0,0.0,0.6454504706409682,0.12102196324518152,1.250560286866876,1.331241595696997,3.065889735544599
Victor Nelsson,dk DEN,DF,Hellas Verona,it Serie A,27.0,34,33,2955,32.8,0,0,0,0,0,0,4,0,0.0,6,0,0.0,0.18,0.0,0.0,0.0,87,96.6,31,1,13.0,0.56,20,54,-34,-1.04,-1.89,0,41,19,0,2,67,37,0.0,0.0,0.18274111675126906,0.0,2.0406091370558377,1.1269035532994922,0.06091370558375635
David Neres,br BRA,"FW,MF",Napoli,it Serie A,29.0,16,10,922,10.2,3,3,6,3,0,0,3,0,0.59,17,4,23.5,1.66,0.39,0.18,0.75,58,30.1,1,6,26.0,2.0,16,7,9,0.88,0.46,0,19,7,0,53,1,5,0.2928416485900217,0.2928416485900217,1.6594360086767894,0.39045553145336226,0.09761388286334056,0.4880694143167028,5.1735357917570495
Martim Neto,pt POR,MF,Elche,es La Liga,23.0,24,15,1314,14.6,2,5,7,2,0,0,2,0,0.48,12,4,33.3,0.82,0.27,0.17,0.5,55,44.2,1,9,32.0,0.96,18,22,-4,-0.27,-0.17,0,19,11,0,33,2,11,0.136986301369863,0.3424657534246575,0.821917808219178,0.273972602739726,0.136986301369863,0.7534246575342465,2.2602739726027394
Pedro Neto,pt POR,MF,Chelsea,eng Premier League,26.0,32,28,2479,27.5,5,4,9,5,0,0,4,1,0.33,44,12,27.3,1.6,0.44,0.11,0.42,77,81.0,16,4,46.0,1.41,42,30,12,0.44,1.06,1,16,23,6,178,6,10,0.18152480839048002,0.14521984671238403,1.5974183138362241,0.435659540137152,0.217829770068576,0.36304961678096004,6.46228317870109
Luca Netz,de GER,"MF,DF",Gladbach,de Bundesliga,22.0,15,10,940,10.4,0,2,2,0,0,0,1,0,0.19,2,0,0.0,0.19,0.0,0.0,0.0,63,33.7,7,5,17.0,0.93,14,10,4,0.38,1.26,0,8,2,0,26,7,10,0.0,0.19148936170212766,0.19148936170212766,0.0,0.6702127659574468,0.9574468085106382,2.4893617021276593
Florian Neuhaus,de GER,"MF,FW",Gladbach,de Bundesliga,29.0,17,11,930,10.3,0,1,1,0,0,0,0,0,0.1,22,6,27.3,2.13,0.58,0.0,0.0,55,33.3,0,6,25.0,1.29,19,9,10,0.97,2.13,0,9,9,0,9,9,7,0.0,0.0967741935483871,2.129032258064516,0.5806451612903226,0.8709677419354839,0.6774193548387097,0.8709677419354839
João Neves,pt POR,MF,Paris Saint-Germain,fr Ligue 1,21.0,17,12,1138,12.6,5,1,6,5,0,0,0,0,0.47,22,6,27.3,1.74,0.47,0.23,0.83,67,42.1,7,5,34.0,2.53,33,11,22,1.74,0.53,0,12,11,0,2,5,12,0.39543057996485065,0.07908611599297012,1.7398945518453426,0.47451669595782076,0.39543057996485065,0.9490333919156415,0.15817223198594024
Cyril Ngonge,be BEL,FW,Torino,it Serie A,25.0,20,11,994,11.0,1,1,2,1,0,0,2,0,0.18,24,12,50.0,2.17,1.09,0.04,0.08,50,32.5,2,9,22.0,1.0,9,20,-11,-1.0,-0.73,0,20,18,6,19,2,4,0.09054325955734407,0.09054325955734407,2.1730382293762576,1.0865191146881288,0.18108651911468815,0.3621730382293763,1.7203219315895373
Nathan Ngoy,be BEL,DF,Lille,fr Ligue 1,22.0,26,24,2135,23.7,1,2,3,1,0,0,9,1,0.13,18,5,27.8,0.76,0.21,0.06,0.2,82,76.5,23,2,14.0,1.85,36,28,8,0.34,-0.76,0,16,10,0,6,36,19,0.04215456674473068,0.08430913348946135,0.7587822014051522,0.2107728337236534,1.5175644028103044,0.800936768149883,0.2529274004683841
Moussa Niakhate,sn SEN,DF,Lyon,fr Ligue 1,30.0,29,27,2489,27.7,0,2,2,0,0,0,3,0,0.07,4,0,0.0,0.14,0.0,0.0,0.0,86,89.2,27,2,30.0,1.76,38,26,12,0.43,-0.76,0,35,28,0,4,29,19,0.0,0.07231820008035356,0.1446364001607071,0.0,1.0486139011651265,0.6870229007633587,0.1446364001607071
Cheikh Niasse,sn SEN,MF,Hellas Verona,it Serie A,26.0,19,11,970,10.8,0,1,1,0,0,0,1,0,0.09,6,1,16.7,0.56,0.09,0.0,0.0,51,31.7,2,8,15.0,0.63,10,20,-10,-0.93,0.06,0,20,15,2,14,15,14,0.0,0.09278350515463918,0.5567010309278351,0.09278350515463918,1.3917525773195876,1.2989690721649485,1.2989690721649485
Rasmus Nicolaisen,dk DEN,DF,Toulouse,fr Ligue 1,29.0,30,28,2384,26.5,1,0,1,1,0,0,4,0,0.04,15,5,33.3,0.57,0.19,0.07,0.2,79,85.4,22,2,15.0,1.27,39,39,0,0.0,0.22,0,28,18,1,2,39,11,0.037751677852348994,0.0,0.5662751677852349,0.18875838926174496,1.4723154362416109,0.415268456375839,0.07550335570469799
Julian Niehues,de GER,MF,Heidenheim,de Bundesliga,25.0,24,17,1383,15.4,3,0,3,3,0,0,1,0,0.2,18,5,27.8,1.17,0.33,0.17,0.6,58,49.6,4,7,25.0,0.88,24,30,-6,-0.39,1.21,0,10,9,2,3,23,10,0.19522776572668113,0.0,1.1713665943600868,0.32537960954446854,1.4967462039045554,0.6507592190889371,0.19522776572668113
Oliver Nielsen,dk DEN,DF,Lazio,it Serie A,22.0,22,11,1276,14.2,0,0,0,0,0,0,2,0,0.0,4,2,50.0,0.28,0.14,0.0,0.0,58,41.7,10,11,27.0,1.59,20,15,5,0.35,0.4,0,12,7,0,1,12,5,0.0,0.0,0.28213166144200624,0.14106583072100312,0.8463949843260189,0.3526645768025078,0.07053291536050156
Justin Njinmah,de GER,"FW,MF",Werder Bremen,de Bundesliga,25.0,30,20,1722,19.1,5,0,5,5,0,0,1,0,0.26,52,21,40.4,2.72,1.1,0.1,0.24,57,61.7,4,10,20.0,1.03,17,41,-24,-1.25,-1.76,0,8,22,20,28,6,13,0.2613240418118467,0.0,2.717770034843206,1.0975609756097562,0.313588850174216,0.6794425087108015,1.4634146341463417
Christopher Nkunku,fr FRA,FW,Milan,it Serie A,28.0,28,12,1131,12.6,5,3,8,2,3,3,0,0,0.4,21,11,52.4,1.67,0.88,0.1,0.18,40,37.0,3,16,16.0,1.93,23,9,14,1.11,0.79,0,8,19,7,8,1,2,0.3978779840848807,0.23872679045092837,1.6710875331564987,0.8753315649867375,0.07957559681697612,0.15915119363395225,0.636604774535809
Felix Nmecha,de GER,MF,Dortmund,de Bundesliga,25.0,27,24,2069,23.0,2,3,5,2,0,1,0,0,0.22,31,7,22.6,1.35,0.3,0.06,0.29,77,74.2,7,3,25.0,2.26,49,27,22,0.96,-0.54,0,27,21,2,7,24,21,0.08699855002416626,0.13049782503624938,1.348477525374577,0.3044949250845819,1.043982600289995,0.9134847752537457,0.3044949250845819
Lukas Nmecha,de GER,FW,Leeds United,eng Premier League,27.0,27,9,908,10.1,6,1,7,4,2,3,0,0,0.5,27,14,51.9,2.68,1.39,0.15,0.29,34,29.7,0,18,16.0,1.04,12,19,-7,-0.69,-0.69,0,16,14,2,8,3,5,0.5947136563876653,0.09911894273127754,2.6762114537444934,1.3876651982378854,0.29735682819383263,0.4955947136563877,0.7929515418502203
Brooke Norton-Cuffy,eng ENG,"MF,DF",Genoa,it Serie A,22.0,26,25,2181,24.2,2,1,3,2,0,0,5,1,0.12,15,6,40.0,0.62,0.25,0.13,0.33,84,71.3,19,1,32.0,1.0,28,38,-10,-0.41,-0.62,1,23,16,0,79,11,30,0.08253094910591471,0.04126547455295736,0.6189821182943603,0.24759284731774417,0.45392022008253097,1.2379642365887207,3.2599724896836317
Matheus Nunes,pt POR,DF,Manchester City,eng Premier League,27.0,30,28,2535,28.2,1,5,6,1,0,0,4,0,0.21,7,2,28.6,0.25,0.07,0.14,0.5,85,85.4,25,2,35.0,2.23,59,24,35,1.24,0.83,0,14,27,4,59,26,38,0.03550295857988166,0.1775147928994083,0.2485207100591716,0.07100591715976332,0.9230769230769231,1.349112426035503,2.094674556213018
Álvaro Núñez,es ESP,"DF,MF",Elche,es La Liga,25.0,19,19,1647,18.3,0,2,2,0,0,0,2,0,0.11,4,0,0.0,0.22,0.0,0.0,0.0,87,55.5,14,0,0.0,1.21,23,20,3,0.16,0.78,0,12,17,2,60,15,15,0.0,0.10928961748633881,0.21857923497267762,0.0,0.819672131147541,0.819672131147541,3.278688524590164
Unai Núñez,es ESP,DF,Hellas Verona,it Serie A,29.0,17,15,1265,14.1,0,0,0,0,0,0,6,0,0.0,7,1,14.3,0.5,0.07,0.0,0.0,74,41.3,12,2,21.0,0.71,12,26,-14,-1.0,-0.04,0,27,10,0,11,23,18,0.0,0.0,0.4980237154150198,0.07114624505928854,1.6363636363636362,1.2806324110671936,0.782608695652174
Antonio Nusa,no NOR,"FW,MF",RB Leipzig,de Bundesliga,21.0,28,23,1942,21.6,4,3,7,4,0,0,0,0,0.32,57,17,29.8,2.64,0.79,0.07,0.24,69,69.6,4,5,28.0,2.11,42,25,17,0.79,0.04,0,9,62,1,67,7,13,0.1853759011328527,0.13903192584963955,2.641606591143151,0.7878475798146242,0.32440782698249226,0.6024716786817713,3.105046343975283
M'Bala Nzola,ao ANG,FW,Pisa,it Serie A,29.0,16,11,1052,11.7,3,0,3,1,2,3,1,1,0.09,28,7,25.0,2.4,0.6,0.04,0.14,66,34.4,4,5,30.0,0.69,5,15,-10,-0.86,0.35,0,18,17,11,7,1,2,0.2566539923954373,0.0,2.3954372623574143,0.5988593155893536,0.08555133079847908,0.17110266159695817,0.5988593155893536
Jake O'Brien,ie IRL,DF,Everton,eng Premier League,24.0,33,31,2792,31.0,0,1,1,0,0,0,3,1,0.03,10,4,40.0,0.32,0.13,0.0,0.0,85,91.2,27,2,42.0,1.42,38,38,0,0.0,0.0,0,16,15,4,45,12,30,0.0,0.032234957020057305,0.3223495702005731,0.12893982808022922,0.3868194842406877,0.9670487106017192,1.4505730659025786
Adam Obert,sk SVK,"DF,MF",Cagliari,it Serie A,23.0,31,29,2414,26.8,0,3,3,0,0,0,10,1,0.11,10,3,30.0,0.37,0.11,0.0,0.0,78,78.9,16,2,21.0,1.13,24,37,-13,-0.48,-0.48,1,38,11,0,55,41,28,0.0,0.11184755592377797,0.3728251864125932,0.11184755592377797,1.5285832642916322,1.0439105219552611,2.0505385252692627
Jens Odgaard,dk DEN,MF,Bologna,it Serie A,27.0,24,15,1291,14.3,5,1,6,5,0,0,1,0,0.42,34,13,38.2,2.37,0.91,0.15,0.38,54,42.2,4,9,18.0,1.54,22,20,2,0.14,0.19,0,26,28,3,15,4,11,0.34856700232378,0.069713400464756,2.370255615801704,0.9062742060418281,0.278853601859024,0.7668474051123161,1.04570100697134
Wilson Odobert,fr FRA,"MF,FW",Tottenham Hotspur,eng Premier League,21.0,24,10,985,10.9,0,2,2,0,0,0,0,0,0.18,21,8,38.1,1.92,0.73,0.0,0.0,41,32.2,1,14,22.0,1.08,16,13,3,0.27,0.84,0,2,10,2,28,0,8,0.0,0.18274111675126906,1.9187817258883249,0.7309644670050762,0.0,0.7309644670050762,2.5583756345177666
Ifechukwu Ogbus,ch SUI,DF,Freiburg,de Bundesliga,20.0,15,12,1034,11.5,0,0,0,0,0,0,1,0,0.0,5,2,40.0,0.44,0.17,0.0,0.0,69,37.1,10,3,15.0,1.33,10,23,-13,-1.13,-1.39,0,5,10,0,3,11,14,0.0,0.0,0.4352030947775629,0.17408123791102514,0.9574468085106382,1.2185686653771761,0.2611218568665377
Noah Okafor,ch SUI,"FW,MF",Leeds United,eng Premier League,25.0,27,18,1497,16.6,7,1,8,7,0,0,3,0,0.48,33,14,42.4,1.98,0.84,0.21,0.5,55,48.9,1,9,22.0,1.26,26,26,0,0.0,0.4,0,18,14,0,34,11,14,0.42084168336673344,0.06012024048096193,1.9839679358717437,0.8416833667334669,0.6613226452905812,0.8416833667334669,2.0440881763527057
Bryan Okoh,ch SUI,DF,Auxerre,fr Ligue 1,22.0,11,10,903,10.0,3,0,3,3,0,0,1,0,0.3,8,3,37.5,0.8,0.3,0.38,1.0,82,32.4,9,1,6.0,1.09,13,13,0,0.0,0.72,0,12,8,0,0,23,7,0.29900332225913623,0.0,0.7973421926910299,0.29900332225913623,2.292358803986711,0.6976744186046512,0.0
Olasagasti,es ESP,MF,Levante,es La Liga,25.0,28,13,1298,14.4,1,3,4,1,0,0,2,1,0.28,20,6,30.0,1.39,0.42,0.05,0.17,46,43.7,6,15,18.0,1.0,18,21,-3,-0.21,0.33,0,19,23,0,67,12,10,0.06933744221879816,0.20801232665639446,1.386748844375963,0.41602465331278893,0.8320493066255779,0.6933744221879815,4.645608628659476
Michael Olise,fr FRA,MF,Bayern Munich,de Bundesliga,24.0,29,22,2151,23.9,13,18,31,13,0,0,8,0,1.3,94,47,50.0,3.93,1.97,0.14,0.28,74,77.1,13,7,38.0,2.62,89,24,65,2.72,0.47,0,30,55,6,134,14,11,0.5439330543933054,0.7531380753138075,3.9330543933054396,1.9665271966527198,0.5857740585774058,0.4602510460251046,5.606694560669456
Mathías Olivera,uy URU,"DF,MF",Napoli,it Serie A,28.0,23,14,1293,14.4,0,0,0,0,0,0,3,0,0.0,8,3,37.5,0.56,0.21,0.0,0.0,56,42.3,6,9,26.0,2.09,21,13,8,0.56,0.0,0,15,8,0,6,14,22,0.0,0.0,0.5568445475638051,0.2088167053364269,0.974477958236659,1.531322505800464,0.4176334106728538
Dani Olmo,es ESP,"MF,FW",Barcelona,es La Liga,27.0,28,20,1776,19.7,7,7,14,7,0,0,0,0,0.71,64,21,32.8,3.24,1.06,0.11,0.33,63,59.8,7,8,32.0,2.61,53,16,37,1.87,0.37,0,20,40,5,26,13,22,0.3547297297297297,0.3547297297297297,3.2432432432432434,1.0641891891891893,0.6587837837837838,1.114864864864865,1.3175675675675675
Warmed Omari,km COM,DF,Hamburger SV,de Bundesliga,26.0,17,14,1349,15.0,0,0,0,0,0,0,0,0,0.0,3,1,33.3,0.2,0.07,0.0,0.0,79,48.4,10,3,45.0,0.88,13,25,-12,-0.8,-0.55,0,14,9,0,3,22,14,0.0,0.0,0.20014825796886582,0.06671608598962193,1.4677538917716828,0.9340252038547071,0.20014825796886582
Andrew Omobamidele,ie IRL,DF,Strasbourg,fr Ligue 1,23.0,22,11,1157,12.9,1,0,1,1,0,0,4,0,0.08,3,2,66.7,0.23,0.16,0.33,0.5,53,42.9,6,11,25.0,1.5,18,15,3,0.23,-0.17,0,10,9,0,0,13,4,0.07778738115816768,0.0,0.23336214347450301,0.15557476231633535,1.0112359550561798,0.3111495246326707,0.0
Amadou Onana,be BEL,MF,Aston Villa,eng Premier League,24.0,24,21,1740,19.3,2,0,2,2,0,0,3,0,0.1,19,7,36.8,0.98,0.36,0.11,0.29,73,56.9,11,3,16.0,1.92,28,26,2,0.1,-0.1,0,20,25,0,0,19,29,0.10344827586206896,0.0,0.9827586206896551,0.3620689655172414,0.9827586206896551,1.5,0.0
Fredrik Oppegard,no NOR,"MF,DF",Auxerre,fr Ligue 1,23.0,23,15,1246,13.8,0,0,0,0,0,0,1,1,0.0,10,2,20.0,0.72,0.14,0.0,0.0,54,44.7,7,8,16.0,0.78,12,19,-7,-0.51,-0.04,0,8,8,2,48,14,20,0.0,0.0,0.7223113964686998,0.14446227929373998,1.0112359550561798,1.4446227929373996,3.467094703049759
Louis Oppie,de GER,MF,St Pauli,de Bundesliga,23.0,21,15,1467,16.3,1,0,1,1,0,0,0,0,0.06,14,3,21.4,0.86,0.18,0.07,0.33,70,52.6,14,6,22.0,0.62,13,29,-16,-0.98,-0.23,0,14,14,4,52,9,17,0.06134969325153374,0.0,0.8588957055214724,0.18404907975460125,0.5521472392638037,1.0429447852760736,3.190184049079755
Gift Orban,ng NGA,FW,Hellas Verona,it Serie A,23.0,28,23,2027,22.5,7,2,9,5,2,2,4,1,0.31,85,28,32.9,3.77,1.24,0.06,0.18,72,66.2,9,5,40.0,0.5,14,33,-19,-0.84,0.38,0,22,20,20,14,3,3,0.3108041440552541,0.08880118401578689,3.774050320670942,1.2432165762210163,0.1332017760236803,0.1332017760236803,0.6216082881105082
Willi Orban,hu HUN,DF,RB Leipzig,de Bundesliga,33.0,30,30,2679,29.8,1,0,1,1,0,0,4,0,0.03,19,8,42.1,0.64,0.27,0.05,0.13,89,96.0,29,0,0.0,1.97,59,37,22,0.74,-0.88,0,18,23,2,6,39,29,0.0335946248600224,0.0,0.6382978723404256,0.2687569988801792,1.3101903695408734,0.9742441209406495,0.20156774916013437
Aimar Oroz,es ESP,"MF,FW",Osasuna,es La Liga,24.0,26,23,1917,21.3,0,2,2,0,0,0,6,0,0.09,28,4,14.3,1.31,0.19,0.0,0.0,74,64.5,6,3,29.0,1.46,20,22,-2,-0.09,-0.18,0,28,54,1,25,7,18,0.0,0.09389671361502347,1.3145539906103285,0.18779342723004694,0.32863849765258213,0.8450704225352113,1.1737089201877935
Riccardo Orsolini,it ITA,"MF,FW",Bologna,it Serie A,29.0,32,25,1971,21.9,8,1,9,5,3,5,2,0,0.27,79,29,36.7,3.61,1.32,0.06,0.17,62,64.4,7,7,21.0,1.47,28,29,-1,-0.05,-0.21,0,20,41,18,40,6,12,0.365296803652968,0.045662100456621,3.6073059360730593,1.324200913242009,0.273972602739726,0.547945205479452,1.82648401826484
Patrick Osterhage,de GER,MF,Freiburg,de Bundesliga,26.0,20,13,1189,13.2,1,0,1,1,0,0,4,0,0.08,7,2,28.6,0.53,0.15,0.14,0.5,59,42.6,6,7,18.0,1.7,15,17,-2,-0.15,0.19,0,13,13,2,9,15,7,0.07569386038687972,0.0,0.5298570227081582,0.15138772077375945,1.135407905803196,0.5298570227081582,0.6812447434819175
Abdoul Ouattara,fr FRA,"MF,DF",Strasbourg,fr Ligue 1,20.0,24,15,1453,16.1,2,0,2,2,0,0,2,0,0.12,25,10,40.0,1.55,0.62,0.08,0.2,61,53.8,10,9,29.0,1.79,28,20,8,0.5,0.35,0,10,8,1,16,12,12,0.12388162422573984,0.0,1.548520302821748,0.6194081211286993,0.7432897453544391,0.7432897453544391,0.9910529938059187
Dango Ouattara,bf BFA,MF,Brentford,eng Premier League,24.0,28,22,1984,22.0,5,3,8,5,0,0,5,0,0.36,45,16,35.6,2.04,0.73,0.11,0.31,71,64.8,10,6,25.0,1.25,29,30,-1,-0.05,-0.38,0,25,33,8,98,23,12,0.22681451612903225,0.13608870967741934,2.0413306451612905,0.7258064516129032,1.0433467741935485,0.5443548387096774,4.445564516129032
Kassoum Ouattara,fr FRA,"MF,DF",Monaco,fr Ligue 1,21.0,15,12,967,10.7,0,3,3,0,0,0,3,0,0.28,12,0,0.0,1.12,0.0,0.0,0.0,64,34.7,5,3,23.0,1.4,18,20,-2,-0.19,-0.63,0,22,10,1,50,19,19,0.0,0.2792140641158221,1.1168562564632885,0.0,1.7683557394002067,1.7683557394002067,4.653567735263702
Azzedine Ounahi,ma MAR,MF,Girona,es La Liga,26.0,19,15,1341,14.9,5,2,7,4,1,1,6,0,0.4,39,14,35.9,2.62,0.94,0.1,0.29,71,45.2,6,4,28.0,1.11,20,19,1,0.07,0.9,0,14,49,0,22,16,12,0.33557046979865773,0.1342281879194631,2.61744966442953,0.9395973154362416,1.0738255033557047,0.8053691275167785,1.4765100671140938
Elisha Owusu,gh GHA,MF,Auxerre,fr Ligue 1,28.0,26,24,2074,23.0,0,0,0,0,0,0,7,0,0.0,5,0,0.0,0.22,0.0,0.0,0.0,80,74.3,16,2,15.0,0.77,19,29,-10,-0.43,0.19,0,38,20,0,1,18,42,0.0,0.0,0.21697203471552556,0.0,0.781099324975892,1.8225650916104146,0.04339440694310511
Mikel Oyarzabal,es ESP,FW,Real Sociedad,es La Liga,29.0,29,27,2392,26.6,14,3,17,8,6,6,2,0,0.41,74,34,45.9,2.78,1.28,0.11,0.24,82,80.5,18,2,35.0,1.45,43,39,4,0.15,0.77,0,21,37,13,16,3,14,0.5267558528428093,0.11287625418060201,2.7842809364548495,1.2792642140468227,0.11287625418060201,0.5267558528428093,0.6020066889632107
Cenk Özkacar,tr TUR,DF,Köln,de Bundesliga,25.0,22,17,1523,16.9,0,0,0,0,0,0,2,0,0.0,10,4,40.0,0.59,0.24,0.0,0.0,69,54.6,12,5,28.0,1.09,22,30,-8,-0.47,-0.47,0,11,5,1,3,22,23,0.0,0.0,0.5909389363099147,0.23637557452396585,1.300065659881812,1.3591595535128036,0.17728168089297439
Nico O’Reilly,eng ENG,"DF,MF",Manchester City,eng Premier League,21.0,31,26,2376,26.4,5,3,8,5,0,0,4,0,0.3,36,14,38.9,1.36,0.53,0.14,0.36,77,80.0,19,5,27.0,2.23,56,21,35,1.33,1.02,0,40,16,1,33,20,35,0.1893939393939394,0.11363636363636365,1.3636363636363638,0.5303030303030303,0.7575757575757576,1.325757575757576,1.25
Jon Pacheco,es ESP,DF,Alavés,es La Liga,25.0,22,20,1735,19.3,0,0,0,0,0,0,5,1,0.0,4,1,25.0,0.21,0.05,0.0,0.0,79,58.4,17,2,13.0,1.14,17,29,-12,-0.62,-0.7,1,14,7,1,4,11,16,0.0,0.0,0.207492795389049,0.05187319884726225,0.5706051873198847,0.829971181556196,0.207492795389049
Willian Pacho,ec ECU,DF,Paris Saint-Germain,fr Ligue 1,24.0,22,20,1824,20.3,0,0,0,0,0,0,0,0,0.0,8,1,12.5,0.39,0.05,0.0,0.0,83,67.6,18,2,38.0,2.14,45,20,25,1.23,-0.62,0,6,6,2,0,25,26,0.0,0.0,0.39473684210526316,0.049342105263157895,1.2335526315789473,1.282894736842105,0.0
Pablo Pagis,fr FRA,"MF,FW",Lorient,fr Ligue 1,23.0,25,20,1590,17.7,9,3,12,7,2,2,1,0,0.57,55,17,30.9,3.11,0.96,0.13,0.41,64,57.0,2,5,28.0,1.44,27,25,2,0.11,0.64,0,21,24,2,90,18,17,0.5094339622641509,0.16981132075471697,3.1132075471698113,0.9622641509433961,1.0188679245283019,0.9622641509433961,5.09433962264151
Igor Paixão,br BRA,MF,Marseille,fr Ligue 1,25.0,27,20,1769,19.7,6,5,11,6,0,0,3,0,0.56,47,19,40.4,2.39,0.97,0.13,0.32,66,63.4,6,7,33.0,1.81,36,25,11,0.56,-0.06,0,18,30,8,49,16,8,0.30525720746184287,0.25438100621820237,2.3911814584511024,0.9666478236291691,0.8140192198982475,0.4070096099491238,2.4929338609383835
Isaac Palazón Camacho,es ESP,"MF,FW",Rayo Vallecano,es La Liga,31.0,31,27,2248,25.0,3,3,6,1,2,3,10,1,0.16,52,15,28.8,2.08,0.6,0.02,0.07,73,75.7,8,4,28.0,1.23,24,31,-7,-0.28,-0.16,0,36,51,6,105,3,12,0.1201067615658363,0.1201067615658363,2.0818505338078293,0.6005338078291815,0.1201067615658363,0.4804270462633452,4.2037366548042705
Marco Palestra,it ITA,"MF,DF",Cagliari,it Serie A,21.0,33,31,2812,31.2,1,4,5,1,0,0,3,0,0.16,23,5,21.7,0.74,0.16,0.04,0.2,85,91.9,25,2,36.0,1.06,29,44,-15,-0.48,-1.21,0,37,104,6,100,18,31,0.032005689900426744,0.12802275960170698,0.7361308677098151,0.1600284495021337,0.5761024182076814,0.9921763869132291,3.2005689900426746
João Palhinha,pt POR,"MF,DF",Tottenham Hotspur,eng Premier League,30.0,29,19,1861,20.7,4,2,6,4,0,0,6,0,0.29,25,7,28.0,1.21,0.34,0.16,0.57,64,60.8,12,10,26.0,1.07,27,33,-6,-0.29,0.01,0,22,27,0,4,23,55,0.19344438473938744,0.09672219236969372,1.2090274046211715,0.338527673293928,1.1123052122514776,2.659860290166577,0.19344438473938744
Cole Palmer,eng ENG,"MF,FW",Chelsea,eng Premier League,23.0,22,20,1597,17.7,9,1,10,4,5,5,4,0,0.28,53,20,37.7,2.99,1.13,0.08,0.2,73,52.2,9,2,33.0,1.05,27,26,1,0.06,-0.37,0,12,27,2,30,12,11,0.5072010018785222,0.056355666875391355,2.9868503443957417,1.127113337507827,0.6762680025046963,0.6199123356293049,1.6906700062617406
Emerson Palmieri,it ITA,"DF,MF",Marseille,fr Ligue 1,31.0,25,20,1844,20.5,0,3,3,0,0,0,3,0,0.15,13,2,15.4,0.63,0.1,0.0,0.0,74,66.1,16,5,20.0,1.72,35,26,9,0.44,-0.42,0,16,15,2,114,29,24,0.0,0.14642082429501085,0.6344902386117136,0.09761388286334056,1.4154013015184383,1.1713665943600868,5.563991323210412
Joaquín Panichelli,ar ARG,FW,Strasbourg,fr Ligue 1,23.0,27,24,2193,24.4,16,1,17,11,5,6,3,0,0.49,58,31,53.4,2.38,1.27,0.19,0.35,81,81.2,19,3,34.0,1.48,39,29,10,0.41,0.41,0,43,44,14,0,13,10,0.6566347469220246,0.04103967168262654,2.3803009575923393,1.2722298221614228,0.533515731874145,0.4103967168262654,0.0
Lucas Paquetá,br BRA,"MF,FW",West Ham United,eng Premier League,28.0,18,18,1511,16.8,4,1,5,2,2,2,7,1,0.18,23,11,47.8,1.37,0.66,0.09,0.18,84,49.4,8,0,0.0,0.67,18,32,-14,-0.83,-0.72,1,27,30,5,36,7,22,0.23825281270681667,0.05956320317670417,1.369953673064196,0.6551952349437459,0.4169424222369292,1.3103904698874917,2.14427531436135
Victor Parada,es ESP,DF,Alavés,es La Liga,24.0,25,20,1765,19.6,0,3,3,0,0,0,9,1,0.15,10,2,20.0,0.51,0.1,0.0,0.0,71,59.4,12,5,18.0,1.2,24,33,-9,-0.46,-0.31,1,27,13,3,30,7,9,0.0,0.1529745042492918,0.509915014164306,0.10198300283286119,0.3569405099150142,0.45892351274787535,1.529745042492918
Aitor Paredes,es ESP,DF,Athletic Club,es La Liga,25.0,18,17,1540,17.1,2,0,2,2,0,0,4,0,0.12,13,4,30.8,0.76,0.23,0.15,0.5,86,51.9,17,1,10.0,1.39,24,24,0,0.0,0.76,0,19,7,0,1,24,12,0.11688311688311688,0.0,0.7597402597402597,0.23376623376623376,1.4025974025974026,0.7012987012987013,0.05844155844155844
Daniel Parejo,es ESP,MF,Villarreal,es La Liga,37.0,27,13,1150,12.8,0,0,0,0,0,0,2,0,0.0,2,0,0.0,0.16,0.0,0.0,0.0,43,38.7,2,14,14.0,1.93,17,20,-3,-0.23,-1.42,0,12,21,0,30,14,23,0.0,0.0,0.1565217391304348,0.0,1.0956521739130434,1.8,2.3478260869565215
Fabiano Parisi,it ITA,"MF,FW",Fiorentina,it Serie A,25.0,20,16,1359,15.1,1,1,2,1,0,0,5,0,0.13,22,6,27.3,1.46,0.4,0.05,0.17,68,44.4,6,4,21.0,1.25,22,20,2,0.13,0.61,0,11,55,1,35,17,13,0.06622516556291391,0.06622516556291391,1.456953642384106,0.3973509933774834,1.1258278145695364,0.8609271523178809,2.317880794701987
Mario Pašalić,hr CRO,MF,Atalanta,it Serie A,31.0,29,20,1775,19.7,3,4,7,3,0,0,2,0,0.35,17,6,35.3,0.86,0.3,0.18,0.5,61,58.0,12,9,20.0,1.41,25,24,1,0.05,-0.93,0,20,5,1,11,10,17,0.15211267605633805,0.2028169014084507,0.8619718309859155,0.3042253521126761,0.5070422535211268,0.8619718309859155,0.5577464788732395
Benjamin Pavard,fr FRA,DF,Marseille,fr Ligue 1,30.0,25,21,1835,20.4,1,2,3,1,0,0,5,0,0.15,11,3,27.3,0.54,0.15,0.09,0.33,73,65.8,16,4,19.0,1.84,39,24,15,0.74,0.45,0,19,13,4,15,23,12,0.04904632152588556,0.09809264305177112,0.5395095367847411,0.14713896457765668,1.1280653950953679,0.5885558583106267,0.7356948228882834
Aleksandar Pavlovic,de GER,MF,Bayern Munich,de Bundesliga,21.0,23,15,1417,15.7,3,1,4,3,0,0,2,0,0.25,9,5,55.6,0.57,0.32,0.33,0.6,62,50.8,8,8,26.0,2.52,55,24,31,1.97,-1.31,0,19,9,0,13,12,15,0.19054340155257588,0.06351446718419196,0.5716302046577276,0.3175723359209598,0.7621736062103035,0.9527170077628794,0.8256880733944955
Strahinja Pavlović,rs SRB,DF,Milan,it Serie A,24.0,30,29,2509,27.9,4,1,5,4,0,0,3,0,0.18,22,5,22.7,0.79,0.18,0.18,0.8,84,82.0,25,1,29.0,1.9,39,25,14,0.5,-0.64,0,22,24,3,15,20,22,0.1434834595456357,0.03587086488640893,0.7891590275009964,0.17935432443204463,0.7174172977281785,0.7891590275009964,0.5380629732961338
Martín Payero,ar ARG,MF,Cremonese,it Serie A,27.0,24,16,1427,15.9,1,0,1,1,0,0,8,0,0.06,22,8,36.4,1.39,0.5,0.05,0.13,59,46.6,5,8,29.0,1.0,17,16,1,0.06,1.5,0,36,33,2,31,9,9,0.06306937631394534,0.0,1.3875262789067975,0.5045550105115627,0.5676243868255081,0.5676243868255081,1.9551506657323057
Nicolás Paz,ar ARG,MF,Como,it Serie A,21.0,33,31,2698,30.0,12,6,18,12,0,2,5,0,0.6,118,48,40.7,3.94,1.6,0.1,0.25,82,88.2,20,2,25.0,1.76,48,27,21,0.7,-1.79,0,50,39,0,59,27,51,0.40029651593773163,0.20014825796886582,3.9362490733876947,1.6011860637509265,0.9006671608598962,1.7012601927353597,1.9681245366938473
Marcus Pedersen,no NOR,"MF,DF",Torino,it Serie A,25.0,26,21,1958,21.8,0,2,2,0,0,0,3,0,0.09,13,2,15.4,0.6,0.09,0.0,0.0,75,64.0,15,5,32.0,1.19,27,31,-4,-0.18,0.88,0,31,6,3,97,10,12,0.0,0.09193054136874362,0.5975485188968335,0.09193054136874362,0.45965270684371806,0.5515832482124616,4.4586312563840655
Alfonso Pedraza,es ESP,DF,Villarreal,es La Liga,30.0,24,16,1461,16.2,1,3,4,1,0,0,8,0,0.25,10,3,30.0,0.62,0.18,0.1,0.33,61,49.2,9,8,21.0,1.88,29,19,10,0.62,-0.04,0,25,21,4,69,24,28,0.061601642710472276,0.18480492813141686,0.6160164271047228,0.18480492813141686,1.4784394250513349,1.7248459958932236,4.250513347022587
Pedri,es ESP,MF,Barcelona,es La Liga,23.0,25,20,1808,20.1,2,8,10,2,0,0,2,1,0.5,20,10,50.0,1.0,0.5,0.1,0.2,72,60.9,9,5,32.0,2.56,53,19,34,1.69,-0.09,1,8,39,1,9,21,32,0.09955752212389381,0.39823008849557523,0.995575221238938,0.497787610619469,1.045353982300885,1.592920353982301,0.4480088495575221
Zé Pedro Figueiredo,pt POR,DF,Cagliari,it Serie A,28.0,20,17,1486,16.5,0,1,1,0,0,0,4,0,0.06,4,0,0.0,0.24,0.0,0.0,0.0,74,48.6,10,3,19.0,1.1,19,24,-5,-0.3,0.15,0,25,13,0,4,18,18,0.0,0.06056527590847914,0.24226110363391656,0.0,1.0901749663526246,1.0901749663526246,0.24226110363391656
Adrià Pedrosa,es ESP,"DF,MF",Elche,es La Liga,27.0,22,7,971,10.8,1,1,2,1,0,0,4,0,0.19,10,3,30.0,0.93,0.28,0.1,0.33,44,32.7,3,15,25.0,1.05,17,25,-8,-0.74,-0.83,0,18,8,1,47,14,17,0.09268795056642636,0.09268795056642636,0.9268795056642637,0.2780638516992791,1.297631307929969,1.5756951596292483,4.3563336766220395
Dženan Pejčinović,de GER,FW,Wolfsburg,de Bundesliga,21.0,27,13,1191,13.2,7,0,7,7,0,0,1,0,0.53,37,16,43.2,2.8,1.21,0.19,0.44,44,42.7,5,14,14.0,0.78,15,34,-19,-1.44,-1.1,0,19,7,4,3,3,8,0.5289672544080605,0.0,2.795969773299748,1.2090680100755666,0.22670025188916876,0.6045340050377833,0.22670025188916876
Lorenzo Pellegrini,it ITA,MF,Roma,it Serie A,29.0,24,20,1463,16.3,4,2,6,2,2,2,2,0,0.25,32,12,37.5,1.97,0.74,0.06,0.17,61,47.8,2,4,30.0,1.63,22,14,8,0.49,-0.13,0,20,39,5,89,15,5,0.2460697197539303,0.12303485987696515,1.9685577580314424,0.7382091592617909,0.9227614490772386,0.30758714969241285,5.475051264524948
Luca Pellegrini,it ITA,DF,Lazio,it Serie A,27.0,22,15,1298,14.4,1,0,1,1,0,0,7,0,0.07,6,4,66.7,0.42,0.28,0.17,0.25,59,42.4,2,7,27.0,1.41,14,14,0,0.0,-0.2,0,23,12,0,48,15,14,0.06933744221879816,0.0,0.41602465331278893,0.27734976887519264,1.0400616332819723,0.9707241910631742,3.3281972265023114
Mateo Pellegrino,ar ARG,FW,Parma,it Serie A,25.0,33,31,2700,30.0,8,1,9,7,1,1,5,0,0.27,68,21,30.9,2.27,0.7,0.1,0.33,82,88.2,19,2,39.0,1.24,22,34,-12,-0.4,0.35,0,75,63,10,10,3,9,0.26666666666666666,0.03333333333333333,2.2666666666666666,0.7,0.1,0.30000000000000004,0.33333333333333337
Nicolas Pépé,ci CIV,"MF,FW",Villarreal,es La Liga,30.0,32,23,2126,23.6,7,4,11,6,1,1,4,0,0.42,56,22,39.3,2.37,0.93,0.11,0.27,66,71.6,11,9,25.0,1.94,44,31,13,0.55,-0.3,0,22,38,14,67,14,21,0.29633113828786456,0.16933207902163688,2.3706491063029165,0.9313264346190029,0.5926622765757291,0.8889934148635936,2.8363123236124177
Kojo Peprah Oppong,gh GHA,DF,Nice,fr Ligue 1,21.0,26,25,2155,23.9,1,0,1,1,0,0,3,0,0.04,10,3,30.0,0.42,0.13,0.1,0.33,83,77.2,20,1,53.0,1.04,30,40,-10,-0.42,1.28,0,25,25,1,5,28,25,0.04176334106728538,0.0,0.4176334106728538,0.12529002320185614,1.1693735498839908,1.0440835266821344,0.2088167053364269
Peque,es ESP,"MF,FW",Sevilla,es La Liga,23.0,24,11,918,10.2,2,1,3,2,0,0,7,0,0.29,14,6,42.9,1.37,0.59,0.14,0.33,38,30.9,1,13,15.0,1.21,8,14,-6,-0.59,-0.19,0,12,45,1,28,1,7,0.19607843137254904,0.09803921568627452,1.3725490196078431,0.5882352941176471,0.09803921568627452,0.6862745098039216,2.7450980392156863
Mathias Pereira Lage,pt POR,"MF,FW",St Pauli,de Bundesliga,29.0,28,25,2018,22.4,2,2,4,2,0,0,3,0,0.18,43,15,34.9,1.92,0.67,0.05,0.13,72,72.3,6,3,27.0,0.82,21,37,-16,-0.71,0.57,0,32,32,15,58,16,23,0.08919722497522299,0.08919722497522299,1.9177403369672943,0.6689791873141724,0.7135777998017839,1.0257680872150643,2.5867195242814667
Francisco Perez,es ESP,"MF,FW",Rayo Vallecano,es La Liga,23.0,26,10,1103,12.3,2,1,3,2,0,0,4,0,0.24,15,8,53.3,1.22,0.65,0.13,0.25,42,37.1,0,16,27.0,1.12,13,16,-3,-0.24,0.0,0,13,15,5,43,2,9,0.16319129646418856,0.08159564823209428,1.2239347234814144,0.6527651858567542,0.16319129646418856,0.7343608340888486,3.508612873980055
Romain Perraud,fr FRA,DF,Lille,fr Ligue 1,28.0,27,24,2034,22.6,3,3,6,3,0,0,4,1,0.27,31,12,38.7,1.37,0.53,0.1,0.25,75,72.9,14,3,12.0,1.89,41,24,17,0.75,0.87,0,20,41,1,113,22,29,0.1327433628318584,0.1327433628318584,1.3716814159292037,0.5309734513274336,0.9734513274336284,1.2831858407079646,5.0
Máximo Perrone,ar ARG,MF,Como,it Serie A,23.0,32,29,2427,27.0,3,4,7,3,0,0,8,0,0.26,17,8,47.1,0.63,0.3,0.18,0.38,76,79.3,18,3,32.0,1.81,48,20,28,1.04,0.61,0,38,22,1,8,19,35,0.11124845488257107,0.14833127317676142,0.630407911001236,0.29666254635352285,0.7045735475896168,1.2978986402966626,0.29666254635352285
Prosper Peter,ng NGA,FW,Angers,fr Ligue 1,18.0,27,12,1167,13.0,5,0,5,5,0,0,0,0,0.39,23,14,60.9,1.77,1.08,0.22,0.36,43,41.8,5,15,19.0,1.11,12,25,-13,-1.0,-0.78,0,29,27,15,0,4,3,0.3856041131105399,0.0,1.7737789203084835,1.0796915167095116,0.30848329048843187,0.2313624678663239,0.0
Léo Pétrot,fr FRA,DF,Elche,es La Liga,29.0,30,17,1523,16.9,0,0,0,0,0,0,2,0,0.0,8,0,0.0,0.47,0.0,0.0,0.0,51,51.3,10,13,11.0,1.27,18,25,-7,-0.41,-0.48,0,18,5,2,16,16,21,0.0,0.0,0.4727511490479317,0.0,0.9455022980958634,1.2409717662508208,0.9455022980958634
Giuseppe Pezzella,it ITA,"MF,DF",Cremonese,it Serie A,28.0,27,26,2257,25.1,0,1,1,0,0,0,8,1,0.04,4,0,0.0,0.16,0.0,0.0,0.0,84,73.8,20,1,34.0,0.74,20,41,-21,-0.84,-0.39,0,40,29,6,110,10,30,0.0,0.03987594151528578,0.1595037660611431,0.0,0.39875941515285773,1.1962782454585734,4.386353566681436
Rayan Philippe,fr FRA,"FW,MF",Hamburger SV,de Bundesliga,25.0,26,12,1197,13.3,5,0,5,5,0,1,2,0,0.38,35,14,40.0,2.63,1.05,0.14,0.36,46,42.9,1,14,22.0,0.92,13,16,-3,-0.23,0.51,0,23,9,2,30,3,13,0.37593984962406013,0.0,2.631578947368421,1.0526315789473684,0.22556390977443608,0.9774436090225563,2.2556390977443606
Roberto Piccoli,it ITA,FW,Fiorentina,it Serie A,25.0,29,14,1462,16.2,3,1,4,3,0,0,1,0,0.25,42,14,33.3,2.59,0.86,0.07,0.21,50,47.8,8,15,21.0,1.17,19,19,0,0.0,0.39,0,28,36,9,4,3,0,0.18467852257181944,0.06155950752393981,2.585499316005472,0.8618331053351573,0.18467852257181944,0.0,0.24623803009575923
Amos Pieper,de GER,DF,Werder Bremen,de Bundesliga,28.0,16,16,1277,14.2,0,0,0,0,0,0,4,0,0.0,8,2,25.0,0.56,0.14,0.0,0.0,80,45.8,13,0,0.0,0.94,17,25,-8,-0.56,0.03,0,9,14,0,7,24,22,0.0,0.0,0.5638214565387627,0.14095536413469067,1.6914643696162883,1.5505090054815975,0.49334377447141736
Marvin Pieringer,de GER,FW,Heidenheim,de Bundesliga,26.0,24,17,1441,16.0,4,1,5,3,1,1,2,0,0.25,28,7,25.0,1.75,0.44,0.11,0.43,60,51.6,5,7,21.0,0.79,22,33,-11,-0.69,0.65,0,34,26,9,17,10,13,0.2498265093684941,0.062456627342123525,1.7487855655794586,0.43719639139486466,0.6245662734212353,0.8119361554476059,1.0617626648161
Santiago Pierotti,ar ARG,"MF,FW",Lecce,it Serie A,25.0,33,27,2261,25.1,1,0,1,1,0,0,3,0,0.04,29,7,24.1,1.15,0.28,0.03,0.14,69,73.9,5,6,31.0,0.85,17,31,-14,-0.56,0.57,0,59,20,7,17,17,48,0.039805395842547546,0.0,1.1543564794338788,0.2786377708978328,0.6766917293233082,1.9106590004422823,0.6766917293233082
Andrea Pinamonti,it ITA,FW,Sassuolo,it Serie A,26.0,32,30,2352,26.1,8,3,11,8,0,1,2,1,0.42,67,26,38.8,2.56,0.99,0.12,0.31,74,76.9,5,2,18.0,1.44,33,35,-2,-0.08,0.05,0,12,29,11,9,1,4,0.30612244897959184,0.11479591836734693,2.563775510204082,0.9948979591836735,0.03826530612244898,0.15306122448979592,0.3443877551020408
Yeremi Pino,es ESP,"MF,FW",Crystal Palace,eng Premier League,23.0,30,23,1886,21.0,2,1,3,2,0,0,4,0,0.14,41,11,26.8,1.96,0.52,0.05,0.18,63,63.5,4,7,20.0,1.27,18,22,-4,-0.19,-0.27,0,29,22,10,73,7,19,0.09544008483563098,0.04772004241781549,1.9565217391304348,0.5249204665959704,0.3340402969247084,0.9066808059384942,3.48356309650053
Jakub Piotrowski,pl POL,MF,Udinese,it Serie A,28.0,30,18,1575,17.5,1,1,2,1,0,0,2,0,0.11,34,8,23.5,1.94,0.46,0.03,0.13,53,51.5,4,12,24.0,1.27,21,22,-1,-0.06,0.19,0,26,29,2,25,14,23,0.05714285714285714,0.05714285714285714,1.942857142857143,0.45714285714285713,0.8,1.3142857142857143,1.4285714285714284
Niccolò Pisilli,it ITA,MF,Roma,it Serie A,21.0,21,10,1082,12.0,1,2,3,1,0,0,3,0,0.25,14,4,28.6,1.16,0.33,0.07,0.25,52,35.4,8,11,19.0,1.76,22,15,7,0.58,0.04,0,14,4,2,7,18,10,0.08317929759704251,0.16635859519408502,1.1645101663585953,0.33271719038817005,1.497227356746765,0.8317929759704252,0.5822550831792976
Tommaso Pobega,it ITA,MF,Bologna,it Serie A,26.0,23,14,1220,13.6,2,1,3,2,0,0,1,1,0.22,23,9,39.1,1.7,0.66,0.09,0.22,53,39.9,7,9,18.0,1.61,18,17,1,0.07,0.07,0,28,12,0,2,18,17,0.14754098360655737,0.07377049180327869,1.69672131147541,0.6639344262295083,1.3278688524590165,1.2540983606557377,0.14754098360655737
Ernest Poku,nl NED,MF,Leverkusen,de Bundesliga,22.0,27,16,1455,16.2,5,5,10,5,0,0,0,0,0.62,27,9,33.3,1.67,0.56,0.19,0.56,54,52.2,2,11,27.0,1.7,32,18,14,0.87,0.46,0,4,17,3,12,8,9,0.30927835051546393,0.30927835051546393,1.6701030927835052,0.5567010309278351,0.4948453608247423,0.5567010309278351,0.7422680412371134
Matteo Politano,it ITA,"MF,FW",Napoli,it Serie A,32.0,31,23,1948,21.6,2,5,7,2,0,0,2,0,0.32,45,12,26.7,2.08,0.55,0.04,0.17,63,63.7,4,8,23.0,2.03,35,21,14,0.65,0.24,0,17,25,0,161,3,10,0.09240246406570843,0.23100616016427103,2.0790554414784395,0.5544147843942505,0.13860369609856263,0.46201232032854206,7.438398357289528
Marin Pongračić,hr CRO,DF,Fiorentina,it Serie A,28.0,31,30,2669,29.7,0,0,0,0,0,0,10,0,0.0,8,1,12.5,0.27,0.03,0.0,0.0,86,87.2,27,1,20.0,1.16,36,37,-1,-0.03,1.35,0,64,20,0,4,34,14,0.0,0.0,0.2697639565380292,0.03372049456725365,1.1464968152866242,0.47208692394155116,0.1348819782690146
Pedro Porro,es ESP,DF,Tottenham Hotspur,eng Premier League,26.0,30,28,2436,27.1,1,2,3,1,0,0,8,0,0.11,27,7,25.9,1.0,0.26,0.04,0.14,81,79.6,22,2,21.0,1.1,35,36,-1,-0.04,1.26,0,28,23,1,205,25,39,0.03694581280788177,0.07389162561576354,0.9975369458128079,0.25862068965517243,0.9236453201970443,1.4408866995073892,7.573891625615763
Stefan Posch,at AUT,DF,Mainz 05,de Bundesliga,28.0,13,13,1170,13.0,0,0,0,0,0,0,4,0,0.0,8,2,25.0,0.62,0.15,0.0,0.0,90,41.9,13,0,0.0,1.69,21,18,3,0.23,0.95,0,7,11,1,9,16,21,0.0,0.0,0.6153846153846154,0.15384615384615385,1.2307692307692308,1.6153846153846152,0.6923076923076923
Freddie Potts,eng ENG,MF,West Ham United,eng Premier League,22.0,22,12,1171,13.0,0,1,1,0,0,0,1,0,0.08,3,1,33.3,0.23,0.08,0.0,0.0,53,38.3,4,10,25.0,1.09,17,25,-8,-0.61,-0.23,0,15,14,0,34,16,18,0.0,0.07685738684884715,0.23057216054654142,0.07685738684884715,1.2297181895815543,1.3834329632792486,2.6131511528608025
Alexander Prass,at AUT,MF,Hoffenheim,de Bundesliga,24.0,29,12,1237,13.7,3,2,5,3,0,0,3,0,0.36,17,10,58.8,1.24,0.73,0.18,0.3,43,44.3,4,17,16.0,1.93,25,22,3,0.22,-0.54,0,24,21,2,45,6,22,0.2182700080840744,0.14551333872271624,1.236863379143088,0.7275666936135813,0.4365400161681488,1.600646725949879,3.2740501212611153
Matteo Prati,it ITA,MF,Cagliari,it Serie A,22.0,20,15,1268,14.1,1,0,1,1,0,0,4,0,0.07,19,1,5.3,1.35,0.07,0.05,1.0,63,41.4,5,5,30.0,1.05,13,20,-7,-0.5,-0.2,0,17,3,0,13,15,12,0.07097791798107256,0.0,1.3485804416403786,0.07097791798107256,1.0646687697160884,0.8517350157728707,0.9227129337539433
Grischa Prömel,de GER,MF,Hoffenheim,de Bundesliga,31.0,31,16,1730,19.2,7,2,9,7,0,0,5,0,0.47,43,14,32.6,2.24,0.73,0.16,0.5,56,62.0,11,15,23.0,1.84,36,31,5,0.26,-0.67,0,23,27,1,11,15,15,0.36416184971098264,0.10404624277456648,2.2369942196531793,0.7283236994219653,0.7803468208092484,0.7803468208092484,0.5722543352601156
Marc Pubill,es ESP,DF,Atlético Madrid,es La Liga,22.0,15,11,1066,11.8,0,1,1,0,0,0,1,0,0.08,8,2,25.0,0.68,0.17,0.0,0.0,71,35.9,10,4,25.0,2.13,22,10,12,1.01,0.68,0,9,10,1,4,16,9,0.0,0.08442776735459662,0.6754221388367729,0.16885553470919323,1.3508442776735459,0.7598499061913696,0.33771106941838647
Cameron Puertas,ch SUI,MF,Werder Bremen,de Bundesliga,27.0,25,19,1642,18.2,1,2,3,1,0,0,5,0,0.16,34,8,23.5,1.86,0.44,0.03,0.13,66,58.9,9,6,15.0,1.16,24,26,-2,-0.11,1.14,0,35,22,2,68,15,34,0.05481120584652862,0.10962241169305724,1.8635809987819734,0.43848964677222896,0.8221680876979294,1.8635809987819734,3.7271619975639467
Christian Pulisic,us USA,FW,Milan,it Serie A,27.0,27,18,1517,16.9,8,3,11,8,0,1,0,0,0.65,49,23,46.9,2.91,1.36,0.16,0.35,56,49.6,4,9,18.0,1.85,23,12,11,0.65,0.07,0,11,23,3,32,3,8,0.47462096242584045,0.17798286090969018,2.907053394858273,1.3645352669742914,0.17798286090969018,0.47462096242584045,1.8984838497033618
Arkadiusz Pyrka,pl POL,MF,St Pauli,de Bundesliga,23.0,28,27,2306,25.6,0,1,1,0,0,0,3,0,0.04,18,3,16.7,0.7,0.12,0.0,0.0,82,82.7,20,1,9.0,0.93,21,43,-22,-0.86,0.07,0,15,29,0,39,20,19,0.0,0.03902862098872507,0.7025151777970512,0.1170858629661752,0.7805724197745012,0.7415437987857763,1.5221162185602775
Jarell Quansah,eng ENG,DF,Leverkusen,de Bundesliga,23.0,25,22,2034,22.6,3,0,3,3,0,0,9,0,0.13,13,7,53.8,0.58,0.31,0.23,0.43,81,72.9,19,3,31.0,1.6,38,29,9,0.4,-0.91,0,18,20,1,21,22,20,0.1327433628318584,0.0,0.5752212389380531,0.30973451327433627,0.9734513274336284,0.8849557522123893,0.9292035398230089
Leopold Querfeld,at AUT,DF,Union Berlin,de Bundesliga,22.0,30,30,2700,30.0,3,0,3,1,2,3,7,0,0.03,29,10,34.5,0.97,0.33,0.03,0.1,90,96.8,30,0,0.0,0.97,34,55,-21,-0.7,-1.7,0,46,28,0,3,35,27,0.1,0.0,0.9666666666666666,0.33333333333333337,1.1666666666666667,0.9,0.1
Adrien Rabiot,fr FRA,MF,Milan,it Serie A,31.0,25,24,2190,24.3,6,4,10,6,0,0,6,1,0.41,37,11,29.7,1.52,0.45,0.16,0.55,88,71.6,23,1,31.0,2.16,36,17,19,0.78,0.57,1,31,45,6,49,15,26,0.24657534246575344,0.1643835616438356,1.5205479452054795,0.4520547945205479,0.6164383561643836,1.0684931506849316,2.0136986301369864
Antonio Raillo,es ESP,DF,Mallorca,es La Liga,34.0,23,23,2032,22.6,0,1,1,0,0,0,4,0,0.04,12,1,8.3,0.53,0.04,0.0,0.0,88,68.4,22,0,0.0,0.96,24,32,-8,-0.35,-0.16,0,23,15,1,4,12,13,0.0,0.04429133858267716,0.5314960629921259,0.04429133858267716,0.5314960629921259,0.5757874015748031,0.17716535433070865
Ylber Ramadani,al ALB,MF,Lecce,it Serie A,30.0,33,33,2851,31.7,1,0,1,1,0,0,8,0,0.03,31,5,16.1,0.98,0.16,0.03,0.2,86,93.2,23,0,0.0,0.88,22,41,-19,-0.6,1.55,0,39,55,0,16,42,45,0.03156787092248334,0.0,0.9786039985969835,0.1578393546124167,1.3258505787443002,1.42055419151175,0.5050859347597334
Largie Ramazani,be BEL,"MF,FW",Valencia,es La Liga,25.0,22,10,1055,11.7,6,1,7,3,3,3,4,0,0.34,42,18,42.9,3.58,1.54,0.07,0.17,48,35.5,4,12,17.0,1.27,19,19,0,0.0,0.52,0,16,16,2,26,13,11,0.5118483412322274,0.08530805687203792,3.5829383886255926,1.5355450236966823,1.109004739336493,0.9383886255924171,2.218009478672986
Jacobo Ramón,es ESP,DF,Como,it Serie A,21.0,29,27,2472,27.5,2,0,2,2,0,0,9,1,0.07,32,7,21.9,1.17,0.25,0.06,0.29,85,80.8,25,2,45.0,1.79,48,23,25,0.91,-0.01,0,29,7,0,11,33,30,0.07281553398058253,0.0,1.1650485436893205,0.25485436893203883,1.2014563106796117,1.0922330097087378,0.40048543689320387
Gonçalo Ramos,pt POR,FW,Paris Saint-Germain,fr Ligue 1,24.0,27,12,1175,13.1,6,1,7,5,1,2,4,1,0.46,55,25,45.5,4.21,1.91,0.09,0.2,44,43.5,5,15,16.0,2.22,29,11,18,1.38,-0.1,1,20,19,4,1,3,11,0.4595744680851064,0.07659574468085106,4.212765957446808,1.9148936170212765,0.2297872340425532,0.8425531914893618,0.07659574468085106
Jacob Ramsey,eng ENG,MF,Newcastle United,eng Premier League,24.0,24,13,1239,13.8,2,1,3,2,0,0,5,1,0.22,15,4,26.7,1.09,0.29,0.13,0.5,52,40.5,5,11,25.0,1.08,19,25,-6,-0.44,-0.53,1,15,13,2,8,9,11,0.14527845036319612,0.07263922518159806,1.089588377723971,0.29055690072639223,0.6537530266343826,0.7990314769975787,0.5811138014527845
Luca Ranieri,it ITA,DF,Fiorentina,it Serie A,27.0,31,26,2215,24.6,1,0,1,1,0,0,8,0,0.04,16,3,18.8,0.65,0.12,0.06,0.33,71,72.4,17,5,12.0,1.19,26,30,-4,-0.16,0.16,0,21,26,3,27,20,24,0.040632054176072234,0.0,0.6501128668171557,0.1218961625282167,0.8126410835214446,0.9751693002257336,1.0970654627539502
Lilian Raolisoa,fr FRA,"MF,DF",Angers,fr Ligue 1,25.0,29,18,1706,19.0,2,4,6,2,0,0,3,0,0.32,15,4,26.7,0.79,0.21,0.13,0.5,59,61.1,7,11,24.0,1.17,15,26,-11,-0.58,-0.08,0,26,14,1,86,13,25,0.10550996483001171,0.21101992966002342,0.7913247362250879,0.21101992966002342,0.6858147713950762,1.3188745603751466,4.5369284876905045
Raphinha,br BRA,"MF,FW",Barcelona,es La Liga,29.0,20,17,1291,14.3,11,3,14,8,3,3,4,0,0.77,58,19,32.8,4.04,1.32,0.14,0.42,65,43.5,4,3,28.0,2.75,41,9,32,2.23,0.89,0,10,9,2,67,5,5,0.7668474051123161,0.209140201394268,4.043377226955848,1.3245546088303641,0.34856700232378,0.34856700232378,4.670797831138652
Marcus Rashford,eng ENG,"MF,FW",Barcelona,es La Liga,28.0,28,15,1491,16.6,7,6,13,7,0,0,2,0,0.78,70,27,38.6,4.23,1.63,0.1,0.26,53,50.2,4,13,28.0,2.61,39,20,19,1.15,-1.17,0,8,22,10,93,1,8,0.4225352112676056,0.3621730382293763,4.225352112676056,1.6297786720321932,0.060362173038229376,0.482897384305835,5.613682092555332
Andrei Ratiu,ro ROU,DF,Rayo Vallecano,es La Liga,27.0,30,29,2583,28.7,0,3,3,0,0,0,9,0,0.1,29,9,31.0,1.01,0.31,0.0,0.0,86,87.0,28,1,26.0,1.3,31,30,1,0.03,2.13,0,21,21,4,94,39,36,0.0,0.10452961672473868,1.010452961672474,0.313588850174216,1.358885017421603,1.254355400696864,3.275261324041812
David Raum,de GER,DF,RB Leipzig,de Bundesliga,28.0,29,28,2485,27.6,3,6,9,2,1,1,6,0,0.29,24,8,33.3,0.87,0.29,0.08,0.25,86,89.1,25,1,12.0,2.0,55,34,21,0.76,-0.12,0,29,17,6,244,33,35,0.10865191146881288,0.21730382293762576,0.869215291750503,0.289738430583501,1.1951710261569417,1.267605633802817,8.83702213279678
Abde Rebbach,dz ALG,"MF,DF",Alavés,es La Liga,27.0,25,10,1092,12.1,1,2,3,1,0,0,5,0,0.25,30,10,33.3,2.47,0.82,0.03,0.1,44,36.8,4,15,24.0,1.08,15,14,1,0.08,0.66,0,29,22,3,84,12,14,0.08241758241758242,0.16483516483516483,2.4725274725274726,0.8241758241758242,0.989010989010989,1.1538461538461537,6.923076923076923
Alejandro Rego,es ESP,MF,Athletic Club,es La Liga,22.0,24,8,978,10.9,1,1,2,1,0,0,5,0,0.18,11,3,27.3,1.01,0.28,0.09,0.33,41,32.9,3,16,25.0,1.42,15,18,-3,-0.28,0.13,0,30,4,0,3,17,17,0.09202453987730062,0.09202453987730062,1.0122699386503067,0.27607361963190186,1.5644171779141105,1.5644171779141105,0.27607361963190186
Tijjani Reijnders,nl NED,MF,Manchester City,eng Premier League,27.0,26,17,1496,16.6,5,2,7,5,0,0,2,0,0.42,41,15,36.6,2.47,0.9,0.12,0.33,58,50.4,6,9,18.0,1.96,30,15,15,0.9,-0.44,0,18,15,4,37,11,4,0.30080213903743314,0.12032085561497326,2.4665775401069516,0.9024064171122995,0.6617647058823529,0.24064171122994651,2.2259358288770055
Alberto Reina,es ESP,MF,Oviedo,es La Liga,28.0,32,26,2012,22.4,4,1,5,4,0,0,6,1,0.22,18,9,50.0,0.81,0.4,0.22,0.44,63,67.7,4,6,22.0,0.88,21,34,-13,-0.58,0.55,1,33,37,2,43,11,13,0.17892644135188865,0.04473161033797216,0.805168986083499,0.4025844930417495,0.49204771371769385,0.5815109343936382,1.9234592445328031
Vitor Reis,br BRA,DF,Girona,es La Liga,20.0,31,30,2688,29.9,1,1,2,1,0,0,7,1,0.07,15,3,20.0,0.5,0.1,0.07,0.33,87,90.5,29,1,33.0,1.1,31,43,-12,-0.4,0.24,0,32,21,1,0,29,29,0.033482142857142856,0.033482142857142856,0.5022321428571429,0.10044642857142856,0.9709821428571428,0.9709821428571428,0.0
Rocco Reitz,de GER,MF,Gladbach,de Bundesliga,23.0,29,29,2448,27.2,0,2,2,0,0,0,8,1,0.07,44,13,29.5,1.62,0.48,0.0,0.0,84,87.7,18,0,0.0,1.0,25,43,-18,-0.66,-1.71,0,33,53,6,85,49,35,0.0,0.07352941176470588,1.6176470588235292,0.47794117647058826,1.801470588235294,1.2867647058823528,3.125
Nicolai Remberg,de GER,MF,Hamburger SV,de Bundesliga,25.0,29,29,2610,29.0,0,1,1,0,0,0,11,0,0.03,16,8,50.0,0.55,0.28,0.0,0.0,90,93.5,29,0,0.0,1.03,32,45,-13,-0.45,1.05,0,41,46,0,4,41,24,0.0,0.034482758620689655,0.5517241379310345,0.27586206896551724,1.4137931034482758,0.8275862068965517,0.13793103448275862
Devyne Rensch,nl NED,MF,Roma,it Serie A,23.0,21,11,1024,11.4,0,4,4,0,0,0,1,0,0.35,4,1,25.0,0.35,0.09,0.0,0.0,49,33.5,4,10,17.0,1.95,15,14,1,0.09,-0.71,0,4,15,3,18,12,15,0.0,0.3515625,0.3515625,0.087890625,1.0546875,1.318359375,1.58203125
Elvis Rexhbeçaj,xk KVX,MF,Augsburg,de Bundesliga,28.0,26,10,1118,12.4,2,0,2,2,0,0,4,0,0.16,11,5,45.5,0.89,0.4,0.18,0.4,43,40.1,3,16,26.0,1.31,20,21,-1,-0.08,0.73,0,13,16,1,16,4,8,0.16100178890876565,0.0,0.8855098389982111,0.4025044722719141,0.3220035778175313,0.6440071556350626,1.2880143112701252
Oriol Rey,es ESP,MF,Levante,es La Liga,28.0,18,13,1184,13.2,0,0,0,0,0,0,4,0,0.0,6,1,16.7,0.46,0.08,0.0,0.0,66,39.9,8,5,20.0,1.05,20,22,-2,-0.15,0.4,0,22,12,0,6,10,11,0.0,0.0,0.4560810810810811,0.07601351351351351,0.7601351351351352,0.8361486486486487,0.4560810810810811
Samuele Ricci,it ITA,MF,Milan,it Serie A,24.0,28,10,1174,13.0,1,3,4,1,0,0,1,0,0.31,18,6,33.3,1.38,0.46,0.06,0.17,42,38.4,5,18,22.0,2.21,17,13,4,0.31,-0.5,0,13,30,1,27,8,8,0.07666098807495741,0.22998296422487222,1.3798977853492334,0.45996592844974443,0.6132879045996593,0.6132879045996593,2.06984667802385
Declan Rice,eng ENG,MF,Arsenal,eng Premier League,27.0,33,32,2851,31.7,4,5,9,4,0,0,3,0,0.28,40,13,32.5,1.26,0.41,0.1,0.31,86,93.2,27,1,23.0,2.12,57,25,32,1.01,-1.57,0,24,8,1,162,29,31,0.12627148368993335,0.1578393546124167,1.2627148368993335,0.4103823219922834,0.9154682567520168,0.9786039985969835,5.113995089442301
Chris Richards,us USA,DF,Crystal Palace,eng Premier League,26.0,29,29,2602,28.9,1,0,1,1,0,0,3,0,0.03,11,1,9.1,0.38,0.03,0.09,1.0,90,87.6,28,0,0.0,1.41,35,35,0,0.0,0.73,0,15,4,0,13,42,32,0.034588777863182166,0.0,0.38047655649500384,0.034588777863182166,1.452728670253651,1.1068408916218293,0.4496541122213682
Richarlison,br BRA,"FW,MF",Tottenham Hotspur,eng Premier League,28.0,28,16,1623,18.0,9,4,13,9,0,0,5,0,0.72,50,22,44.0,2.77,1.22,0.18,0.41,58,53.0,10,12,25.0,1.11,24,24,0,0.0,0.63,0,19,29,8,16,6,14,0.49907578558225507,0.22181146025878004,2.7726432532347505,1.2199630314232903,0.33271719038817005,0.7763401109057301,0.8872458410351202
Diego Rico,es ESP,DF,Getafe,es La Liga,33.0,27,18,1713,19.0,0,0,0,0,0,0,4,0,0.0,11,1,9.1,0.58,0.05,0.0,0.0,63,57.7,15,9,18.0,1.46,17,22,-5,-0.26,-0.19,0,22,34,1,61,33,28,0.0,0.0,0.5779334500875657,0.05253940455341506,1.733800350262697,1.4711033274956218,3.2049036777583186
Clemens Riedel,de GER,DF,Espanyol,es La Liga,22.0,18,14,1216,13.5,0,1,1,0,0,0,5,0,0.07,3,1,33.3,0.22,0.07,0.0,0.0,68,40.9,9,4,20.0,1.0,17,21,-4,-0.3,0.11,0,22,7,2,3,10,13,0.0,0.07401315789473684,0.2220394736842105,0.07401315789473684,0.7401315789473684,0.962171052631579,0.2220394736842105
Fabian Rieder,ch SUI,MF,Augsburg,de Bundesliga,24.0,29,25,2073,23.0,6,3,9,4,2,2,4,0,0.3,38,13,34.2,1.65,0.56,0.11,0.31,71,74.3,13,4,13.0,1.17,30,47,-17,-0.74,-0.86,0,43,35,2,97,10,17,0.26049204052098407,0.13024602026049203,1.649782923299566,0.5643994211287988,0.4341534008683068,0.7380607814761215,4.211287988422576
Hugo Rincón,es ESP,DF,Girona,es La Liga,23.0,30,16,1681,18.7,1,1,2,1,0,0,4,0,0.11,7,2,28.6,0.37,0.11,0.14,0.5,56,56.6,9,14,25.0,1.03,21,27,-6,-0.32,0.24,0,31,48,1,29,5,28,0.05353955978584176,0.05353955978584176,0.3747769185008923,0.10707911957168352,0.2676977989292088,1.4991076740035691,1.552647233789411
Luis Rioja,es ESP,MF,Valencia,es La Liga,32.0,32,26,2223,24.7,2,5,7,2,0,0,1,0,0.28,37,4,10.8,1.5,0.16,0.05,0.5,69,74.8,10,6,29.0,1.22,28,33,-5,-0.2,0.52,0,11,28,6,137,15,21,0.08097165991902834,0.20242914979757085,1.4979757085020244,0.16194331983805668,0.6072874493927126,0.8502024291497976,5.5465587044534415
Andrew Robertson,sct SCO,DF,Liverpool,eng Premier League,32.0,22,9,1036,11.5,1,0,1,1,0,0,0,0,0.09,9,3,33.3,0.78,0.26,0.11,0.33,47,33.9,4,13,23.0,1.68,19,13,6,0.52,0.21,0,4,1,5,46,6,10,0.08687258687258688,0.0,0.7818532818532818,0.2606177606177606,0.5212355212355212,0.8687258687258687,3.9961389961389964
Antonee Robinson,us USA,"DF,MF",Fulham,eng Premier League,28.0,18,13,1132,12.6,0,0,0,0,0,0,3,0,0.0,2,0,0.0,0.16,0.0,0.0,0.0,63,37.0,8,5,17.0,1.44,10,14,-4,-0.32,-0.41,0,10,5,2,65,20,20,0.0,0.0,0.15901060070671377,0.0,1.5901060070671378,1.5901060070671378,5.167844522968198
Joel Roca,es ESP,MF,Girona,es La Liga,20.0,27,11,1096,12.2,3,1,4,3,0,0,3,1,0.33,35,12,34.3,2.87,0.99,0.09,0.25,41,36.9,3,16,22.0,1.15,14,21,-7,-0.57,-0.24,0,10,32,3,25,2,9,0.24635036496350365,0.08211678832116788,2.874087591240876,0.9854014598540146,0.16423357664233576,0.739051094890511,2.052919708029197
Marc Roca,es ESP,MF,Real Betis,es La Liga,29.0,25,21,1806,20.1,1,1,2,1,0,0,1,0,0.1,14,5,35.7,0.7,0.25,0.07,0.2,72,60.8,15,4,26.0,1.68,32,27,5,0.25,0.02,0,38,22,0,10,21,28,0.04983388704318937,0.04983388704318937,0.6976744186046512,0.24916943521594687,1.0465116279069768,1.3953488372093024,0.49833887043189373
Joe Rodon,wls WAL,DF,Leeds United,eng Premier League,28.0,31,29,2591,28.8,2,0,2,2,0,0,1,0,0.07,16,5,31.3,0.56,0.17,0.13,0.4,84,84.7,26,2,23.0,1.13,37,47,-10,-0.35,-0.92,0,13,17,1,5,28,17,0.06947124662292552,0.0,0.5557699729834041,0.17367811655731377,0.9725974527209572,0.5905055962948669,0.17367811655731377
Rodri,es ESP,MF,Manchester City,eng Premier League,29.0,20,16,1421,15.8,1,0,1,1,0,0,2,0,0.06,12,2,16.7,0.76,0.13,0.08,0.5,71,47.8,11,4,22.0,1.85,27,14,13,0.82,-0.57,0,13,27,0,4,11,23,0.0633356790992259,0.0,0.7600281491907108,0.1266713581984518,0.6966924700914848,1.4567206192821955,0.2533427163969036
Álvaro Rodríguez,uy URU,FW,Elche,es La Liga,21.0,29,20,1835,20.4,5,5,10,5,0,0,1,0,0.49,60,18,30.0,2.94,0.88,0.08,0.28,63,61.8,10,9,20.0,1.07,26,30,-4,-0.2,-0.04,0,29,38,16,8,4,10,0.24523160762942778,0.24523160762942778,2.9427792915531334,0.8828337874659401,0.19618528610354224,0.49046321525885556,0.3923705722070845
Javi Rodríguez,es ESP,DF,Celta Vigo,es La Liga,22.0,28,23,2108,23.4,0,1,1,0,0,0,5,0,0.04,10,1,10.0,0.43,0.04,0.0,0.0,75,71.0,16,5,33.0,1.32,23,28,-5,-0.21,-0.94,0,30,27,1,1,24,20,0.0,0.04269449715370019,0.4269449715370019,0.04269449715370019,1.0246679316888045,0.8538899430740038,0.04269449715370019
Jesus Rodríguez,es ESP,MF,Como,it Serie A,20.0,27,16,1574,17.5,1,7,8,1,0,0,2,1,0.46,42,10,23.8,2.4,0.57,0.02,0.1,58,51.4,3,11,30.0,1.81,36,11,25,1.43,1.07,0,21,28,3,53,4,16,0.05717916137229988,0.40025412960609913,2.4015247776365944,0.5717916137229987,0.2287166454891995,0.914866581956798,3.030495552731893
Juan Rodríguez,uy URU,DF,Cagliari,it Serie A,20.0,14,14,1150,12.8,0,0,0,0,0,0,3,0,0.0,1,1,100.0,0.08,0.08,0.0,0.0,82,37.6,8,0,0.0,0.86,12,20,-8,-0.63,-0.39,0,14,6,0,4,15,24,0.0,0.0,0.0782608695652174,0.0782608695652174,1.1739130434782608,1.8782608695652177,0.3130434782608696
Ricardo Rodríguez,ch SUI,DF,Real Betis,es La Liga,33.0,20,15,1299,14.4,0,1,1,0,0,0,0,0,0.07,2,0,0.0,0.14,0.0,0.0,0.0,65,43.7,12,5,7.0,1.85,25,16,9,0.62,0.68,0,7,5,0,14,8,6,0.0,0.06928406466512702,0.13856812933025403,0.0,0.5542725173210161,0.4157043879907621,0.9699769053117783
Morgan Rogers,eng ENG,MF,Aston Villa,eng Premier League,23.0,34,34,3010,33.4,9,5,14,9,0,0,6,0,0.42,79,31,39.2,2.36,0.93,0.11,0.29,89,98.4,29,0,0.0,1.71,46,42,4,0.12,-1.68,0,43,44,3,46,13,18,0.2691029900332226,0.14950166112956811,2.362126245847176,0.9269102990033223,0.38870431893687707,0.5382059800664452,1.3754152823920267
Alessio Romagnoli,it ITA,DF,Lazio,it Serie A,31.0,29,28,2428,27.0,0,0,0,0,0,0,6,0,0.0,8,3,37.5,0.3,0.11,0.0,0.0,84,79.3,25,1,14.0,1.34,24,26,-2,-0.07,-0.93,0,17,13,0,2,30,14,0.0,0.0,0.29654036243822074,0.11120263591433277,1.112026359143328,0.5189456342668863,0.07413509060955518
Miguel Román,es ESP,MF,Celta Vigo,es La Liga,23.0,19,14,1311,14.6,1,0,1,1,0,0,3,0,0.07,9,2,22.2,0.62,0.14,0.11,0.5,69,44.1,10,5,17.0,1.63,18,13,5,0.34,0.51,0,20,11,0,21,12,17,0.06864988558352403,0.0,0.6178489702517163,0.13729977116704806,0.8237986270022883,1.1670480549199085,1.4416475972540046
Carlos Romero,es ESP,DF,Espanyol,es La Liga,24.0,31,31,2757,30.6,5,2,7,5,0,0,4,0,0.23,31,8,25.8,1.01,0.26,0.16,0.63,89,92.8,28,0,0.0,1.26,35,43,-8,-0.26,1.43,0,40,14,0,84,34,56,0.16322089227421108,0.06528835690968444,1.0119695321001088,0.2611534276387378,1.1099020674646356,1.8280739934711645,2.7421109902067466
Cristian Romero,ar ARG,DF,Tottenham Hotspur,eng Premier League,28.0,23,22,1868,20.8,4,1,5,4,0,0,11,2,0.24,17,6,35.3,0.82,0.29,0.24,0.67,81,61.0,15,1,31.0,1.0,26,31,-5,-0.24,0.14,1,32,16,1,1,31,30,0.19271948608137046,0.048179871520342615,0.8190578158458244,0.2890792291220557,1.493576017130621,1.4453961456102784,0.048179871520342615
Isaac Romero,es ESP,"FW,MF",Sevilla,es La Liga,25.0,25,15,1318,14.6,4,0,4,4,0,1,6,1,0.27,36,13,36.1,2.46,0.89,0.11,0.31,53,44.4,1,10,23.0,0.92,16,20,-4,-0.27,0.33,0,22,23,5,8,5,8,0.27314112291350534,0.0,2.4582701062215477,0.8877086494688922,0.34142640364188165,0.5462822458270107,0.5462822458270107
Iván Romero,es ESP,"FW,MF",Levante,es La Liga,25.0,28,25,2043,22.7,7,1,8,7,0,1,5,0,0.35,56,17,30.4,2.47,0.75,0.13,0.41,73,68.8,4,3,31.0,1.11,24,28,-4,-0.18,0.7,0,37,68,7,16,11,21,0.30837004405286345,0.04405286343612335,2.4669603524229076,0.748898678414097,0.4845814977973568,0.9251101321585903,0.7048458149779736
Zaid Romero,ar ARG,DF,Getafe,es La Liga,26.0,11,11,989,11.0,0,0,0,0,0,0,5,1,0.0,6,0,0.0,0.55,0.0,0.0,0.0,90,33.3,10,0,0.0,1.82,12,6,6,0.55,1.09,1,7,6,0,3,25,15,0.0,0.0,0.5460060667340748,0.0,2.275025278058645,1.365015166835187,0.2730030333670374
Rômulo,br BRA,FW,RB Leipzig,de Bundesliga,24.0,27,25,2016,22.4,9,4,13,9,0,1,3,0,0.58,58,26,44.8,2.59,1.16,0.16,0.35,75,72.3,3,2,37.0,2.04,45,23,22,0.98,0.75,0,19,20,7,0,10,17,0.40178571428571425,0.17857142857142855,2.589285714285714,1.1607142857142856,0.4464285714285714,0.7589285714285714,0.0
Salomón Rondón,ve VEN,FW,Oviedo,es La Liga,36.0,16,13,1032,11.5,2,0,2,2,0,1,2,0,0.17,24,5,20.8,2.09,0.44,0.08,0.4,65,34.7,4,3,18.0,0.69,6,17,-11,-0.96,-0.31,0,11,21,12,2,1,0,0.1744186046511628,0.0,2.0930232558139537,0.436046511627907,0.0872093023255814,0.0,0.1744186046511628
Valentin Rongier,fr FRA,MF,Rennes,fr Ligue 1,31.0,28,28,2475,27.5,2,5,7,2,0,0,6,0,0.25,21,10,47.6,0.76,0.36,0.1,0.2,88,88.7,27,0,0.0,1.86,51,36,15,0.55,1.4,0,44,24,0,18,34,42,0.07272727272727272,0.18181818181818182,0.7636363636363637,0.36363636363636365,1.2363636363636363,1.5272727272727273,0.6545454545454545
Marten de Roon,nl NED,MF,Atalanta,it Serie A,35.0,30,28,2384,26.5,1,2,3,1,0,0,8,1,0.11,14,4,28.6,0.53,0.15,0.07,0.25,79,77.9,17,2,35.0,1.67,39,24,15,0.57,0.57,1,30,11,0,13,20,40,0.037751677852348994,0.07550335570469799,0.5285234899328859,0.15100671140939598,0.7550335570469798,1.5100671140939597,0.4907718120805369
Valentin Rosier,fr FRA,"DF,MF",Osasuna,es La Liga,29.0,26,25,2110,23.4,1,1,2,1,0,0,6,1,0.09,14,3,21.4,0.6,0.13,0.07,0.33,81,71.0,18,1,22.0,1.38,24,27,-3,-0.13,-0.34,1,30,17,3,40,35,29,0.04265402843601896,0.04265402843601896,0.5971563981042654,0.12796208530805686,1.4928909952606637,1.2369668246445498,1.7061611374407584
Anthony Rouault,fr FRA,DF,Rennes,fr Ligue 1,24.0,19,17,1544,17.2,1,0,1,1,0,0,4,0,0.06,8,3,37.5,0.47,0.17,0.13,0.33,81,55.3,15,2,23.0,1.74,27,19,8,0.47,0.18,0,25,8,0,0,15,13,0.05829015544041451,0.0,0.46632124352331605,0.17487046632124353,0.8743523316062176,0.7577720207253886,0.0
Jonathan Rowe,eng ENG,"MF,FW",Bologna,it Serie A,22.0,24,15,1365,15.2,2,1,3,2,0,0,2,0,0.2,41,14,34.1,2.7,0.92,0.05,0.14,57,44.6,2,9,29.0,1.21,16,17,-1,-0.07,-0.17,0,21,40,4,47,7,12,0.13186813186813187,0.06593406593406594,2.7032967032967035,0.9230769230769231,0.46153846153846156,0.7912087912087912,3.098901098901099
Amir Rrahmani,xk KVX,DF,Napoli,it Serie A,32.0,17,17,1446,16.1,1,1,2,1,0,0,2,0,0.12,10,1,10.0,0.62,0.06,0.1,1.0,85,47.3,13,0,0.0,2.06,26,12,14,0.87,0.59,0,18,14,2,1,18,12,0.06224066390041494,0.06224066390041494,0.6224066390041494,0.06224066390041494,1.120331950207469,0.7468879668049793,0.06224066390041494
Antonio Rüdiger,de GER,DF,Real Madrid,es La Liga,33.0,15,13,1220,13.6,1,0,1,1,0,0,0,0,0.07,11,1,9.1,0.81,0.07,0.09,1.0,81,41.1,10,2,57.0,2.13,29,14,15,1.11,-0.02,0,9,1,1,2,4,4,0.07377049180327869,0.0,0.8114754098360656,0.07377049180327869,0.29508196721311475,0.29508196721311475,0.14754098360655737
Javi Rueda,es ESP,MF,Celta Vigo,es La Liga,23.0,22,12,1160,12.9,2,4,6,2,0,0,4,0,0.47,11,3,27.3,0.85,0.23,0.18,0.67,53,39.1,5,10,24.0,1.36,13,12,1,0.08,0.03,0,23,15,3,22,15,10,0.15517241379310345,0.3103448275862069,0.853448275862069,0.23275862068965517,1.1637931034482758,0.7758620689655172,1.706896551724138
Matteo Ruggeri,it ITA,DF,Atlético Madrid,es La Liga,23.0,22,17,1459,16.2,0,3,3,0,0,0,4,0,0.19,4,2,50.0,0.25,0.12,0.0,0.0,66,49.1,10,5,24.0,1.73,30,20,10,0.62,0.08,0,25,2,1,68,18,22,0.0,0.1850582590815627,0.24674434544208362,0.12337217272104181,1.1103495544893762,1.35709389993146,4.194653872515421
Aitor Ruibal,es ESP,"DF,MF",Real Betis,es La Liga,30.0,26,19,1719,19.1,4,2,6,4,0,0,4,0,0.31,31,12,38.7,1.62,0.63,0.13,0.33,66,57.9,9,7,29.0,1.69,28,20,8,0.42,0.42,0,30,25,0,30,18,28,0.2094240837696335,0.10471204188481675,1.6230366492146597,0.6282722513089005,0.9424083769633509,1.4659685863874345,1.5706806282722514
Georginio Rutter,fr FRA,"MF,FW",Brighton,eng Premier League,24.0,28,20,1717,19.1,3,3,6,3,0,0,2,0,0.31,39,13,33.3,2.04,0.68,0.08,0.23,61,56.1,4,8,20.0,1.46,26,18,8,0.42,0.35,0,29,33,10,18,10,17,0.15725101921956902,0.15725101921956902,2.044263249854397,0.6814210832847991,0.52417006406523,0.8910891089108911,0.9435061153174141
Julian Ryerson,no NOR,MF,Dortmund,de Bundesliga,28.0,28,23,2006,22.3,0,13,13,0,0,0,8,0,0.58,10,0,0.0,0.45,0.0,0.0,0.0,72,71.9,14,5,17.0,2.25,44,19,25,1.12,0.09,0,23,18,4,222,11,18,0.0,0.5832502492522433,0.448654037886341,0.0,0.4935194416749751,0.8075772681954139,9.96011964107677
Marcel Sabitzer,at AUT,MF,Dortmund,de Bundesliga,32.0,24,19,1650,18.3,1,2,3,1,0,0,3,0,0.16,18,4,22.2,0.98,0.22,0.06,0.25,69,59.1,10,5,16.0,2.08,36,20,16,0.87,-0.55,0,17,16,3,37,18,16,0.05454545454545454,0.10909090909090909,0.9818181818181819,0.21818181818181817,0.9818181818181819,0.8727272727272727,2.018181818181818
Noah Sadiki,cd COD,MF,Sunderland,eng Premier League,21.0,29,29,2562,28.5,0,1,1,0,0,0,8,0,0.04,16,4,25.0,0.56,0.14,0.0,0.0,88,83.7,24,0,0.0,1.45,33,39,-6,-0.21,0.33,0,28,32,1,17,30,24,0.0,0.0351288056206089,0.5620608899297423,0.1405152224824356,1.053864168618267,0.8430913348946136,0.5971896955503513
Alexis Saelemaekers,be BEL,MF,Milan,it Serie A,26.0,32,30,2550,28.3,2,3,5,2,0,0,4,0,0.18,40,9,22.5,1.41,0.32,0.05,0.22,80,83.3,14,2,32.0,1.91,36,23,13,0.46,-0.95,0,22,57,2,77,30,36,0.07058823529411765,0.10588235294117646,1.4117647058823528,0.31764705882352945,1.0588235294117647,1.2705882352941178,2.7176470588235295
Wesley Saïd,fr FRA,MF,Lens,fr Ligue 1,31.0,26,23,1764,19.6,10,2,12,9,1,1,2,0,0.56,51,22,43.1,2.6,1.12,0.18,0.41,68,65.3,1,3,29.0,2.19,34,20,14,0.71,-0.63,0,34,13,12,21,8,15,0.5102040816326531,0.10204081632653061,2.6020408163265305,1.1224489795918369,0.40816326530612246,0.7653061224489797,1.0714285714285714
Bukayo Saka,eng ENG,"FW,MF",Arsenal,eng Premier League,24.0,28,22,2008,22.3,6,3,9,5,1,1,1,0,0.36,64,26,40.6,2.87,1.17,0.08,0.19,72,65.6,14,6,27.0,2.29,42,16,26,1.17,0.14,0,29,51,14,113,15,15,0.2689243027888446,0.1344621513944223,2.8685258964143427,1.1653386454183268,0.6723107569721116,0.6723107569721116,5.064741035856573
Mohamed Salah,eg EGY,MF,Liverpool,eng Premier League,33.0,25,22,2056,22.8,7,6,13,6,1,1,1,0,0.53,64,17,26.6,2.8,0.74,0.09,0.35,82,67.2,16,3,46.0,1.76,38,33,5,0.22,-0.5,0,10,16,14,107,3,12,0.30642023346303504,0.26264591439688717,2.801556420233463,0.7441634241245136,0.13132295719844359,0.5252918287937743,4.683852140077821
Kike Salas,es ESP,DF,Sevilla,es La Liga,24.0,21,19,1753,19.5,1,0,1,1,0,0,1,0,0.05,12,6,50.0,0.62,0.31,0.08,0.17,83,59.0,18,2,26.0,0.81,20,33,-13,-0.67,-0.52,0,27,15,1,9,32,24,0.05134055904164289,0.0,0.6160867084997148,0.3080433542498574,1.6428978893325725,1.2321734169994296,0.46206503137478605
Manolis Saliakas,gr GRE,MF,St Pauli,de Bundesliga,29.0,17,12,1106,12.3,1,3,4,1,0,0,3,0,0.33,16,3,18.8,1.3,0.24,0.06,0.33,65,39.6,4,5,27.0,1.12,12,21,-9,-0.73,0.23,0,4,7,4,44,13,20,0.081374321880651,0.244122965641953,1.301989150090416,0.244122965641953,1.057866184448463,1.62748643761302,3.580470162748644
William Saliba,fr FRA,DF,Arsenal,eng Premier League,25.0,28,27,2344,26.0,1,0,1,1,0,0,1,0,0.04,5,1,20.0,0.19,0.04,0.2,1.0,84,76.6,25,1,45.0,2.21,55,20,35,1.34,0.97,0,20,15,1,9,15,21,0.03839590443686007,0.0,0.19197952218430034,0.03839590443686007,0.575938566552901,0.8063139931740614,0.3455631399317406
Mohammed Salisu,gh GHA,DF,Monaco,fr Ligue 1,27.0,12,12,1080,12.0,1,0,1,1,0,0,3,0,0.08,8,2,25.0,0.67,0.17,0.13,0.5,90,38.7,12,0,0.0,1.17,15,21,-6,-0.5,-1.18,0,17,3,4,0,19,11,0.08333333333333334,0.0,0.6666666666666667,0.16666666666666669,1.5833333333333335,0.9166666666666667,0.0
Lazar Samardzic,rs SRB,MF,Atalanta,it Serie A,24.0,24,10,954,10.6,2,1,3,2,0,0,1,0,0.28,22,7,31.8,2.08,0.66,0.09,0.29,40,31.2,3,14,18.0,1.54,16,13,3,0.28,-0.23,0,16,9,1,68,9,8,0.18867924528301888,0.09433962264150944,2.0754716981132075,0.6603773584905661,0.8490566037735848,0.7547169811320755,6.415094339622641
Mbwana Samatta,tz TAN,FW,Le Havre,fr Ligue 1,33.0,24,14,1275,14.2,2,1,3,2,0,0,4,0,0.21,38,14,36.8,2.68,0.99,0.05,0.14,53,45.7,2,10,30.0,0.92,15,19,-4,-0.28,0.25,0,31,15,7,6,3,6,0.1411764705882353,0.07058823529411765,2.682352941176471,0.9882352941176471,0.2117647058823529,0.4235294117647058,0.4235294117647058
Albert Sambi Lokonga,be BEL,MF,Hamburger SV,de Bundesliga,26.0,23,17,1463,16.3,5,0,5,5,0,0,3,0,0.31,15,9,60.0,0.92,0.55,0.33,0.56,64,52.4,8,6,14.0,1.09,23,26,-3,-0.18,0.7,0,19,25,0,12,13,11,0.30758714969241285,0.0,0.9227614490772386,0.5536568694463432,0.7997265892002735,0.6766917293233082,0.7382091592617909
Oihan Sancet,es ESP,MF,Athletic Club,es La Liga,26.0,26,21,1679,18.7,3,0,3,1,2,2,4,1,0.05,44,14,31.8,2.36,0.75,0.02,0.07,65,56.5,2,5,35.0,0.96,14,24,-10,-0.54,-0.4,0,27,26,0,21,2,10,0.16081000595592615,0.0,2.3585467540202503,0.7504466944609887,0.1072066706372841,0.5360333531864205,1.125670041691483
Alexis Sánchez,cl CHI,"FW,MF",Sevilla,es La Liga,37.0,23,10,1097,12.2,3,1,4,2,1,1,1,0,0.25,21,7,33.3,1.72,0.57,0.1,0.29,48,36.9,3,13,26.0,1.0,16,30,-14,-1.15,-1.1,0,12,21,9,21,5,10,0.24612579762989975,0.0820419325432999,1.722880583409298,0.5742935278030994,0.4102096627164995,0.820419325432999,1.722880583409298
Antonio Sánchez,es ESP,"MF,DF",Mallorca,es La Liga,29.0,27,9,1000,11.1,0,0,0,0,0,0,4,1,0.0,6,3,50.0,0.54,0.27,0.0,0.0,37,33.7,1,18,18.0,1.15,13,21,-8,-0.72,-0.63,1,14,10,1,27,15,10,0.0,0.0,0.54,0.27,1.3499999999999999,0.9,2.43
Juanlu Sánchez,es ESP,"MF,DF",Sevilla,es La Liga,22.0,28,23,1902,21.1,0,3,3,0,0,0,5,1,0.14,13,1,7.7,0.62,0.05,0.0,0.0,68,64.0,9,5,35.0,0.75,21,36,-15,-0.71,-0.71,1,21,38,4,55,11,38,0.0,0.14195583596214512,0.6151419558359621,0.0473186119873817,0.5205047318611987,1.7981072555205049,2.602523659305994
Manu Sánchez,es ESP,DF,Levante,es La Liga,25.0,29,28,2533,28.1,1,2,3,1,0,0,8,0,0.11,11,3,27.3,0.39,0.11,0.09,0.33,87,85.3,23,1,62.0,1.0,32,41,-9,-0.32,0.5,0,34,18,2,67,34,49,0.035530990919857876,0.07106198183971575,0.39084090011843664,0.10659297275957363,1.2080536912751678,1.741018555073036,2.380576391630478
Philipp Sander,de GER,"DF,MF",Gladbach,de Bundesliga,28.0,27,26,2180,24.2,2,0,2,2,0,0,2,0,0.08,23,7,30.4,0.95,0.29,0.09,0.29,81,78.1,16,1,30.0,0.89,30,36,-6,-0.25,0.93,0,24,12,0,24,45,38,0.08256880733944955,0.0,0.9495412844036698,0.28899082568807344,1.8577981651376148,1.5688073394495414,0.9908256880733946
James Sands,us USA,MF,St Pauli,de Bundesliga,25.0,24,23,1934,21.5,1,0,1,1,0,0,4,0,0.05,16,4,25.0,0.74,0.19,0.06,0.25,81,69.3,15,1,11.0,1.0,17,34,-17,-0.79,0.26,0,26,38,0,9,41,23,0.04653567735263703,0.0,0.7445708376421925,0.1861427094105481,1.907962771458118,1.0703205791106516,0.4188210961737332
Sadibou Sané,sn SEN,DF,Metz,fr Ligue 1,21.0,20,19,1670,18.6,2,1,3,2,0,0,4,2,0.16,5,2,40.0,0.27,0.11,0.4,1.0,84,59.9,17,1,17.0,0.25,16,42,-26,-1.4,-0.36,0,19,12,0,0,33,31,0.10778443113772455,0.05389221556886228,0.2694610778443114,0.10778443113772455,1.7784431137724552,1.6706586826347307,0.0
Arouna Sangante,sn SEN,DF,Le Havre,fr Ligue 1,24.0,26,26,2145,23.8,1,1,2,1,0,0,4,2,0.08,9,5,55.6,0.38,0.21,0.11,0.2,83,76.9,16,0,0.0,1.0,21,32,-11,-0.46,-0.18,0,39,37,0,6,34,24,0.04195804195804196,0.04195804195804196,0.3776223776223776,0.2097902097902098,1.4265734265734267,1.006993006993007,0.2517482517482518
Ibrahim Sangaré,ci CIV,MF,Nottingham Forest,eng Premier League,28.0,26,24,1990,22.1,2,2,4,2,0,0,5,0,0.18,16,5,31.3,0.72,0.23,0.13,0.4,77,65.0,16,2,8.0,1.38,30,24,6,0.27,1.11,0,39,18,0,8,18,30,0.09045226130653267,0.09045226130653267,0.7236180904522613,0.22613065326633167,0.8140703517587939,1.3567839195979898,0.36180904522613067
Mamadou Sangare,ml MLI,MF,Lens,fr Ligue 1,23.0,27,25,2143,23.8,3,4,7,3,0,0,5,0,0.29,48,12,25.0,2.02,0.5,0.06,0.25,79,79.4,18,2,33.0,2.22,46,26,20,0.84,-0.45,0,33,42,3,7,36,49,0.12599160055996267,0.1679888007466169,2.0158656089594027,0.5039664022398507,1.511899206719552,2.057862809146057,0.29398040130657954
Nhoa Sangui,fr FRA,DF,Paris FC,fr Ligue 1,20.0,24,16,1557,17.3,0,0,0,0,0,0,0,0,0.0,4,1,25.0,0.23,0.06,0.0,0.0,65,55.8,14,8,16.0,1.33,19,27,-8,-0.46,-0.54,0,4,16,2,37,17,13,0.0,0.0,0.23121387283236994,0.057803468208092484,0.9826589595375722,0.7514450867052024,2.138728323699422
Kaishu Sano,jp JPN,MF,Mainz 05,de Bundesliga,25.0,31,31,2789,31.0,1,2,3,1,0,0,1,0,0.1,19,4,21.1,0.61,0.13,0.05,0.25,90,100.0,30,0,0.0,1.1,39,49,-10,-0.32,-0.32,0,13,28,4,16,66,31,0.0322696306920043,0.0645392613840086,0.6131229831480817,0.1290785227680172,2.129795625672284,1.0003585514521334,0.5163140910720688
Morgan Sanson,fr FRA,MF,Nice,fr Ligue 1,31.0,28,17,1541,17.1,0,2,2,0,0,0,4,0,0.12,16,4,25.0,0.93,0.23,0.0,0.0,55,55.2,7,11,17.0,0.93,13,36,-23,-1.34,-1.42,0,32,17,2,37,23,19,0.0,0.11680726800778714,0.9344581440622971,0.23361453601557428,1.3432835820895521,1.109669046073978,2.1609344581440624
Andrey Santos,br BRA,MF,Chelsea,eng Premier League,21.0,24,11,1075,11.9,0,0,0,0,0,0,4,0,0.0,9,1,11.1,0.75,0.08,0.0,0.0,45,35.1,3,13,23.0,1.5,17,16,1,0.08,-0.23,0,12,20,1,2,18,15,0.0,0.0,0.7534883720930233,0.08372093023255814,1.5069767441860467,1.255813953488372,0.16744186046511628
Amin Sarr,se SWE,"FW,MF",Hellas Verona,it Serie A,25.0,32,9,1051,11.7,0,1,1,0,0,0,2,1,0.09,17,5,29.4,1.46,0.43,0.0,0.0,33,34.3,0,23,20.0,0.56,7,32,-25,-2.14,-1.78,1,25,21,7,10,4,9,0.0,0.0856327307326356,1.455756422454805,0.42816365366317793,0.3425309229305424,0.7706945765937202,0.8563273073263559
Ismaila Sarr,sn SEN,MF,Crystal Palace,eng Premier League,28.0,23,21,1874,20.8,7,1,8,5,2,2,2,0,0.29,37,16,43.2,1.78,0.77,0.14,0.31,81,63.1,17,2,30.0,1.35,27,22,5,0.24,0.9,0,12,38,13,18,7,9,0.33617929562433296,0.048025613660619,1.776947705442903,0.768409818569904,0.33617929562433296,0.43223052294557096,0.8644610458911419
Malang Sarr,fr FRA,DF,Lens,fr Ligue 1,27.0,29,29,2610,29.0,0,1,1,0,0,0,2,0,0.03,20,5,25.0,0.69,0.17,0.0,0.0,90,96.7,29,0,0.0,2.17,60,30,30,1.03,3.03,0,17,17,0,10,66,39,0.0,0.034482758620689655,0.689655172413793,0.17241379310344826,2.2758620689655173,1.3448275862068966,0.3448275862068965
Mamadou Sarr,sn SEN,DF,Strasbourg,fr Ligue 1,20.0,15,15,1305,14.5,0,0,0,0,0,0,3,0,0.0,1,0,0.0,0.07,0.0,0.0,0.0,87,48.3,14,0,0.0,1.47,21,16,5,0.34,0.02,0,16,11,0,0,5,13,0.0,0.0,0.06896551724137931,0.0,0.3448275862068965,0.896551724137931,0.0
Martin Satriano,uy URU,"FW,MF",Getafe,es La Liga,25.0,14,14,1243,13.8,4,1,5,4,0,0,4,0,0.36,24,11,45.8,1.74,0.8,0.17,0.36,89,41.9,10,0,0.0,1.64,13,9,4,0.29,0.81,0,17,19,4,14,9,12,0.28962188254223653,0.07240547063555913,1.737731295253419,0.7964601769911505,0.6516492357200322,0.8688656476267095,1.0136765888978279
Nicolò Savona,it ITA,DF,Nottingham Forest,eng Premier League,23.0,14,11,1028,11.4,2,0,2,2,0,0,2,0,0.18,5,3,60.0,0.44,0.26,0.4,0.67,73,33.6,9,3,31.0,0.93,13,18,-5,-0.44,-0.48,0,12,5,1,27,5,12,0.17509727626459143,0.0,0.4377431906614786,0.26264591439688717,0.4377431906614786,1.0505836575875487,2.3638132295719845
Joe Scally,us USA,"MF,DF",Gladbach,de Bundesliga,23.0,29,26,2338,26.0,2,3,5,2,0,0,7,0,0.19,15,9,60.0,0.58,0.35,0.13,0.22,81,83.8,20,3,18.0,1.1,32,37,-5,-0.19,1.6,0,30,46,2,45,16,24,0.07698887938408897,0.11548331907613345,0.5774165953806673,0.34644995722840033,0.6159110350727117,0.9238665526090676,1.7322497861420016
Giorgio Scalvini,it ITA,DF,Atalanta,it Serie A,22.0,20,19,1515,16.8,3,1,4,3,0,0,2,0,0.24,18,6,33.3,1.07,0.36,0.17,0.5,76,49.5,10,1,24.0,1.85,27,13,14,0.83,0.77,0,26,7,2,3,32,20,0.1782178217821782,0.0594059405940594,1.0693069306930694,0.3564356435643564,1.900990099009901,1.188118811881188,0.1782178217821782
Gianluca Scamacca,it ITA,FW,Atalanta,it Serie A,27.0,22,15,1249,13.9,10,1,11,8,2,2,2,0,0.65,57,22,38.6,4.11,1.59,0.14,0.36,57,40.8,5,7,33.0,1.27,19,14,5,0.36,-0.14,0,24,19,8,0,3,5,0.7205764611689351,0.07205764611689351,4.10728582866293,1.5852682145716575,0.21617293835068052,0.3602882305844676,0.0
Kevin Schade,de GER,"MF,FW",Brentford,eng Premier League,24.0,31,29,2458,27.3,7,3,10,7,0,1,6,1,0.37,51,22,43.1,1.87,0.81,0.14,0.32,79,80.3,16,2,45.0,1.39,37,30,7,0.26,0.85,0,42,42,9,21,19,24,0.2563059397884459,0.10984540276647681,1.8673718470301057,0.8055329536208299,0.6956875508543532,0.8787632221318145,0.7689178193653377
András Schäfer,hu HUN,MF,Union Berlin,de Bundesliga,27.0,25,14,1243,13.8,1,0,1,1,0,0,2,1,0.07,23,8,34.8,1.67,0.58,0.04,0.13,50,44.6,5,11,19.0,0.92,15,21,-6,-0.43,0.38,0,31,20,0,16,19,20,0.07240547063555913,0.0,1.6653258246178602,0.5792437650844731,1.3757039420756234,1.4481094127111827,1.1584875301689461
Fabian Schär,ch SUI,DF,Newcastle United,eng Premier League,34.0,16,11,1091,12.1,0,0,0,0,0,0,1,0,0.0,17,4,23.5,1.4,0.33,0.0,0.0,68,35.7,9,5,25.0,1.75,16,13,3,0.25,0.57,0,15,7,1,4,16,9,0.0,0.0,1.4023831347387716,0.32997250229147573,1.319890009165903,0.7424381301558203,0.32997250229147573
Derry Scherhant,de GER,MF,Freiburg,de Bundesliga,23.0,28,11,1168,13.0,4,1,5,4,0,0,2,0,0.39,33,12,36.4,2.54,0.92,0.12,0.33,42,41.9,1,17,21.0,1.39,20,23,-3,-0.23,0.05,0,17,33,4,69,7,7,0.3082191780821918,0.07705479452054795,2.542808219178082,0.9246575342465753,0.5393835616438356,0.5393835616438356,5.316780821917808
Patrik Schick,cz CZE,FW,Leverkusen,de Bundesliga,30.0,25,20,1719,19.1,13,3,16,9,4,4,2,0,0.63,59,26,44.1,3.09,1.36,0.15,0.35,69,61.6,9,5,29.0,1.68,38,24,14,0.73,0.23,0,20,15,5,0,3,2,0.6806282722513088,0.15706806282722513,3.089005235602094,1.3612565445026177,0.15706806282722513,0.10471204188481675,0.0
Xaver Schlager,at AUT,MF,RB Leipzig,de Bundesliga,28.0,24,19,1657,18.4,2,1,3,2,0,0,5,0,0.16,19,6,31.6,1.03,0.33,0.11,0.33,69,59.4,14,5,21.0,1.92,37,24,13,0.71,-0.17,0,23,11,2,10,7,22,0.10863005431502716,0.05431502715751358,1.031985515992758,0.32589016294508144,0.38020519010259507,1.1949305974652986,0.5431502715751357
Keven Schlotterbeck,de GER,DF,Augsburg,de Bundesliga,29.0,23,22,2015,22.4,0,1,1,0,0,1,7,1,0.04,12,3,25.0,0.54,0.13,0.0,0.0,88,72.2,21,1,45.0,1.22,29,36,-7,-0.31,0.73,1,25,20,1,6,32,25,0.0,0.04466501240694789,0.5359801488833746,0.13399503722084366,1.4292803970223324,1.1166253101736974,0.2679900744416873
Nico Schlotterbeck,de GER,DF,Dortmund,de Bundesliga,26.0,25,25,2250,25.0,4,1,5,4,0,0,7,0,0.2,31,8,25.8,1.24,0.32,0.13,0.5,90,80.6,25,0,0.0,2.12,50,26,24,0.96,-0.71,0,26,22,1,22,20,32,0.16,0.04,1.24,0.32,0.8,1.28,0.88
Romano Schmid,at AUT,"MF,FW",Werder Bremen,de Bundesliga,26.0,31,31,2733,30.4,3,8,11,0,3,4,4,0,0.26,53,19,35.8,1.75,0.63,0.0,0.0,88,98.0,22,0,0.0,1.03,33,52,-19,-0.63,-2.2,0,18,29,5,145,13,26,0.09879253567508232,0.26344676180021953,1.7453347969264545,0.6256860592755213,0.4281009879253568,0.8562019758507136,4.7749725576289785
Joël Schmied,ch SUI,DF,Köln,de Bundesliga,27.0,13,11,952,10.6,0,0,0,0,0,0,4,0,0.0,4,0,0.0,0.38,0.0,0.0,0.0,73,34.1,7,2,32.0,1.15,16,21,-5,-0.47,-0.33,0,13,5,0,5,10,9,0.0,0.0,0.37815126050420167,0.0,0.9453781512605043,0.8508403361344538,0.47268907563025214
Jan Schöppner,de GER,MF,Heidenheim,de Bundesliga,26.0,28,26,1982,22.0,1,3,4,1,0,0,5,0,0.18,20,5,25.0,0.91,0.23,0.05,0.2,71,71.0,12,2,28.0,0.75,20,45,-25,-1.14,-0.47,0,20,14,2,13,29,11,0.045408678102926335,0.136226034308779,0.9081735620585268,0.2270433905146317,1.3168516649848638,0.49949545913218973,0.5903128153380424
Alex Scott,eng ENG,MF,Bournemouth,eng Premier League,22.0,34,31,2580,28.7,3,1,4,3,0,0,4,0,0.14,43,12,27.9,1.5,0.42,0.07,0.25,76,84.3,17,3,39.0,1.44,45,41,4,0.14,0.89,0,38,56,1,78,34,34,0.10465116279069767,0.03488372093023256,1.5,0.41860465116279066,1.1860465116279069,1.1860465116279069,2.7209302325581395
Sebastian Sebulonsen,no NOR,"DF,MF",Köln,de Bundesliga,26.0,28,25,2228,24.8,0,0,0,0,0,0,5,0,0.0,27,4,14.8,1.09,0.16,0.0,0.0,80,79.9,17,3,36.0,1.07,31,42,-11,-0.44,-0.92,0,11,8,4,60,15,23,0.0,0.0,1.0906642728904847,0.16157989228007183,0.6059245960502693,0.929084380610413,2.423698384201077
Alidu Seidu,gh GHA,DF,Rennes,fr Ligue 1,25.0,19,12,1101,12.2,0,1,1,0,0,0,1,0,0.08,5,1,20.0,0.41,0.08,0.0,0.0,58,39.5,6,7,26.0,1.58,23,21,2,0.16,-0.37,0,11,27,3,11,16,21,0.0,0.08174386920980926,0.40871934604904636,0.08174386920980926,1.3079019073569482,1.7166212534059946,0.8991825613079019
Nicolas Seiwald,at AUT,MF,RB Leipzig,de Bundesliga,24.0,30,29,2536,28.2,0,2,2,0,0,0,2,0,0.07,19,7,36.8,0.67,0.25,0.0,0.0,85,90.9,19,1,24.0,1.97,56,31,25,0.89,1.24,0,17,6,0,5,59,40,0.0,0.07097791798107256,0.6742902208201893,0.24842271293375395,2.0938485804416405,1.419558359621451,0.17744479495268137
Ayumu Seko,jp JPN,"MF,DF",Le Havre,fr Ligue 1,25.0,28,27,2445,27.2,0,0,0,0,0,0,4,0,0.0,17,6,35.3,0.63,0.22,0.0,0.0,87,87.6,26,1,22.0,0.89,24,36,-12,-0.44,-0.18,0,26,18,1,5,31,24,0.0,0.0,0.6257668711656442,0.22085889570552147,1.1411042944785277,0.8834355828220859,0.18404907975460125
Antoine Semenyo,gh GHA,MF,Bournemouth,eng Premier League,26.0,20,20,1798,20.0,10,3,13,9,1,2,6,0,0.6,49,27,55.1,2.45,1.35,0.18,0.33,90,58.8,18,0,0.0,1.25,31,38,-7,-0.35,-0.85,0,37,14,12,28,6,20,0.5005561735261401,0.15016685205784205,2.4527252502780867,1.3515016685205783,0.3003337041156841,1.0011123470522802,1.4015572858731924
Antoine Semenyo,gh GHA,"MF,FW",Manchester City,eng Premier League,26.0,12,12,1032,11.5,5,1,6,5,0,0,1,0,0.52,27,11,40.7,2.35,0.96,0.19,0.45,86,34.7,7,0,0.0,2.25,20,10,10,0.87,-0.38,0,13,7,6,14,4,10,0.436046511627907,0.0872093023255814,2.354651162790698,0.9593023255813954,0.3488372093023256,0.872093023255814,1.2209302325581395
Marvin Senaya,gh GHA,"DF,MF",Auxerre,fr Ligue 1,25.0,23,20,1751,19.5,1,0,1,1,0,0,5,0,0.05,15,5,33.3,0.77,0.26,0.07,0.2,76,62.8,12,3,26.0,0.61,13,28,-15,-0.77,-0.77,0,24,32,1,40,34,31,0.05139920045688178,0.0,0.7709880068532267,0.2569960022844089,1.7475728155339805,1.5933752141633353,2.055968018275271
Marcos Senesi,ar ARG,DF,Bournemouth,eng Premier League,28.0,33,33,2928,32.5,0,5,5,0,0,0,8,0,0.15,17,5,29.4,0.52,0.15,0.0,0.0,89,95.7,31,0,0.0,1.48,50,51,-1,-0.03,-0.71,0,32,33,1,27,46,31,0.0,0.15368852459016394,0.5225409836065574,0.15368852459016394,1.4139344262295082,0.9528688524590163,0.8299180327868853
Suat Serdar,de GER,MF,Hellas Verona,it Serie A,29.0,20,12,1108,12.3,2,0,2,2,0,0,3,0,0.16,19,7,36.8,1.54,0.57,0.11,0.29,55,36.2,4,8,21.0,0.55,8,24,-16,-1.3,-0.52,0,19,12,1,7,10,20,0.1624548736462094,0.0,1.5433212996389893,0.5685920577617328,0.8122743682310469,1.6245487364620939,0.5685920577617328
Benjamin Šeško,si SVN,FW,Manchester Utd,eng Premier League,22.0,29,16,1598,17.8,10,1,11,10,0,0,2,0,0.62,58,32,55.2,3.27,1.8,0.17,0.31,55,52.2,8,13,23.0,1.76,35,30,5,0.28,-0.27,0,16,6,5,2,3,3,0.5632040050062578,0.056320400500625784,3.266583229036295,1.802252816020025,0.16896120150187735,0.16896120150187735,0.11264080100125157
Ryan Sessegnon,eng ENG,"DF,MF",Fulham,eng Premier League,25.0,27,20,1823,20.3,3,1,4,3,0,0,0,0,0.2,16,4,25.0,0.79,0.2,0.19,0.75,68,59.6,14,7,19.0,1.33,32,29,3,0.15,0.51,0,33,3,4,55,23,29,0.14810751508502468,0.04936917169500823,0.7899067471201316,0.1974766867800329,1.1354909489851892,1.4317059791552387,2.7153044432254525
Luke Shaw,eng ENG,DF,Manchester Utd,eng Premier League,30.0,34,34,2867,31.9,0,1,1,0,0,0,7,0,0.03,8,2,25.0,0.25,0.06,0.0,0.0,84,93.7,20,0,0.0,1.79,57,41,16,0.5,1.43,0,41,16,0,49,35,39,0.0,0.03139169863969306,0.25113358911754446,0.06278339727938612,1.098709452389257,1.2242762469480293,1.5381932333449597
Kwasi Sibo,gh GHA,MF,Oviedo,es La Liga,27.0,24,20,1577,17.5,0,0,0,0,0,0,3,0,0.0,9,2,22.2,0.51,0.11,0.0,0.0,66,53.1,9,4,19.0,0.92,16,26,-10,-0.57,0.4,0,28,4,0,2,13,20,0.0,0.0,0.5136334812935954,0.11414077362079898,0.7419150285351933,1.14140773620799,0.11414077362079898
Djibril Sidibé,fr FRA,"MF,DF",Toulouse,fr Ligue 1,33.0,30,25,2119,23.5,3,4,7,2,1,2,1,0,0.25,8,5,62.5,0.34,0.21,0.25,0.4,71,75.9,12,5,16.0,1.23,30,34,-4,-0.17,-0.57,0,29,14,5,55,18,32,0.1274185936762624,0.16989145823501653,0.33978291647003306,0.21236432279377065,0.7645115620575744,1.3591316658801322,2.3360075507314773
Jamil Siebert,de GER,DF,Lecce,it Serie A,24.0,17,14,1341,14.9,1,0,1,1,0,0,3,0,0.07,6,2,33.3,0.4,0.13,0.17,0.5,79,43.8,13,3,31.0,0.71,5,25,-20,-1.34,-1.13,0,18,7,0,4,11,13,0.06711409395973154,0.0,0.40268456375838924,0.1342281879194631,0.7382550335570469,0.87248322147651,0.2684563758389262
Tim Siersleben,de GER,DF,Heidenheim,de Bundesliga,26.0,14,12,1079,12.0,0,0,0,0,0,0,2,0,0.0,5,3,60.0,0.42,0.25,0.0,0.0,77,38.7,9,2,28.0,0.71,16,28,-12,-1.0,0.0,0,13,13,1,13,21,16,0.0,0.0,0.4170528266913809,0.25023169601482853,1.7516218721038,1.3345690454124188,1.0843373493975905
André Silva,pt POR,FW,Elche,es La Liga,30.0,26,18,1525,16.9,9,0,9,7,2,2,2,0,0.41,44,23,52.3,2.6,1.36,0.16,0.3,59,51.3,8,8,15.0,1.0,19,30,-11,-0.65,-0.96,0,17,31,4,2,3,5,0.5311475409836065,0.0,2.59672131147541,1.3573770491803279,0.17704918032786884,0.29508196721311475,0.1180327868852459
Bernardo Silva,pt POR,MF,Manchester City,eng Premier League,31.0,33,29,2505,27.8,2,4,6,2,0,0,9,0,0.22,23,6,26.1,0.83,0.22,0.09,0.33,76,84.3,13,4,23.0,2.12,59,25,34,1.22,0.64,0,35,21,5,58,17,20,0.0718562874251497,0.1437125748502994,0.8263473053892215,0.2155688622754491,0.6107784431137724,0.7185628742514969,2.0838323353293413
Caio Henrique Oliveira Silva,br BRA,"DF,MF",Monaco,fr Ligue 1,28.0,21,17,1529,17.0,0,1,1,0,0,0,2,0,0.06,2,0,0.0,0.12,0.0,0.0,0.0,73,54.8,14,4,22.0,1.48,23,24,-1,-0.06,-0.63,0,13,17,1,89,12,10,0.0,0.058862001308044476,0.11772400261608895,0.0,0.7063440156965337,0.5886200130804448,5.238718116415958
Giovanni Simeone,ar ARG,FW,Torino,it Serie A,30.0,28,23,1895,21.1,10,0,10,10,0,0,1,0,0.47,66,26,39.4,3.13,1.23,0.15,0.38,68,61.9,4,5,32.0,1.36,24,30,-6,-0.28,0.56,0,24,34,16,6,3,7,0.47493403693931396,0.0,3.134564643799472,1.2348284960422162,0.14248021108179418,0.33245382585751976,0.28496042216358836
Giuliano Simeone,ar ARG,MF,Atlético Madrid,es La Liga,23.0,29,23,2009,22.3,4,6,10,4,0,0,1,0,0.45,34,13,38.2,1.52,0.58,0.12,0.31,69,67.6,7,6,35.0,1.93,40,22,18,0.81,0.71,0,20,40,6,45,19,23,0.17919362867098057,0.26879044300647087,1.523145843703335,0.5823792931806869,0.8511697361871577,1.0303633648581385,2.0159283225485316
Moses Simon,ng NGA,"MF,FW",Paris FC,fr Ligue 1,30.0,27,23,1845,20.5,3,3,6,3,0,0,1,0,0.29,29,10,34.5,1.41,0.49,0.1,0.3,68,66.1,0,4,33.0,1.15,27,29,-2,-0.1,0.38,0,13,16,9,134,8,9,0.14634146341463414,0.14634146341463414,1.4146341463414636,0.4878048780487805,0.3902439024390244,0.43902439024390244,6.536585365853658
Xavi Simons,nl NED,"MF,FW",Tottenham Hotspur,eng Premier League,23.0,28,19,1755,19.5,2,5,7,2,0,0,5,1,0.36,42,10,23.8,2.15,0.51,0.05,0.2,63,57.4,10,9,30.0,0.82,26,33,-7,-0.36,-0.15,0,21,44,0,51,15,20,0.10256410256410256,0.25641025641025644,2.153846153846154,0.5128205128205129,0.7692307692307693,1.0256410256410258,2.6153846153846154
Danel Sinani,lu LUX,"MF,FW",St Pauli,de Bundesliga,29.0,28,22,2022,22.5,5,3,8,2,3,3,4,0,0.22,49,18,36.7,2.18,0.8,0.04,0.11,72,72.5,15,6,26.0,0.82,18,41,-23,-1.02,-0.55,0,38,27,10,132,5,16,0.22255192878338276,0.13353115727002968,2.1810089020771515,0.8011869436201781,0.22255192878338276,0.7121661721068249,5.875370919881306
Lassine Sinayoko,ml MLI,"FW,MF",Auxerre,fr Ligue 1,26.0,29,29,2500,27.8,8,3,11,5,3,4,7,0,0.29,80,32,40.0,2.88,1.15,0.06,0.16,86,89.6,18,0,0.0,0.86,26,35,-9,-0.32,1.54,0,29,51,11,25,21,22,0.28800000000000003,0.10799999999999998,2.88,1.1520000000000001,0.756,0.792,0.9
Ellyes Skhiri,tn TUN,"MF,DF",Eintracht Frankfurt,de Bundesliga,30.0,22,13,1204,13.4,0,0,0,0,0,0,3,1,0.0,7,0,0.0,0.52,0.0,0.0,0.0,55,43.2,7,9,17.0,1.5,19,29,-10,-0.75,-1.2,1,10,12,0,2,20,5,0.0,0.0,0.5232558139534884,0.0,1.495016611295681,0.37375415282392027,0.14950166112956811
Leo Skiri Østigård,no NOR,DF,Genoa,it Serie A,26.0,28,28,2442,27.1,5,1,6,5,0,0,7,0,0.22,19,11,57.9,0.7,0.41,0.26,0.45,87,79.8,26,0,0.0,1.14,31,38,-7,-0.26,-0.11,0,36,14,3,1,26,24,0.18427518427518427,0.036855036855036855,0.7002457002457002,0.40540540540540543,0.9582309582309582,0.8845208845208845,0.036855036855036855
Eric Smith,se SWE,"DF,MF",St Pauli,de Bundesliga,29.0,25,24,2159,24.0,2,2,4,2,0,0,4,1,0.17,11,5,45.5,0.46,0.21,0.18,0.4,86,77.4,23,1,45.0,0.8,21,39,-18,-0.75,0.53,0,15,29,1,53,21,20,0.08337193144974525,0.08337193144974525,0.4585456229735989,0.20842982862436313,0.8754052802223251,0.8337193144974525,2.209356183418249
Emile Smith Rowe,eng ENG,MF,Fulham,eng Premier League,25.0,33,18,1652,18.4,3,0,3,3,0,0,1,0,0.16,31,9,29.0,1.69,0.49,0.1,0.33,50,54.0,1,15,21.0,1.42,25,24,1,0.05,0.25,0,8,11,3,10,22,17,0.16343825665859565,0.0,1.6888619854721552,0.4903147699757869,1.1985472154963681,0.9261501210653753,0.5447941888619855
Ivan Smolčić,hr CRO,DF,Como,it Serie A,25.0,24,17,1417,15.7,0,1,1,0,0,0,8,0,0.06,11,4,36.4,0.7,0.25,0.0,0.0,59,46.3,6,7,19.0,1.92,21,9,12,0.76,-0.28,0,23,16,0,26,21,21,0.0,0.06351446718419196,0.6986591390261115,0.25405786873676783,1.333803810868031,1.333803810868031,1.651376146788991
Dominic Solanke,eng ENG,FW,Tottenham Hotspur,eng Premier League,28.0,15,11,1001,11.1,3,0,3,3,0,0,1,0,0.27,20,11,55.0,1.8,0.99,0.15,0.27,67,32.7,7,4,23.0,0.87,11,21,-10,-0.9,-0.9,0,12,9,3,2,3,16,0.26973026973026976,0.0,1.7982017982017982,0.989010989010989,0.26973026973026976,1.4385614385614385,0.1798201798201798
Carlos Soler,es ESP,MF,Real Sociedad,es La Liga,29.0,28,22,1961,21.8,4,3,7,4,0,0,3,1,0.32,32,19,59.4,1.47,0.87,0.13,0.21,70,66.0,8,6,30.0,1.32,33,30,3,0.14,0.41,0,26,17,0,66,15,18,0.18357980622131567,0.13768485466598673,1.4686384497705254,0.8720040795512494,0.6884242733299337,0.8261091279959204,3.0290668026517085
Oumar Solet,fr FRA,DF,Udinese,it Serie A,26.0,31,30,2599,28.9,3,1,4,2,1,1,1,0,0.1,27,4,14.8,0.93,0.14,0.07,0.5,84,84.9,27,1,16.0,1.29,35,40,-5,-0.17,-0.17,0,27,27,2,14,41,46,0.10388611004232397,0.03462870334744132,0.9349749903809157,0.1385148133897653,1.419776837245094,1.592920353982301,0.4848018468641785
Hugo Sotelo,es ESP,MF,Celta Vigo,es La Liga,22.0,19,15,1263,14.0,0,2,2,0,0,0,3,0,0.14,2,1,50.0,0.14,0.07,0.0,0.0,66,42.5,7,4,24.0,1.16,25,22,3,0.21,0.27,0,26,13,0,43,12,16,0.0,0.14251781472684086,0.14251781472684086,0.07125890736342043,0.8551068883610452,1.1401425178147269,3.0641330166270784
Riccardo Sottil,it ITA,"FW,MF",Lecce,it Serie A,26.0,21,13,1066,11.8,1,2,3,1,0,0,1,0,0.25,20,3,15.0,1.69,0.25,0.05,0.33,51,34.8,0,8,25.0,0.86,6,14,-8,-0.68,0.05,0,10,27,4,100,2,2,0.08442776735459662,0.16885553470919323,1.6885553470919326,0.25328330206378985,0.16885553470919323,0.16885553470919323,8.442776735459661
Tomáš Souček,cz CZE,MF,West Ham United,eng Premier League,31.0,31,20,1868,20.8,5,0,5,5,0,0,2,1,0.24,21,12,57.1,1.01,0.58,0.24,0.42,60,61.0,12,11,19.0,1.13,29,35,-6,-0.29,0.47,0,32,18,5,12,16,19,0.24089935760171305,0.0,1.011777301927195,0.5781584582441114,0.7708779443254818,0.9154175588865097,0.5781584582441114
Matìas Soulé,ar ARG,"MF,FW",Roma,it Serie A,23.0,29,25,1932,21.5,6,5,11,6,0,0,1,0,0.51,46,15,32.6,2.14,0.7,0.13,0.4,67,63.1,1,4,30.0,1.86,31,16,15,0.7,0.38,0,6,37,4,70,9,14,0.2795031055900621,0.2329192546583851,2.142857142857143,0.6987577639751553,0.4192546583850932,0.6521739130434783,3.2608695652173916
Sambou Soumano,sn SEN,FW,Lorient,fr Ligue 1,25.0,30,8,931,10.3,4,2,6,4,0,1,2,0,0.58,28,10,35.7,2.71,0.97,0.14,0.4,31,33.4,0,22,18.0,1.27,15,17,-2,-0.19,-0.05,0,16,18,10,0,4,4,0.38668098818474755,0.19334049409237378,2.706766917293233,0.966702470461869,0.38668098818474755,0.38668098818474755,0.0
Issa Soumaré,sn SEN,"FW,MF",Le Havre,fr Ligue 1,25.0,31,30,2678,29.8,6,5,11,5,1,3,2,0,0.34,72,24,33.3,2.42,0.81,0.07,0.21,86,96.0,29,1,45.0,1.0,28,41,-13,-0.44,-0.44,0,48,67,12,58,10,17,0.20164301717699776,0.16803584764749813,2.419716206123973,0.806572068707991,0.33607169529499625,0.5713218820014937,1.9492158327109783
Vinicius Souza,br BRA,MF,Wolfsburg,de Bundesliga,26.0,21,19,1530,17.0,0,0,0,0,0,0,4,0,0.0,6,1,16.7,0.35,0.06,0.0,0.0,73,54.8,11,2,3.0,0.81,20,33,-13,-0.76,0.09,0,35,21,0,3,22,29,0.0,0.0,0.3529411764705882,0.058823529411764705,1.2941176470588234,1.7058823529411764,0.1764705882352941
Djibril Sow,ch SUI,MF,Sevilla,es La Liga,29.0,29,24,1889,21.0,5,2,7,5,0,0,5,0,0.33,17,8,47.1,0.81,0.38,0.29,0.63,65,63.6,8,5,20.0,0.93,22,39,-17,-0.81,-0.98,0,35,25,3,22,19,21,0.2382212811011117,0.09528851244044469,0.8099523557437798,0.38115404976177875,0.9052408681842244,1.0005293806246691,1.0481736368448915
Djed Spence,eng ENG,"DF,MF",Tottenham Hotspur,eng Premier League,25.0,26,22,1913,21.3,0,0,0,0,0,0,4,0,0.0,12,7,58.3,0.56,0.33,0.0,0.0,74,62.5,15,4,23.0,1.12,28,30,-2,-0.09,0.53,0,24,18,3,45,15,24,0.0,0.0,0.5645582854155776,0.3293256664924203,0.7056978567694719,1.1291165708311552,2.117093570308416
Leonardo Spinazzola,it ITA,"MF,DF",Napoli,it Serie A,33.0,29,21,1805,20.1,3,3,6,3,0,0,2,0,0.3,20,7,35.0,1.0,0.35,0.15,0.43,62,59.0,8,8,26.0,2.07,33,19,14,0.7,0.34,0,9,9,2,68,4,9,0.14958448753462603,0.14958448753462603,0.997229916897507,0.3490304709141274,0.1994459833795014,0.4487534626038781,3.390581717451523
Anton Stach,de GER,MF,Leeds United,eng Premier League,27.0,26,25,2136,23.7,4,3,7,4,0,0,3,0,0.29,48,13,27.1,2.02,0.55,0.08,0.31,82,69.8,18,1,31.0,0.88,27,34,-7,-0.29,-0.29,0,32,20,0,133,18,32,0.16853932584269662,0.12640449438202248,2.0224719101123596,0.5477528089887641,0.7584269662921348,1.348314606741573,5.603932584269663
Jens Stage,dk DEN,MF,Werder Bremen,de Bundesliga,29.0,26,26,2210,24.6,10,2,12,10,0,0,5,0,0.49,52,21,40.4,2.12,0.86,0.19,0.48,85,79.2,19,0,0.0,1.08,25,39,-14,-0.57,0.05,0,31,29,2,14,17,28,0.40723981900452494,0.08144796380090498,2.1176470588235294,0.8552036199095022,0.6923076923076923,1.1402714932126696,0.5701357466063348
Josip Stanišić,hr CRO,DF,Bayern Munich,de Bundesliga,26.0,23,17,1677,18.6,2,3,5,2,0,0,1,0,0.27,7,4,57.1,0.38,0.21,0.29,0.5,73,60.1,14,6,30.0,2.65,74,21,53,2.84,0.58,0,7,11,4,32,17,20,0.1073345259391771,0.16100178890876565,0.3756708407871198,0.2146690518783542,0.9123434704830053,1.0733452593917712,1.7173524150268336
Carl Starfelt,se SWE,DF,Celta Vigo,es La Liga,30.0,19,17,1491,16.6,0,0,0,0,0,0,3,1,0.0,4,1,25.0,0.24,0.06,0.0,0.0,78,50.2,14,2,17.0,1.37,22,17,5,0.3,0.48,1,19,8,0,0,16,16,0.0,0.0,0.2414486921529175,0.060362173038229376,0.96579476861167,0.96579476861167,0.0
Angelo Stiller,de GER,MF,Stuttgart,de Bundesliga,25.0,31,27,2473,27.5,2,5,7,2,0,1,1,0,0.25,14,6,42.9,0.51,0.22,0.14,0.33,80,88.6,20,4,26.0,1.84,57,37,20,0.73,0.73,0,14,40,0,102,24,17,0.07278608976951072,0.1819652244237768,0.509502628386575,0.21835826930853214,0.8734330772341286,0.6186817630408411,3.7120905782450464
Kevin Stöger,at AUT,MF,Gladbach,de Bundesliga,32.0,26,12,1132,12.6,1,1,2,1,0,1,2,0,0.16,17,6,35.3,1.35,0.48,0.06,0.17,44,40.6,2,14,17.0,0.88,11,23,-12,-0.95,-0.85,0,20,21,0,56,11,19,0.07950530035335689,0.07950530035335689,1.351590106007067,0.4770318021201414,0.8745583038869258,1.510600706713781,4.4522968197879855
Jørgen Strand Larsen,no NOR,FW,Wolves,eng Premier League,26.0,22,14,1404,15.6,1,1,2,0,1,2,2,0,0.06,21,7,33.3,1.35,0.45,0.0,0.0,64,45.9,7,8,31.0,0.36,6,26,-20,-1.28,-0.3,0,30,11,9,3,3,2,0.06410256410256411,0.06410256410256411,1.3461538461538463,0.44871794871794873,0.19230769230769232,0.12820512820512822,0.19230769230769232
Pascal Struijk,nl NED,DF,Leeds United,eng Premier League,26.0,31,30,2701,30.0,0,1,1,0,0,0,4,0,0.03,29,5,17.2,0.97,0.17,0.0,0.0,87,88.3,29,1,9.0,1.16,39,43,-4,-0.13,0.62,0,22,20,5,2,29,22,0.0,0.03332099222510181,0.9663087745279527,0.16660496112550907,0.9663087745279527,0.7330618289522398,0.06664198445020363
Nikola Štulić,rs SRB,FW,Lecce,it Serie A,24.0,32,20,1692,18.8,3,0,3,2,1,1,1,0,0.11,32,8,25.0,1.7,0.43,0.06,0.25,53,55.3,2,12,25.0,0.88,14,22,-8,-0.43,0.63,0,37,26,9,1,2,7,0.1595744680851064,0.0,1.702127659574468,0.425531914893617,0.10638297872340426,0.3723404255319149,0.05319148936170213
Denis Suárez,es ESP,MF,Alavés,es La Liga,32.0,25,12,1152,12.8,1,2,3,1,0,0,6,0,0.23,7,3,42.9,0.55,0.23,0.14,0.33,46,38.8,0,13,23.0,1.0,17,18,-1,-0.08,0.42,0,18,21,0,24,7,10,0.078125,0.15625,0.546875,0.234375,0.546875,0.78125,1.875
Gabriel Suazo,cl CHI,"DF,MF",Sevilla,es La Liga,28.0,24,20,1673,18.6,0,2,2,0,0,0,7,0,0.11,4,2,50.0,0.22,0.11,0.0,0.0,70,56.3,15,4,18.0,1.21,24,32,-8,-0.43,0.06,0,26,12,2,86,20,54,0.0,0.1075911536162582,0.2151823072325164,0.1075911536162582,1.0759115361625822,2.904961147638972,4.626419605499104
Petar Sucic,hr CRO,MF,Inter,it Serie A,22.0,30,17,1433,15.9,1,2,3,1,0,0,5,0,0.19,18,4,22.2,1.13,0.25,0.06,0.25,48,46.8,5,13,16.0,2.23,34,17,17,1.07,-0.7,0,25,22,0,26,7,16,0.0628053035589672,0.1256106071179344,1.1304954640614098,0.2512212142358688,0.4396371249127704,1.0048848569434752,1.6329378925331473
Yukinari Sugawara,jp JPN,"DF,MF",Werder Bremen,de Bundesliga,25.0,29,27,2346,26.1,0,6,6,0,0,0,2,0,0.23,29,11,37.9,1.11,0.42,0.0,0.0,81,84.1,20,2,21.0,1.1,31,40,-9,-0.35,1.48,0,20,10,2,69,13,21,0.0,0.23017902813299235,1.1125319693094629,0.421994884910486,0.49872122762148335,0.8056265984654731,2.6470588235294117
Pavel Šulc,cz CZE,"FW,MF",Lyon,fr Ligue 1,25.0,24,16,1431,15.9,11,3,14,11,0,0,2,0,0.88,41,16,39.0,2.58,1.01,0.27,0.69,60,51.3,6,8,20.0,1.92,26,17,9,0.57,0.1,0,28,14,6,13,6,12,0.6918238993710691,0.18867924528301888,2.5786163522012577,1.0062893081761006,0.37735849056603776,0.7547169811320755,0.8176100628930817
Kamaldeen Sulemana,gh GHA,MF,Atalanta,it Serie A,24.0,23,8,904,10.0,2,1,3,2,0,0,3,0,0.3,21,9,42.9,2.09,0.9,0.1,0.22,39,29.5,1,15,23.0,1.61,17,10,7,0.7,0.36,0,11,14,4,19,2,5,0.19911504424778761,0.09955752212389381,2.09070796460177,0.8960176991150443,0.19911504424778761,0.497787610619469,1.8915929203539825
Crysencio Summerville,nl NED,"MF,FW",West Ham United,eng Premier League,24.0,27,25,2113,23.5,5,1,6,5,0,0,4,0,0.26,49,15,30.6,2.09,0.64,0.1,0.33,78,69.1,11,2,19.0,1.22,30,35,-5,-0.21,0.83,0,46,58,6,48,13,20,0.2129673450070989,0.04259346900141978,2.0870799810695693,0.6389020350212967,0.5537150970184571,0.8518693800283956,2.0444865120681497
Yuito Suzuki,jp JPN,MF,Freiburg,de Bundesliga,24.0,24,17,1552,17.2,4,2,6,4,0,0,3,0,0.35,37,14,37.8,2.15,0.81,0.11,0.29,65,55.6,6,7,31.0,1.29,30,30,0,0.0,0.58,0,19,9,2,18,10,12,0.23195876288659795,0.11597938144329897,2.145618556701031,0.8118556701030927,0.5798969072164948,0.6958762886597938,1.0438144329896908
Daniel Svensson,se SWE,MF,Dortmund,de Bundesliga,24.0,31,26,2334,25.9,2,2,4,2,0,0,0,0,0.15,12,4,33.3,0.46,0.15,0.17,0.5,75,83.7,21,5,20.0,2.16,52,27,25,0.96,-0.81,0,27,20,2,126,20,25,0.07712082262210797,0.07712082262210797,0.4627249357326478,0.15424164524421594,0.7712082262210798,0.9640102827763496,4.858611825192802
Williot Swedberg,se SWE,"FW,MF",Celta Vigo,es La Liga,22.0,24,10,1012,11.2,4,3,7,4,0,0,2,0,0.62,20,11,55.0,1.78,0.98,0.2,0.36,42,34.1,0,14,29.0,1.33,15,14,1,0.09,0.04,0,25,31,6,7,2,14,0.3557312252964427,0.266798418972332,1.7786561264822134,0.9782608695652174,0.17786561264822134,1.2450592885375493,0.6225296442687747
Lamine Sy,mr MTN,DF,Auxerre,fr Ligue 1,23.0,21,14,1286,14.3,0,0,0,0,0,0,1,0,0.0,9,1,11.1,0.63,0.07,0.0,0.0,61,46.1,10,7,16.0,0.76,14,19,-5,-0.35,0.25,0,17,13,2,39,16,24,0.0,0.0,0.6298600311041991,0.06998444790046657,1.119751166407465,1.6796267496111976,2.729393468118196
Dominik Szoboszlai,hu HUN,"MF,DF",Liverpool,eng Premier League,25.0,32,32,2871,31.9,5,4,9,5,0,1,8,1,0.28,63,19,30.2,1.97,0.6,0.08,0.26,90,93.8,30,0,0.0,1.63,54,42,12,0.38,-0.1,0,33,27,2,174,26,31,0.15673981191222572,0.12539184952978058,1.974921630094044,0.5956112852664577,0.8150470219435736,0.9717868338557993,5.454545454545455
Alexander Sørloth,no NOR,FW,Atlético Madrid,es La Liga,30.0,31,19,1770,19.7,12,0,12,12,0,0,4,1,0.61,59,31,52.5,3.0,1.58,0.2,0.39,57,59.6,8,12,28.0,1.84,34,24,10,0.51,-0.17,0,27,14,10,10,0,6,0.6101694915254237,0.0,3.0,1.576271186440678,0.0,0.30508474576271183,0.5084745762711864
Musa Al-Taamari,jo JOR,"MF,FW",Rennes,fr Ligue 1,28.0,30,22,1970,21.9,5,5,10,5,0,0,4,0,0.46,56,21,37.5,2.56,0.96,0.09,0.24,66,70.6,3,8,31.0,1.87,41,24,17,0.78,1.33,0,16,25,24,84,10,15,0.22842639593908629,0.22842639593908629,2.5583756345177666,0.9593908629441624,0.45685279187817257,0.6852791878172589,3.8375634517766497
Haris Tabakovic,ba BIH,FW,Gladbach,de Bundesliga,31.0,30,26,2220,24.7,11,3,14,11,0,2,3,0,0.57,62,23,37.1,2.51,0.93,0.18,0.48,74,79.6,10,4,29.0,1.07,33,34,-1,-0.04,2.01,0,44,18,25,2,0,5,0.44594594594594594,0.12162162162162163,2.5135135135135136,0.9324324324324325,0.0,0.20270270270270271,0.08108108108108109
Nicolás Tagliafico,ar ARG,DF,Lyon,fr Ligue 1,33.0,20,14,1310,14.6,0,3,3,0,0,0,5,2,0.21,15,1,6.7,1.03,0.07,0.0,0.0,66,47.0,8,6,20.0,1.55,21,15,6,0.41,-0.2,1,36,33,2,20,17,14,0.0,0.20610687022900764,1.0305343511450382,0.06870229007633588,1.16793893129771,0.9618320610687023,1.3740458015267174
Jonathan Tah,de GER,DF,Bayern Munich,de Bundesliga,30.0,25,21,1845,20.5,2,1,3,2,0,0,6,0,0.15,8,5,62.5,0.39,0.24,0.25,0.4,74,66.1,17,4,16.0,2.64,72,19,53,2.59,-0.08,0,24,6,0,1,24,16,0.0975609756097561,0.04878048780487805,0.3902439024390244,0.24390243902439024,1.170731707317073,0.7804878048780488,0.04878048780487805
Chemsdine Talbi,ma MAR,"MF,FW",Sunderland,eng Premier League,20.0,25,14,1362,15.1,4,1,5,4,0,0,0,0,0.33,22,9,40.9,1.45,0.59,0.18,0.44,54,44.5,1,11,25.0,1.44,20,13,7,0.46,1.31,0,5,1,1,41,3,5,0.2643171806167401,0.06607929515418502,1.4537444933920705,0.5947136563876653,0.19823788546255508,0.3303964757709251,2.709251101321586
Montassar Talbi,tn TUN,DF,Lorient,fr Ligue 1,27.0,26,26,2340,26.0,0,1,1,0,0,0,3,0,0.04,11,2,18.2,0.42,0.08,0.0,0.0,90,83.9,26,0,0.0,1.42,37,40,-3,-0.12,0.28,0,7,13,0,5,24,17,0.0,0.038461538461538464,0.4230769230769231,0.07692307692307693,0.9230769230769231,0.6538461538461539,0.19230769230769232
Adrien Tameze,cm CMR,DF,Torino,it Serie A,32.0,24,12,1120,12.4,0,0,0,0,0,0,3,0,0.0,5,0,0.0,0.4,0.0,0.0,0.0,47,36.6,5,12,17.0,1.13,13,26,-13,-1.04,-0.86,0,16,7,0,14,19,12,0.0,0.0,0.40178571428571425,0.0,1.5267857142857142,0.9642857142857143,1.125
Ao Tanaka,jp JPN,MF,Leeds United,eng Premier League,27.0,24,10,1019,11.3,2,0,2,2,0,0,1,0,0.18,14,4,28.6,1.24,0.35,0.14,0.5,42,33.3,0,14,19.0,1.38,18,18,0,0.0,0.31,0,12,7,0,29,15,11,0.17664376840039253,0.0,1.2365063788027477,0.35328753680078506,1.3248282630029442,0.971540726202159,2.5613346418056917
Edmond Tapsoba,bf BFA,DF,Leverkusen,de Bundesliga,27.0,26,26,2305,25.6,5,3,8,5,0,0,7,0,0.31,27,10,37.0,1.05,0.39,0.19,0.5,89,82.6,25,0,0.0,1.85,54,33,21,0.82,1.01,0,26,1,2,10,19,14,0.19522776572668113,0.11713665943600868,1.054229934924078,0.39045553145336226,0.7418655097613883,0.5466377440347071,0.39045553145336226
James Tarkowski,eng ENG,DF,Everton,eng Premier League,33.0,33,33,2970,33.0,1,2,3,1,0,0,6,0,0.09,16,8,50.0,0.48,0.24,0.06,0.13,90,97.1,33,0,0.0,1.42,41,39,2,0.06,2.06,0,26,33,2,7,26,26,0.030303030303030304,0.06060606060606061,0.48484848484848486,0.24242424242424243,0.7878787878787878,0.7878787878787878,0.2121212121212121
César Tárrega,es ESP,DF,Valencia,es La Liga,24.0,27,24,2148,23.9,0,0,0,0,0,0,5,0,0.0,9,1,11.1,0.38,0.04,0.0,0.0,80,72.3,23,3,16.0,1.22,26,34,-8,-0.34,-0.01,0,34,10,0,0,20,20,0.0,0.0,0.3770949720670391,0.04189944134078212,0.8379888268156425,0.8379888268156425,0.0
Tylel Tati,fr FRA,DF,Nantes,fr Ligue 1,18.0,20,20,1721,19.1,0,0,0,0,0,0,5,1,0.0,3,0,0.0,0.16,0.0,0.0,0.0,86,61.7,17,0,0.0,0.7,19,37,-18,-0.94,-0.35,0,25,15,0,1,14,13,0.0,0.0,0.1568855316676351,0.0,0.7321324811156305,0.6798373038930854,0.05229517722254503
Nuno Tavares,pt POR,DF,Lazio,it Serie A,26.0,21,15,1293,14.4,0,0,0,0,0,0,3,0,0.0,15,1,6.7,1.04,0.07,0.0,0.0,62,42.3,9,6,15.0,1.33,18,15,3,0.21,0.16,0,16,20,4,92,16,20,0.0,0.0,1.0440835266821344,0.06960556844547564,1.1136890951276102,1.3921113689095128,6.403712296983759
Marcus Tavernier,eng ENG,MF,Bournemouth,eng Premier League,27.0,30,27,2389,26.5,6,4,10,4,2,2,5,0,0.3,63,20,31.7,2.37,0.75,0.06,0.2,80,78.1,13,3,24.0,1.3,39,42,-3,-0.11,-0.52,0,29,32,4,94,14,19,0.22603599832565927,0.15069066555043953,2.3733779824194223,0.7534533277521975,0.5274173294265383,0.7157806613645877,3.5412306404353284
Kenneth Taylor,nl NED,MF,Lazio,it Serie A,23.0,15,15,1263,14.0,3,2,5,3,0,0,4,0,0.36,16,6,37.5,1.14,0.43,0.19,0.5,84,41.3,8,0,0.0,1.53,13,15,-2,-0.14,-0.44,0,14,12,0,9,9,11,0.2137767220902613,0.14251781472684086,1.1401425178147269,0.4275534441805226,0.6413301662707839,0.7838479809976248,0.6413301662707839
Loum Tchaouna,fr FRA,"MF,FW",Burnley,eng Premier League,22.0,25,10,937,10.4,1,0,1,1,0,0,1,0,0.1,17,7,41.2,1.63,0.67,0.06,0.14,37,30.6,0,15,18.0,0.4,9,17,-8,-0.77,0.33,0,7,12,1,18,2,7,0.096051227321238,0.0,1.632870864461046,0.6723585912486659,0.192102454642476,0.6723585912486659,1.7289220917822838
Jackson Tchatchoua,cm CMR,"MF,DF",Wolves,eng Premier League,24.0,31,19,1845,20.5,0,1,1,0,0,0,3,0,0.05,3,1,33.3,0.15,0.05,0.0,0.0,60,60.3,14,12,24.0,0.55,17,37,-20,-0.98,0.36,0,8,9,2,90,14,15,0.0,0.04878048780487805,0.14634146341463414,0.04878048780487805,0.6829268292682927,0.7317073170731708,4.390243902439025
Aurélien Tchouaméni,fr FRA,MF,Real Madrid,es La Liga,26.0,29,27,2310,25.7,1,0,1,1,0,0,8,0,0.04,38,7,18.4,1.48,0.27,0.03,0.14,80,77.8,19,2,16.0,2.34,53,24,29,1.13,0.04,0,26,23,0,8,34,36,0.03896103896103896,0.0,1.4805194805194806,0.2727272727272727,1.3246753246753247,1.4025974025974026,0.3116883116883117
Mathys Tel,fr FRA,"MF,FW",Tottenham Hotspur,eng Premier League,21.0,27,9,1014,11.3,3,0,3,3,0,0,0,0,0.27,28,7,25.0,2.49,0.62,0.11,0.43,38,33.1,2,18,19.0,0.89,21,20,1,0.09,0.57,0,14,19,3,68,2,11,0.2662721893491124,0.0,2.485207100591716,0.621301775147929,0.1775147928994083,0.9763313609467456,6.035502958579881
Nahuel Tenaglia,ar ARG,DF,Alavés,es La Liga,30.0,31,31,2789,31.0,1,0,1,1,0,0,2,0,0.03,18,5,27.8,0.58,0.16,0.06,0.2,90,93.9,30,0,0.0,1.03,35,46,-11,-0.35,-0.35,0,25,34,3,17,40,36,0.0322696306920043,0.0,0.5808533524560775,0.16134815346002152,1.2907852276801721,1.161706704912155,0.5485837217640731
Filippo Terracciano,it ITA,DF,Cremonese,it Serie A,23.0,32,29,2659,29.5,2,0,2,2,0,0,6,0,0.07,14,4,28.6,0.47,0.14,0.14,0.5,83,86.9,25,3,29.0,0.88,22,39,-17,-0.58,1.22,0,16,23,0,26,50,22,0.06769462203836028,0.0,0.473862354268522,0.13538924407672057,1.6923655509590072,0.744640842421963,0.8800300864986836
Tanner Tessmann,us USA,MF,Lyon,fr Ligue 1,24.0,29,22,1953,21.7,1,0,1,1,0,0,2,0,0.05,26,8,30.8,1.2,0.37,0.04,0.13,67,70.0,14,7,21.0,1.86,32,21,11,0.51,-0.03,0,21,19,3,17,13,21,0.04608294930875576,0.0,1.1981566820276497,0.3686635944700461,0.5990783410138248,0.967741935483871,0.783410138248848
Kenny Tete,nl NED,DF,Fulham,eng Premier League,30.0,22,21,1791,19.9,1,0,1,1,0,0,2,0,0.05,16,3,18.8,0.8,0.15,0.06,0.33,81,58.5,15,1,8.0,1.55,24,24,0,0.0,0.14,0,27,31,1,34,26,38,0.05025125628140704,0.0,0.8040201005025126,0.15075376884422112,1.306532663316583,1.9095477386934672,1.708542713567839
Jordan Teze,nl NED,"MF,DF",Monaco,fr Ligue 1,26.0,30,25,2254,25.0,1,2,3,1,0,0,8,0,0.12,13,4,30.8,0.52,0.16,0.08,0.25,75,80.8,17,5,35.0,1.6,46,39,7,0.28,0.28,0,29,24,3,60,28,44,0.03992901508429459,0.07985803016858918,0.5190771960958297,0.15971606033717836,1.1180124223602483,1.756876663708962,2.395740905057675
Florian Thauvin,fr FRA,MF,Lens,fr Ligue 1,33.0,30,27,2267,25.2,10,5,15,8,2,3,5,0,0.52,70,26,37.1,2.78,1.03,0.11,0.31,76,84.0,6,3,31.0,2.1,48,25,23,0.91,-0.13,0,18,33,7,188,11,17,0.39700044111160127,0.19850022055580063,2.7790030877812084,1.0322011468901633,0.43670048522276134,0.6749007498897222,7.463608292898103
Arthur Theate,be BEL,DF,Eintracht Frankfurt,de Bundesliga,25.0,23,23,2051,22.8,1,0,1,1,0,0,8,0,0.04,15,7,46.7,0.66,0.31,0.07,0.14,89,73.5,20,0,0.0,1.35,44,49,-5,-0.22,-0.58,0,14,13,1,13,31,20,0.04388103364212579,0.0,0.6582155046318868,0.30716723549488056,1.3603120429058995,0.8776206728425159,0.5704534373476353
Igor Thiago,br BRA,FW,Brentford,eng Premier League,24.0,34,33,2922,32.5,21,1,22,14,7,8,7,0,0.46,76,39,51.3,2.34,1.2,0.18,0.36,86,95.5,26,1,31.0,1.41,46,43,3,0.09,0.09,0,65,23,22,15,11,19,0.6468172484599589,0.030800821355236138,2.340862422997947,1.2012320328542094,0.33880903490759756,0.5852156057494867,0.46201232032854206
Malick Thiaw,de GER,DF,Newcastle United,eng Premier League,24.0,31,29,2605,28.9,4,0,4,4,0,0,4,0,0.14,27,13,48.1,0.93,0.45,0.15,0.31,84,85.1,27,2,24.0,1.19,40,47,-7,-0.24,-0.84,0,22,10,2,9,26,29,0.1381957773512476,0.0,0.9328214971209212,0.44913627639155473,0.8982725527831095,1.0019193857965452,0.3109404990403071
Jan Thielmann,de GER,"MF,FW",Köln,de Bundesliga,23.0,24,20,1509,16.8,3,1,4,3,0,0,4,0,0.24,27,10,37.0,1.61,0.6,0.11,0.3,63,54.1,4,4,19.0,1.08,22,28,-6,-0.36,-0.22,0,11,21,4,36,12,11,0.17892644135188865,0.05964214711729622,1.610337972166998,0.5964214711729622,0.7157057654075546,0.6560636182902585,2.147117296222664
Adrien Thomasson,fr FRA,MF,Lens,fr Ligue 1,32.0,29,29,2473,27.5,3,8,11,3,0,0,10,0,0.4,41,12,29.3,1.49,0.44,0.07,0.25,85,91.6,20,0,0.0,2.07,55,30,25,0.91,-0.28,0,50,42,3,114,19,48,0.10917913465426607,0.29114435907804287,1.4921148402749695,0.4367165386170643,0.6914678528103518,1.746866154468257,4.148807116862111
Kristian Thorstvedt,no NOR,MF,Sassuolo,it Serie A,27.0,28,23,2100,23.3,3,3,6,3,0,0,7,0,0.26,37,12,32.4,1.59,0.51,0.08,0.25,75,68.6,20,5,26.0,1.61,34,30,4,0.17,0.83,0,29,50,1,12,25,16,0.12857142857142856,0.12857142857142856,1.5857142857142856,0.5142857142857142,1.0714285714285714,0.6857142857142857,0.5142857142857142
Khéphren Thuram,fr FRA,MF,Juventus,it Serie A,25.0,32,28,2306,25.6,3,2,5,3,0,0,2,0,0.2,47,15,31.9,1.83,0.59,0.06,0.2,72,75.4,14,4,26.0,1.91,47,22,25,0.98,0.62,0,36,12,3,15,12,31,0.1170858629661752,0.07805724197745013,1.8343451864700782,0.585429314830876,0.4683434518647008,1.209887250650477,0.585429314830876
Marcus Thuram,fr FRA,FW,Inter,it Serie A,28.0,27,22,1790,19.9,12,5,17,12,0,0,2,0,0.85,69,27,39.1,3.47,1.36,0.17,0.44,66,58.5,6,5,22.0,2.37,44,19,25,1.26,-0.44,0,41,40,15,19,1,13,0.6033519553072626,0.25139664804469275,3.46927374301676,1.3575418994413408,0.05027932960893854,0.6536312849162011,0.9553072625698323
Cheikh Tidiane Sabaly,sn SEN,"MF,FW",Metz,fr Ligue 1,27.0,14,12,967,10.7,0,2,2,0,0,0,2,0,0.19,8,4,50.0,0.74,0.37,0.0,0.0,69,34.7,6,2,13.0,0.79,8,24,-16,-1.49,-0.35,0,14,16,5,14,3,13,0.0,0.1861427094105481,0.7445708376421925,0.3722854188210962,0.2792140641158221,1.2099276111685626,1.3029989658738366
Youri Tielemans,be BEL,MF,Aston Villa,eng Premier League,28.0,21,18,1575,17.5,0,4,4,0,0,0,0,0,0.23,19,4,21.1,1.09,0.23,0.0,0.0,75,51.5,12,3,22.0,1.9,25,22,3,0.17,0.05,0,23,32,1,36,14,33,0.0,0.22857142857142856,1.0857142857142859,0.22857142857142856,0.8,1.8857142857142857,2.057142857142857
Phillip Tietz,de GER,FW,Mainz 05,de Bundesliga,28.0,16,16,1364,15.2,3,1,4,3,0,1,2,0,0.26,40,19,47.5,2.64,1.25,0.08,0.16,85,48.9,9,0,0.0,1.63,25,21,4,0.26,1.15,0,25,16,12,4,7,3,0.19794721407624635,0.06598240469208211,2.6392961876832848,1.2536656891495601,0.46187683284457476,0.19794721407624635,0.26392961876832843
Malik Tillman,us USA,MF,Leverkusen,de Bundesliga,23.0,26,17,1581,17.6,6,1,7,6,0,0,1,0,0.4,32,11,34.4,1.82,0.63,0.19,0.55,61,56.7,7,9,24.0,1.85,30,24,6,0.34,-0.7,0,16,27,1,16,17,29,0.3415559772296015,0.05692599620493359,1.821631878557875,0.6261859582542695,0.967741935483871,1.6508538899430738,0.9108159392789374
Jurriën Timber,nl NED,DF,Arsenal,eng Premier League,24.0,30,28,2454,27.3,3,5,8,3,0,0,5,0,0.29,25,7,28.0,0.92,0.26,0.12,0.43,82,80.2,23,2,34.0,2.23,51,20,31,1.14,0.1,0,38,29,0,46,24,35,0.1100244498777506,0.18337408312958434,0.9168704156479218,0.2567237163814181,0.8801955990220048,1.2836185819070904,1.687041564792176
Quinten Timber,nl NED,MF,Marseille,fr Ligue 1,24.0,12,12,965,10.7,0,0,0,0,0,0,2,0,0.0,10,2,20.0,0.93,0.19,0.0,0.0,80,34.6,4,0,0.0,1.5,13,15,-2,-0.19,-1.17,0,11,18,1,6,7,15,0.0,0.0,0.9326424870466321,0.18652849740932642,0.6528497409326425,1.3989637305699483,0.5595854922279793
Jean-Clair Todibo,fr FRA,DF,West Ham United,eng Premier League,26.0,21,20,1699,18.9,0,1,1,0,0,0,4,1,0.05,2,0,0.0,0.11,0.0,0.0,0.0,81,55.5,15,1,1.0,1.1,25,33,-8,-0.42,0.11,0,8,3,1,1,16,24,0.0,0.052972336668628606,0.10594467333725721,0.0,0.8475573866980577,1.2713360800470865,0.052972336668628606
Corentin Tolisso,fr FRA,MF,Lyon,fr Ligue 1,31.0,27,23,2032,22.6,9,2,11,8,1,2,4,0,0.44,46,24,52.2,2.04,1.06,0.17,0.33,75,72.8,14,4,31.0,1.67,37,24,13,0.58,0.22,0,39,50,3,43,15,18,0.3986220472440945,0.08858267716535433,2.0374015748031495,1.0629921259842519,0.6643700787401575,0.797244094488189,1.904527559055118
Jeremy Toljan,de GER,DF,Levante,es La Liga,31.0,32,32,2782,30.9,1,3,4,1,0,0,7,0,0.13,9,1,11.1,0.29,0.03,0.11,1.0,87,93.7,24,0,0.0,1.03,36,45,-9,-0.29,1.62,0,27,18,2,64,30,37,0.03235082674335011,0.09705248023005032,0.291157440690151,0.03235082674335011,0.9705248023005033,1.196980589503954,2.070452911574407
Tiago Tomás,pt POR,"MF,FW",Stuttgart,de Bundesliga,23.0,24,10,987,11.0,4,3,7,4,0,0,3,0,0.64,33,9,27.3,3.01,0.82,0.12,0.44,41,35.4,0,14,20.0,1.83,26,22,4,0.36,-0.43,0,12,28,3,12,4,8,0.36474164133738607,0.2735562310030395,3.0091185410334345,0.8206686930091185,0.36474164133738607,0.7294832826747721,1.094224924012158
Fikayo Tomori,eng ENG,DF,Milan,it Serie A,28.0,30,28,2396,26.6,0,2,2,0,0,0,5,0,0.08,9,2,22.2,0.34,0.08,0.0,0.0,80,78.3,20,2,13.0,2.13,35,18,17,0.64,0.1,0,30,7,2,16,26,39,0.0,0.07512520868113523,0.33806343906510855,0.07512520868113523,0.9766277128547579,1.464941569282137,0.6010016694490818
Sandro Tonali,it ITA,MF,Newcastle United,eng Premier League,25.0,32,28,2302,25.6,0,2,2,0,0,0,3,0,0.08,34,8,23.5,1.33,0.31,0.0,0.0,72,75.2,14,4,12.0,1.22,26,35,-9,-0.35,-0.95,0,23,39,1,90,26,22,0.0,0.07819287576020852,1.3292788879235446,0.31277150304083406,1.0165073848827109,0.8601216333622937,3.5186794092093834
Pablo Torre,es ESP,"MF,FW",Mallorca,es La Liga,23.0,30,15,1270,14.1,3,3,6,3,0,0,3,0,0.43,17,9,52.9,1.2,0.64,0.18,0.33,42,42.8,1,15,16.0,1.03,18,24,-6,-0.43,-0.21,0,24,31,1,68,8,11,0.2125984251968504,0.2125984251968504,1.204724409448819,0.6377952755905512,0.5669291338582677,0.7795275590551181,4.818897637795276
Ferrán Torres,es ESP,FW,Barcelona,es La Liga,26.0,29,21,1749,19.4,14,1,15,14,0,0,2,0,0.77,63,33,52.4,3.24,1.7,0.22,0.42,60,58.9,5,8,26.0,2.52,45,17,28,1.44,-0.7,0,11,15,10,2,4,5,0.7204116638078903,0.051457975986277875,3.2418524871355063,1.6981132075471697,0.2058319039451115,0.25728987993138935,0.10291595197255575
Pau Torres,es ESP,DF,Aston Villa,eng Premier League,29.0,19,17,1568,17.4,0,0,0,0,0,0,1,0,0.0,7,0,0.0,0.4,0.0,0.0,0.0,83,51.2,14,2,38.0,1.79,24,17,7,0.4,0.52,0,7,5,0,4,11,13,0.0,0.0,0.40178571428571425,0.0,0.6313775510204082,0.7461734693877552,0.22959183673469385
Lucas Torró,es ESP,MF,Osasuna,es La Liga,31.0,29,27,1985,22.1,0,1,1,0,0,0,6,0,0.05,20,5,25.0,0.91,0.23,0.0,0.0,68,66.8,12,2,1.0,1.14,23,30,-7,-0.32,-0.87,0,29,24,0,2,26,14,0.0,0.04534005037783375,0.906801007556675,0.22670025188916876,1.1788413098236776,0.6347607052896725,0.0906801007556675
Jordan Torunarigha,de GER,DF,Hamburger SV,de Bundesliga,28.0,22,19,1792,19.9,0,0,0,0,0,0,2,0,0.0,5,1,20.0,0.25,0.05,0.0,0.0,81,64.2,16,3,35.0,1.0,20,33,-13,-0.65,-0.38,0,18,12,0,3,28,19,0.0,0.0,0.25111607142857145,0.05022321428571428,1.40625,0.9542410714285715,0.15066964285714285
Alpha Touré,sn SEN,MF,Metz,fr Ligue 1,20.0,29,15,1522,16.9,0,1,1,0,0,0,5,0,0.06,16,1,6.3,0.95,0.06,0.0,0.0,52,54.6,7,14,22.0,0.52,15,37,-22,-1.3,-0.09,0,27,24,1,12,10,21,0.0,0.05913272010512484,0.9461235216819974,0.05913272010512484,0.5913272010512484,1.2417871222076216,0.709592641261498
Bazoumana Touré,ci CIV,"MF,FW",Hoffenheim,de Bundesliga,20.0,27,26,2087,23.2,3,8,11,3,0,0,2,0,0.47,40,10,25.0,1.72,0.43,0.08,0.3,77,74.8,9,1,27.0,1.74,45,39,6,0.26,-1.02,0,40,25,8,105,6,20,0.12937230474365116,0.34499281264973647,1.7249640632486822,0.43124101581217056,0.2587446094873023,0.8624820316243411,4.528030666027791
Idrissa Touré,de GER,MF,Pisa,it Serie A,27.0,29,25,2141,23.8,1,0,1,1,0,0,4,1,0.04,27,7,25.9,1.13,0.29,0.04,0.14,74,70.0,18,4,17.0,0.59,17,41,-24,-1.01,0.26,0,22,16,5,66,23,26,0.04203643157403082,0.0,1.1349836524988322,0.29425502101821577,0.966837926202709,1.0929472209248015,2.7744044838860344
Mattéo Tramoni,fr FRA,"MF,FW",Pisa,it Serie A,26.0,27,21,1600,17.8,2,2,4,1,1,1,3,0,0.17,28,9,32.1,1.58,0.51,0.04,0.11,59,52.3,4,6,19.0,0.56,15,35,-20,-1.13,-0.08,0,16,15,2,68,15,21,0.1125,0.1125,1.5750000000000002,0.50625,0.84375,1.18125,3.825
Boubacar Traoré,ml MLI,MF,Metz,fr Ligue 1,24.0,19,16,1361,15.1,1,0,1,1,0,0,3,0,0.07,18,3,16.7,1.19,0.2,0.06,0.33,72,48.8,6,3,17.0,0.47,13,32,-19,-1.26,0.0,0,29,5,0,2,15,26,0.06612784717119764,0.0,1.1903012490815577,0.19838354151359294,0.9919177075679648,1.719324026451139,0.13225569434239529
Hamari Traoré,ml MLI,DF,Paris FC,fr Ligue 1,34.0,15,12,984,10.9,0,1,1,0,0,0,3,0,0.09,4,0,0.0,0.37,0.0,0.0,0.0,66,35.3,6,3,16.0,1.13,14,15,-1,-0.09,0.21,0,19,4,1,21,17,18,0.0,0.09146341463414635,0.3658536585365854,0.0,1.5548780487804879,1.646341463414634,1.9207317073170733
Omar Traoré,de GER,"DF,MF",Heidenheim,de Bundesliga,28.0,24,15,1381,15.3,0,2,2,0,0,0,2,0,0.13,10,2,20.0,0.65,0.13,0.0,0.0,58,49.5,8,9,24.0,0.58,18,40,-22,-1.43,-0.86,0,20,18,2,33,15,10,0.0,0.13034033309196233,0.6517016654598117,0.13034033309196233,0.9775524981897177,0.6517016654598117,2.1506154960173784
Philipp Treu,de GER,"DF,MF",Freiburg,de Bundesliga,25.0,25,21,1916,21.3,1,2,3,1,0,0,2,0,0.14,16,4,25.0,0.75,0.19,0.06,0.25,77,68.7,15,4,27.0,1.32,26,33,-7,-0.33,-0.23,0,17,30,2,27,5,23,0.04697286012526095,0.0939457202505219,0.7515657620041752,0.1878914405010438,0.2348643006263048,1.0803757828810021,1.268267223382046
Christopher Trimmel,at AUT,"MF,DF",Union Berlin,de Bundesliga,39.0,26,20,1684,18.7,0,2,2,0,0,0,7,0,0.11,4,0,0.0,0.21,0.0,0.0,0.0,65,60.4,6,6,30.0,1.12,23,29,-6,-0.32,0.82,0,26,7,0,157,8,22,0.0,0.10688836104513065,0.2137767220902613,0.0,0.4275534441805226,1.175771971496437,8.390736342042755
Kieran Trippier,eng ENG,DF,Newcastle United,eng Premier League,35.0,19,17,1501,16.7,0,1,1,0,0,0,3,0,0.06,2,0,0.0,0.12,0.0,0.0,0.0,79,49.1,11,2,35.0,0.95,19,26,-7,-0.42,-0.59,0,22,18,1,92,7,11,0.0,0.05996002664890073,0.11992005329780146,0.0,0.4197201865423051,0.659560293137908,5.516322451698867
Mariano Troilo,ar ARG,DF,Parma,it Serie A,22.0,17,14,1265,14.1,1,0,1,1,0,0,7,2,0.07,9,2,22.2,0.64,0.14,0.11,0.5,74,41.3,10,3,31.0,1.17,11,20,-9,-0.64,-0.34,1,23,19,0,1,11,15,0.07114624505928854,0.0,0.6403162055335968,0.1422924901185771,0.782608695652174,1.067193675889328,0.07114624505928854
Leandro Trossard,be BEL,"FW,MF",Arsenal,eng Premier League,31.0,28,18,1731,19.2,5,5,10,5,0,0,1,0,0.52,44,11,25.0,2.29,0.57,0.11,0.45,62,56.6,3,10,30.0,2.14,37,15,22,1.14,0.06,0,13,34,5,54,9,15,0.25996533795493937,0.25996533795493937,2.287694974003466,0.5719237435008665,0.46793760831889086,0.779896013864818,2.8076256499133447
Adrien Truffert,fr FRA,DF,Bournemouth,eng Premier League,24.0,34,34,3019,33.5,1,3,4,1,0,0,4,0,0.12,14,4,28.6,0.42,0.12,0.07,0.25,89,98.7,32,0,0.0,1.44,52,49,3,0.09,6.67,0,37,29,0,135,41,47,0.029811195760185493,0.08943358728055649,0.4173567406425969,0.11924478304074197,1.2222590261676052,1.4011262007287182,4.0245114276250415
Heorhii Tsitaishvili,ge GEO,MF,Metz,fr Ligue 1,25.0,31,26,2269,25.2,3,2,5,3,0,0,2,0,0.2,29,8,27.6,1.15,0.32,0.1,0.38,73,81.3,14,5,19.0,0.52,24,53,-29,-1.15,0.58,0,21,32,5,150,14,12,0.11899515204936095,0.07933010136624064,1.150286469810489,0.31732040546496254,0.5553107095636844,0.4759806081974438,5.949757602468048
Viktor Tsyhankov,ua UKR,MF,Girona,es La Liga,28.0,27,26,2191,24.3,6,4,10,6,0,0,2,0,0.41,37,16,43.2,1.52,0.66,0.16,0.38,81,73.8,14,1,28.0,1.19,26,34,-8,-0.33,0.36,0,16,30,3,98,16,19,0.24646280237334553,0.16430853491556366,1.5198539479689641,0.6572341396622546,0.6572341396622546,0.7804655408489274,4.025559105431309
Axel Tuanzebe,cd COD,DF,Burnley,eng Premier League,28.0,11,11,931,10.3,1,0,1,1,0,0,1,0,0.1,2,1,50.0,0.19,0.1,0.5,1.0,85,30.4,9,0,0.0,0.73,13,22,-9,-0.87,0.19,0,10,2,1,1,9,6,0.09667024704618689,0.0,0.19334049409237378,0.09667024704618689,0.8700322234156821,0.5800214822771214,0.09667024704618689
Kareem Tunde,es ESP,MF,Levante,es La Liga,20.0,16,14,975,10.8,0,1,1,0,0,0,3,0,0.09,15,2,13.3,1.38,0.18,0.0,0.0,61,32.8,2,2,10.0,1.25,10,14,-4,-0.37,0.04,0,16,19,1,8,12,11,0.0,0.09230769230769231,1.3846153846153846,0.18461538461538463,1.1076923076923078,1.0153846153846156,0.7384615384615385
Beñat Turrientes,es ESP,MF,Real Sociedad,es La Liga,24.0,23,13,1096,12.2,0,3,3,0,0,0,5,0,0.25,19,6,31.6,1.56,0.49,0.0,0.0,48,36.9,2,10,22.0,1.48,20,15,5,0.41,0.65,0,23,18,0,8,7,23,0.0,0.24635036496350365,1.5602189781021898,0.4927007299270073,0.5748175182481752,1.8886861313868613,0.656934306569343
Destiny Udogie,it ITA,"DF,MF",Tottenham Hotspur,eng Premier League,23.0,16,10,1008,11.2,0,1,1,0,0,0,3,0,0.09,3,1,33.3,0.27,0.09,0.0,0.0,63,32.9,6,6,29.0,0.81,14,21,-7,-0.62,-0.49,0,14,18,3,22,4,14,0.0,0.08928571428571427,0.26785714285714285,0.08928571428571427,0.3571428571428571,1.25,1.9642857142857142
Matthieu Udol,fr FRA,"MF,DF",Lens,fr Ligue 1,30.0,30,30,2687,29.9,1,7,8,1,0,0,2,0,0.27,42,15,35.7,1.41,0.5,0.02,0.07,90,99.5,27,0,0.0,2.1,59,32,27,0.9,-6.02,0,28,25,2,106,47,16,0.033494603647190174,0.23446222553033122,1.4067733531819875,0.5024190547078526,1.5742463714179382,0.5359136583550428,3.5504279866021586
Lesley Ugochukwu,fr FRA,MF,Burnley,eng Premier League,22.0,32,24,2114,23.5,3,1,4,3,0,0,3,1,0.17,21,7,33.3,0.89,0.3,0.14,0.43,66,69.1,5,8,29.0,0.59,25,46,-21,-0.89,0.34,1,26,26,1,6,15,25,0.12771996215704826,0.04257332071901608,0.8940397350993378,0.2980132450331126,0.6385998107852413,1.064333017975402,0.2554399243140965
Filip Ugrinic,ch SUI,MF,Valencia,es La Liga,27.0,22,14,1233,13.7,0,3,3,0,0,0,3,0,0.22,17,2,11.8,1.24,0.15,0.0,0.0,56,41.5,2,8,24.0,1.14,12,20,-8,-0.58,-0.43,0,16,13,5,49,8,14,0.0,0.21897810218978103,1.2408759124087592,0.14598540145985403,0.5839416058394161,1.021897810218978,3.5766423357664237
Lukas Ullrich,de GER,"DF,MF",Gladbach,de Bundesliga,22.0,21,13,1170,13.0,0,0,0,0,0,0,2,0,0.0,10,2,20.0,0.77,0.15,0.0,0.0,56,41.9,4,8,20.0,0.71,14,28,-14,-1.08,-1.08,0,16,10,1,35,20,14,0.0,0.0,0.7692307692307693,0.15384615384615385,1.5384615384615385,1.076923076923077,2.6923076923076925
Deniz Undav,de GER,"FW,MF",Stuttgart,de Bundesliga,29.0,26,22,1994,22.2,18,6,24,18,0,1,5,0,1.08,114,43,37.7,5.15,1.94,0.16,0.42,77,71.5,11,4,36.0,1.85,47,30,17,0.77,0.43,0,29,19,23,16,4,12,0.8124373119358075,0.27081243731193577,5.14543630892678,1.9408224674022065,0.18054162487462388,0.5416248746238715,0.7221664994984955
Dayot Upamecano,fr FRA,DF,Bayern Munich,de Bundesliga,27.0,22,20,1659,18.4,1,1,2,1,0,0,4,0,0.11,8,2,25.0,0.43,0.11,0.13,0.5,75,59.5,12,2,23.0,2.73,71,18,53,2.88,0.65,0,15,5,0,6,20,24,0.054249547920433995,0.054249547920433995,0.43399638336347196,0.10849909584086799,1.0849909584086799,1.301989150090416,0.325497287522604
Can Uzun,tr TUR,MF,Eintracht Frankfurt,de Bundesliga,20.0,18,12,931,10.3,6,4,10,5,1,1,2,0,0.87,33,12,36.4,3.19,1.16,0.15,0.42,52,33.4,1,6,23.0,1.33,26,20,6,0.58,0.97,0,13,20,0,17,2,8,0.5800214822771214,0.38668098818474755,3.1901181525241675,1.1600429645542427,0.19334049409237378,0.7733619763694951,1.6433941997851773
Josha Vagnoman,de GER,"DF,MF",Stuttgart,de Bundesliga,25.0,24,17,1511,16.8,1,3,4,1,0,0,3,0,0.24,19,11,57.9,1.13,0.66,0.05,0.09,63,54.2,11,7,8.0,1.79,31,25,6,0.36,-0.63,0,17,15,0,33,3,19,0.05956320317670417,0.1786896095301125,1.1317008603573793,0.6551952349437459,0.1786896095301125,1.1317008603573793,1.9655857048312377
Lautaro Valenti,ar ARG,DF,Parma,it Serie A,27.0,24,22,2012,22.4,0,0,0,0,0,0,6,0,0.0,16,4,25.0,0.72,0.18,0.0,0.0,84,65.8,21,2,39.0,1.17,17,27,-10,-0.45,-0.02,0,21,16,0,19,25,26,0.0,0.0,0.7157057654075546,0.17892644135188865,1.1182902584493042,1.1630218687872764,0.8499005964214711
Óscar Valentín,es ESP,MF,Rayo Vallecano,es La Liga,31.0,28,22,1808,20.1,1,0,1,1,0,0,3,1,0.05,13,4,30.8,0.65,0.2,0.08,0.25,65,60.9,9,6,23.0,1.25,15,16,-1,-0.05,0.49,0,26,18,0,2,24,34,0.049778761061946904,0.0,0.6471238938053098,0.19911504424778761,1.1946902654867257,1.692477876106195,0.09955752212389381
Nicolás Valentini,ar ARG,DF,Hellas Verona,it Serie A,25.0,18,12,1180,13.1,0,0,0,0,0,0,5,0,0.0,11,5,45.5,0.84,0.38,0.0,0.0,66,38.6,11,6,21.0,0.78,9,20,-11,-0.84,0.21,0,20,7,0,11,12,16,0.0,0.0,0.8389830508474577,0.3813559322033898,0.9152542372881355,1.2203389830508473,0.8389830508474577
Germán Valera,es ESP,"MF,DF",Elche,es La Liga,24.0,32,29,2500,27.8,4,4,8,4,0,0,3,1,0.29,25,8,32.0,0.9,0.29,0.16,0.5,78,84.2,15,3,20.0,1.16,37,44,-7,-0.25,-0.44,0,34,62,4,89,18,34,0.14400000000000002,0.14400000000000002,0.9,0.28800000000000003,0.648,1.224,3.204
Emanuele Valeri,it ITA,"MF,DF",Parma,it Serie A,27.0,30,26,2391,26.6,0,2,2,0,0,0,2,0,0.08,21,5,23.8,0.79,0.19,0.0,0.0,80,78.1,23,4,32.0,1.33,20,29,-9,-0.34,0.47,0,22,23,1,214,18,30,0.0,0.07528230865746549,0.7904642409033876,0.18820577164366376,0.6775407779171895,1.1292346298619824,8.055207026348807
Martin Valjent,sk SVK,DF,Mallorca,es La Liga,30.0,32,32,2880,32.0,0,0,0,0,0,0,6,0,0.0,14,7,50.0,0.44,0.22,0.0,0.0,90,97.0,32,0,0.0,1.0,38,51,-13,-0.41,-3.41,0,29,10,0,2,20,27,0.0,0.0,0.4375,0.21875,0.625,0.84375,0.0625
Álex Valle,es ESP,DF,Como,it Serie A,22.0,26,21,1912,21.2,1,4,5,1,0,0,3,0,0.24,11,2,18.2,0.52,0.09,0.09,0.5,74,62.5,18,5,17.0,1.81,34,17,17,0.8,-0.3,0,34,19,1,41,24,30,0.04707112970711297,0.18828451882845187,0.5177824267782427,0.09414225941422594,1.1297071129707112,1.4121338912133892,1.9299163179916319
Federico Valverde,uy URU,"MF,DF",Real Madrid,es La Liga,27.0,31,29,2560,28.4,5,8,13,5,0,0,3,1,0.46,48,20,41.7,1.69,0.7,0.1,0.25,83,86.2,21,2,40.0,2.29,60,26,34,1.2,0.54,0,17,13,1,29,23,25,0.17578125,0.28125,1.6875,0.703125,0.8085937499999999,0.87890625,1.01953125
Virgil van Dijk,nl NED,DF,Liverpool,eng Premier League,34.0,34,34,3060,34.0,4,0,4,4,0,0,4,0,0.12,24,11,45.8,0.71,0.32,0.17,0.36,90,100.0,34,0,0.0,1.71,57,44,13,0.38,0.0,0,16,15,1,1,20,15,0.11764705882352941,0.0,0.7058823529411764,0.32352941176470584,0.5882352941176471,0.4411764705882353,0.029411764705882353
Vladyslav Vanat,ua UKR,FW,Girona,es La Liga,24.0,27,27,1942,21.6,9,1,10,6,3,3,4,0,0.32,27,18,66.7,1.25,0.83,0.22,0.33,72,65.4,7,0,0.0,1.37,21,26,-5,-0.23,0.56,0,28,17,20,5,3,3,0.41709577754891863,0.04634397528321318,1.251287332646756,0.8341915550978373,0.13903192584963955,0.13903192584963955,0.23171987641606592
Jari Vandeputte,be BEL,MF,Cremonese,it Serie A,30.0,29,22,1789,19.9,1,4,5,1,0,0,2,0,0.25,19,7,36.8,0.96,0.35,0.05,0.14,62,58.5,6,7,30.0,0.93,15,24,-9,-0.45,0.68,0,31,25,1,147,18,21,0.05030743432084964,0.20122973728339855,0.955841252096143,0.35215204024594743,0.9055338177752935,1.0564561207378422,7.395192845164897
Charles Vanhoutte,be BEL,MF,Nice,fr Ligue 1,27.0,24,20,1726,19.2,0,2,2,0,0,0,7,0,0.1,4,1,25.0,0.21,0.05,0.0,0.0,72,61.9,10,4,19.0,1.04,23,33,-10,-0.52,0.49,0,34,8,0,13,21,26,0.0,0.10428736964078794,0.20857473928157588,0.05214368482039397,1.0950173812282735,1.3557358053302433,0.6778679026651216
Jamie Vardy,eng ENG,FW,Cremonese,it Serie A,39.0,25,21,1827,20.3,5,2,7,5,0,0,4,0,0.34,26,12,46.2,1.28,0.59,0.19,0.42,73,59.7,14,4,29.0,0.76,15,27,-12,-0.59,0.36,0,17,18,15,13,3,9,0.24630541871921183,0.09852216748768473,1.2807881773399015,0.5911330049261083,0.14778325123152708,0.4433497536945813,0.6403940886699507
Ruben Vargas,ch SUI,"MF,FW",Sevilla,es La Liga,27.0,19,16,1300,14.4,3,5,8,2,1,1,1,0,0.48,30,6,20.0,2.08,0.42,0.07,0.33,68,43.8,2,3,28.0,1.0,15,23,-8,-0.55,-0.18,0,11,12,6,70,7,12,0.2076923076923077,0.34615384615384615,2.076923076923077,0.4153846153846154,0.4846153846153846,0.8307692307692308,4.846153846153847
Johan Vásquez,mx MEX,DF,Genoa,it Serie A,27.0,34,34,3035,33.7,0,0,0,0,0,0,2,0,0.0,23,5,21.7,0.68,0.15,0.0,0.0,89,99.2,32,0,0.0,1.15,38,47,-9,-0.27,-3.87,0,22,41,1,22,44,35,0.0,0.0,0.6820428336079077,0.14827018121911037,1.3047775947281715,1.0378912685337727,0.6523887973640857
Denis Vavro,sk SVK,DF,Wolfsburg,de Bundesliga,30.0,14,10,906,10.1,1,0,1,1,0,0,2,0,0.1,10,4,40.0,0.99,0.4,0.1,0.25,65,32.5,8,4,5.0,0.86,12,24,-12,-1.19,-0.57,0,8,5,0,4,11,5,0.09933774834437085,0.0,0.9933774834437087,0.3973509933774834,1.0927152317880795,0.49668874172185434,0.3973509933774834
José Luis García Vayá,es ESP,MF,Valencia,es La Liga,27.0,26,22,1899,21.1,2,0,2,1,1,3,3,0,0.05,23,3,13.0,1.09,0.14,0.04,0.33,73,63.9,10,4,21.0,1.15,18,30,-12,-0.57,-0.65,0,29,13,1,44,16,29,0.0947867298578199,0.0,1.0900473933649288,0.14218009478672985,0.7582938388625592,1.3744075829383886,2.085308056872038
Luis Vázquez,ar ARG,FW,Getafe,es La Liga,25.0,13,12,961,10.7,3,0,3,3,0,0,1,0,0.28,14,7,50.0,1.31,0.66,0.21,0.43,74,32.4,1,1,45.0,1.77,11,5,6,0.56,1.1,0,20,23,16,2,4,3,0.2809573361082206,0.0,1.3111342351716961,0.6555671175858481,0.3746097814776275,0.2809573361082206,0.18730489073881376
Danilo Veiga,pt POR,DF,Lecce,it Serie A,23.0,32,29,2687,29.9,0,1,1,0,0,0,8,0,0.03,6,2,33.3,0.2,0.07,0.0,0.0,84,87.8,27,3,41.0,0.91,20,38,-18,-0.6,0.84,0,42,42,1,81,27,48,0.0,0.033494603647190174,0.20096762188314105,0.06698920729438035,0.9043542984741347,1.6077409750651284,2.713062895422404
Renato Veiga,pt POR,DF,Villarreal,es La Liga,22.0,29,24,2211,24.6,0,0,0,0,0,0,3,1,0.0,8,3,37.5,0.33,0.12,0.0,0.0,76,74.4,23,5,21.0,1.9,42,32,10,0.41,-0.9,0,19,4,3,2,25,7,0.0,0.0,0.3256445047489824,0.12211668928086837,1.01763907734057,0.28493894165535955,0.0814111261872456
Micky van de Ven,nl NED,DF,Tottenham Hotspur,eng Premier League,25.0,31,31,2681,29.8,4,1,5,4,0,0,8,1,0.17,15,6,40.0,0.5,0.2,0.27,0.67,86,87.6,28,0,0.0,1.0,38,43,-5,-0.17,1.02,0,23,18,1,3,20,19,0.13427825438269303,0.03356956359567326,0.5035434539350989,0.20141738157403952,0.6713912719134651,0.6378217083177918,0.10070869078701976
Carlos Vicente,es ESP,MF,Alavés,es La Liga,27.0,21,11,1258,14.0,5,0,5,2,3,3,1,0,0.14,12,6,50.0,0.86,0.43,0.17,0.33,60,42.4,6,10,39.0,1.05,12,19,-7,-0.5,-0.29,0,12,42,10,128,7,18,0.35771065182829886,0.0,0.8585055643879173,0.4292527821939586,0.5007949125596184,1.287758346581876,9.157392686804451
Nacho Vidal,es ESP,DF,Oviedo,es La Liga,31.0,24,23,1939,21.5,0,0,0,0,0,0,4,0,0.0,12,3,25.0,0.56,0.14,0.0,0.0,81,65.3,16,1,25.0,0.92,18,27,-9,-0.42,0.98,0,24,25,1,37,25,29,0.0,0.0,0.556988138215575,0.13924703455389376,1.1603919546157813,1.3460546673543063,1.7173800928313565
Fabio Vieira,pt POR,"MF,FW",Hamburger SV,de Bundesliga,25.0,26,22,1951,21.7,5,5,10,4,1,1,4,2,0.42,48,16,33.3,2.21,0.74,0.08,0.25,75,69.9,9,4,24.0,1.0,23,33,-10,-0.46,0.18,1,15,36,1,51,14,7,0.23065094823167603,0.23065094823167603,2.2142491030240903,0.7380830343413634,0.645822655048693,0.3229113275243465,2.3526396719630958
Federico Viñas,uy URU,"FW,MF",Oviedo,es La Liga,27.0,29,24,2108,23.4,9,1,10,7,2,2,5,3,0.34,51,21,41.2,2.18,0.9,0.14,0.33,73,71.0,11,5,26.0,0.93,20,32,-12,-0.51,0.84,1,41,64,9,3,11,30,0.38425047438330173,0.04269449715370019,2.1774193548387095,0.896584440227704,0.4696394686907021,1.2808349146110056,0.12808349146110057
Jan Virgili,es ESP,"MF,FW",Mallorca,es La Liga,19.0,26,18,1620,18.0,2,4,6,2,0,0,0,1,0.33,31,15,48.4,1.72,0.83,0.06,0.13,62,54.5,5,8,23.0,1.08,25,27,-2,-0.11,0.42,0,17,22,2,33,6,10,0.1111111111111111,0.2222222222222222,1.7222222222222223,0.8333333333333333,0.33333333333333337,0.5555555555555556,1.8333333333333335
Martin Vitík,cz CZE,DF,Bologna,it Serie A,23.0,19,14,1325,14.7,0,0,0,0,0,0,3,0,0.0,8,2,25.0,0.54,0.14,0.0,0.0,70,43.3,11,5,37.0,1.58,17,18,-1,-0.07,-0.17,0,23,4,0,2,8,22,0.0,0.0,0.5433962264150943,0.13584905660377358,0.5433962264150943,1.4943396226415095,0.13584905660377358
Vitinha,pt POR,"FW,MF",Genoa,it Serie A,26.0,32,25,1961,21.8,5,1,6,5,0,0,4,0,0.28,59,17,28.8,2.71,0.78,0.08,0.29,61,64.1,3,7,17.0,1.09,25,32,-7,-0.32,-0.24,0,29,64,13,60,11,28,0.22947475777664458,0.04589495155532892,2.707802141764406,0.7802141764405917,0.504844467108618,1.2850586435492095,2.753697093319735
Vitinha,pt POR,MF,Paris Saint-Germain,fr Ligue 1,26.0,27,23,2007,22.3,1,7,8,1,0,0,2,0,0.36,32,10,31.3,1.43,0.45,0.03,0.1,74,74.3,18,4,32.0,2.3,48,19,29,1.3,-0.52,0,13,19,0,21,24,19,0.04484304932735426,0.31390134529147984,1.4349775784753362,0.4484304932735426,1.0762331838565022,0.852017937219731,0.9417040358744395
Daniel Vivian,es ESP,DF,Athletic Club,es La Liga,26.0,28,26,2384,26.5,1,0,1,1,0,0,8,1,0.04,16,5,31.3,0.6,0.19,0.06,0.2,85,80.3,25,2,37.0,1.18,26,39,-13,-0.49,-0.64,0,37,16,1,10,33,36,0.037751677852348994,0.0,0.6040268456375839,0.18875838926174496,1.2458053691275168,1.3590604026845639,0.3775167785234899
Nikola Vlašić,hr CRO,"MF,FW",Torino,it Serie A,28.0,33,32,2683,29.8,8,3,11,3,5,5,7,0,0.2,44,17,38.6,1.48,0.57,0.07,0.18,81,87.7,19,1,33.0,1.21,32,50,-18,-0.6,-0.84,0,39,41,4,45,20,36,0.26835631755497574,0.10063361908311591,1.4759597465523668,0.5702571748043236,0.6708907938874394,1.207603428997391,1.509504286246739
Mërgim Vojvoda,xk KVX,"MF,DF",Como,it Serie A,31.0,27,18,1533,17.0,2,2,4,2,0,0,2,0,0.23,18,7,38.9,1.06,0.41,0.11,0.29,57,50.1,4,9,30.0,1.85,33,14,19,1.12,0.41,0,15,12,5,65,14,4,0.11741682974559686,0.11741682974559686,1.0567514677103718,0.410958904109589,0.821917808219178,0.23483365949119372,3.816046966731898
Cristian Volpato,it ITA,"FW,MF",Sassuolo,it Serie A,22.0,20,10,943,10.5,2,4,6,2,0,0,3,0,0.57,18,7,38.9,1.72,0.67,0.11,0.29,47,30.8,0,10,24.0,1.45,17,13,4,0.38,0.68,0,15,8,0,43,4,10,0.19088016967126195,0.3817603393425239,1.7179215270413575,0.6680805938494168,0.3817603393425239,0.9544008483563097,4.103923647932131
Alexis Vossah,fr FRA,MF,Toulouse,fr Ligue 1,18.0,21,10,951,10.6,1,1,2,1,0,0,3,1,0.19,9,2,22.2,0.85,0.19,0.11,0.5,45,34.1,2,11,20.0,1.24,20,14,6,0.57,0.91,0,14,9,0,5,5,7,0.0946372239747634,0.0946372239747634,0.8517350157728707,0.1892744479495268,0.47318611987381703,0.6624605678233438,0.47318611987381703
Luka Vušković,hr CRO,DF,Hamburger SV,de Bundesliga,19.0,25,25,2250,25.0,5,0,5,4,1,1,5,0,0.16,29,8,27.6,1.16,0.32,0.14,0.5,90,80.6,25,0,0.0,1.16,31,38,-7,-0.28,1.22,0,25,30,1,2,31,16,0.2,0.0,1.16,0.32,1.24,0.64,0.08
Hauke Wahl,de GER,DF,St Pauli,de Bundesliga,32.0,27,27,2385,26.5,2,1,3,2,0,0,1,0,0.11,9,4,44.4,0.34,0.15,0.22,0.5,88,85.5,26,0,0.0,0.85,22,42,-20,-0.75,0.8,0,9,12,4,12,27,31,0.07547169811320754,0.03773584905660377,0.33962264150943394,0.1509433962264151,1.0188679245283019,1.169811320754717,0.45283018867924524
Kyle Walker,eng ENG,"DF,MF",Burnley,eng Premier League,35.0,32,31,2736,30.4,0,2,2,0,0,0,9,0,0.07,3,0,0.0,0.1,0.0,0.0,0.0,86,89.4,28,1,9.0,0.63,27,59,-32,-1.05,-0.5,0,29,21,1,34,37,27,0.0,0.06578947368421052,0.09868421052631579,0.0,1.2171052631578947,0.888157894736842,1.118421052631579
Kyle Walker-Peters,eng ENG,DF,West Ham United,eng Premier League,29.0,21,13,1229,13.7,1,0,1,1,0,0,2,0,0.07,5,3,60.0,0.37,0.22,0.2,0.33,59,40.2,11,8,14.0,1.1,17,23,-6,-0.44,0.05,0,10,23,1,16,9,28,0.07323026851098453,0.0,0.3661513425549227,0.21969080553295361,0.6590724165988608,2.050447518307567,1.1716842961757525
Sebastian Walukiewicz,pl POL,DF,Sassuolo,it Serie A,26.0,32,31,2672,29.7,0,1,1,0,0,0,7,0,0.03,7,0,0.0,0.24,0.0,0.0,0.0,84,87.3,25,1,22.0,1.34,34,38,-4,-0.13,-0.37,0,33,12,1,45,22,34,0.0,0.033682634730538924,0.23577844311377244,0.0,0.7410179640718564,1.1452095808383234,1.5157185628742516
Aaron Wan-Bissaka,cd COD,"DF,MF",West Ham United,eng Premier League,28.0,22,21,1903,21.1,0,2,2,0,0,0,4,0,0.09,0,0,0.0,0.0,0.0,0.0,0.0,87,62.2,18,1,45.0,1.09,27,39,-12,-0.57,-0.26,0,21,12,1,40,39,21,0.0,0.09458749343142406,0.0,0.0,1.8444561219127695,0.9931686810299528,1.8917498686284813
Ollie Watkins,eng ENG,FW,Aston Villa,eng Premier League,30.0,33,30,2538,28.2,11,2,13,11,0,0,3,0,0.46,70,30,42.9,2.48,1.06,0.16,0.37,77,82.9,10,3,33.0,1.76,39,33,6,0.21,0.39,0,32,30,19,6,5,13,0.3900709219858156,0.07092198581560284,2.4822695035460995,1.0638297872340425,0.17730496453900707,0.4609929078014184,0.2127659574468085
Timothy Weah,us USA,"MF,DF",Marseille,fr Ligue 1,26.0,28,25,2166,24.1,2,2,4,2,0,0,5,0,0.17,27,10,37.0,1.12,0.42,0.07,0.2,77,77.6,15,3,37.0,1.64,44,33,11,0.46,-0.55,0,32,18,1,60,14,34,0.08310249307479224,0.08310249307479224,1.1218836565096955,0.41551246537396125,0.5817174515235457,1.412742382271468,2.493074792243767
Danny Welbeck,eng ENG,FW,Brighton,eng Premier League,35.0,33,22,1982,22.0,13,0,13,12,1,3,5,0,0.54,50,25,50.0,2.27,1.14,0.24,0.48,60,64.8,7,11,18.0,1.48,30,23,7,0.32,0.15,0,23,8,4,3,8,11,0.5903128153380424,0.0,2.2704339051463167,1.1352169525731584,0.3632694248234107,0.49949545913218973,0.136226034308779
Wesley,br BRA,MF,Roma,it Serie A,22.0,27,25,2199,24.4,4,0,4,4,0,0,7,1,0.16,22,10,45.5,0.9,0.41,0.18,0.4,81,71.9,15,2,37.0,1.89,38,15,23,0.94,1.36,1,32,52,1,85,20,40,0.1637107776261937,0.0,0.9004092769440655,0.4092769440654843,0.8185538881309686,1.6371077762619373,3.478854024556617
Adam Wharton,eng ENG,MF,Crystal Palace,eng Premier League,22.0,29,27,2280,25.3,0,5,5,0,0,0,6,1,0.2,26,4,15.4,1.03,0.16,0.0,0.0,79,76.8,13,2,29.0,1.28,29,36,-7,-0.28,-0.8,1,30,27,0,76,24,33,0.0,0.19736842105263158,1.0263157894736843,0.15789473684210525,0.9473684210526315,1.3026315789473684,3.0
Silvan Widmer,ch SUI,MF,Mainz 05,de Bundesliga,33.0,25,20,1667,18.5,2,0,2,2,0,0,5,0,0.11,20,4,20.0,1.08,0.22,0.1,0.5,67,59.7,6,5,19.0,1.24,25,26,-1,-0.05,0.67,0,15,11,3,33,16,26,0.10797840431913616,0.0,1.079784043191362,0.21595680863827232,0.8638272345530893,1.4037192561487701,1.7816436712657469
Mats Wieffer,nl NED,DF,Brighton,eng Premier League,26.0,24,21,1796,20.0,2,3,5,2,0,0,8,0,0.25,18,6,33.3,0.9,0.3,0.11,0.33,75,58.7,13,3,29.0,1.67,31,22,9,0.45,0.45,0,29,22,2,15,24,41,0.10022271714922049,0.15033407572383073,0.9020044543429845,0.30066815144766146,1.2026726057906458,2.05456570155902,0.7516703786191538
Iñaki Williams,gh GHA,"MF,FW",Athletic Club,es La Liga,31.0,25,21,1820,20.2,2,4,6,1,1,1,2,0,0.25,47,15,31.9,2.32,0.74,0.02,0.07,73,61.3,9,4,35.0,1.28,21,27,-6,-0.3,0.17,0,22,21,7,56,5,8,0.0989010989010989,0.1978021978021978,2.324175824175824,0.7417582417582418,0.24725274725274726,0.3956043956043956,2.769230769230769
Neco Williams,wls WAL,DF,Nottingham Forest,eng Premier League,25.0,33,33,2888,32.1,2,3,5,2,0,0,6,1,0.16,42,18,42.9,1.31,0.56,0.05,0.11,88,94.4,30,0,0.0,1.18,40,41,-1,-0.03,1.54,0,26,49,4,124,40,54,0.062326869806094184,0.09349030470914128,1.3088642659279779,0.5609418282548477,1.2465373961218835,1.6828254847645427,3.864265927977839
Nico Williams,es ESP,MF,Athletic Club,es La Liga,23.0,23,18,1551,17.2,4,2,6,3,1,2,1,0,0.29,41,14,34.1,2.38,0.81,0.07,0.21,67,52.2,2,5,40.0,1.3,20,25,-5,-0.29,0.15,0,20,27,6,66,7,9,0.23210831721470018,0.11605415860735009,2.379110251450677,0.8123791102514506,0.4061895551257253,0.5222437137330754,3.829787234042553
Callum Wilson,eng ENG,"FW,MF",West Ham United,eng Premier League,34.0,28,10,1084,12.0,6,1,7,6,0,0,1,0,0.58,33,13,39.4,2.74,1.08,0.18,0.46,39,35.4,1,18,23.0,1.21,19,20,-1,-0.08,0.6,0,10,12,9,4,3,1,0.49815498154981547,0.08302583025830258,2.7398523985239853,1.0793357933579337,0.24907749077490773,0.08302583025830258,0.33210332103321033
Harry Wilson,wls WAL,MF,Fulham,eng Premier League,29.0,32,30,2518,28.0,10,6,16,10,0,0,7,0,0.57,73,24,32.9,2.61,0.86,0.14,0.42,79,82.3,8,2,30.0,1.5,39,34,5,0.18,1.34,0,13,34,12,109,16,17,0.35742652899126287,0.21445591739475775,2.609213661636219,0.857823669579031,0.5718824463860206,0.607625099285147,3.895949166004766
Patrick Wimmer,at AUT,MF,Wolfsburg,de Bundesliga,24.0,23,19,1484,16.5,4,3,7,4,0,0,4,0,0.42,21,8,38.1,1.27,0.49,0.19,0.5,65,53.2,3,4,24.0,1.04,26,31,-5,-0.3,1.08,0,26,31,1,24,20,15,0.24258760107816713,0.18194070080862534,1.2735849056603774,0.48517520215633425,1.2129380053908356,0.9097035040431266,1.4555256064690028
Florian Wirtz,de GER,MF,Liverpool,eng Premier League,22.0,30,26,2245,24.9,5,3,8,5,0,0,1,0,0.32,46,17,37.0,1.84,0.68,0.11,0.29,75,73.4,8,4,30.0,1.73,35,27,8,0.32,-0.23,0,20,18,2,30,11,24,0.20044543429844097,0.12026726057906459,1.844097995545657,0.6815144766146993,0.44097995545657015,0.9621380846325167,1.2026726057906458
Axel Witsel,be BEL,MF,Girona,es La Liga,37.0,27,25,2178,24.2,1,2,3,1,0,0,2,1,0.12,19,5,26.3,0.79,0.21,0.05,0.2,81,73.3,19,2,28.0,1.11,29,36,-7,-0.29,0.51,1,31,30,1,1,26,21,0.04132231404958678,0.08264462809917356,0.7851239669421488,0.2066115702479339,1.0743801652892562,0.8677685950413223,0.04132231404958678
Nick Woltemade,de GER,"FW,MF",Newcastle United,eng Premier League,24.0,30,21,1692,18.8,7,3,10,6,1,1,0,0,0.48,31,12,38.7,1.65,0.64,0.19,0.5,56,55.3,3,9,16.0,1.23,28,27,1,0.05,0.38,0,20,19,8,3,4,12,0.3723404255319149,0.1595744680851064,1.6489361702127658,0.6382978723404256,0.2127659574468085,0.6382978723404256,0.1595744680851064
Jeong Woo-yeong,kr KOR,"MF,FW",Union Berlin,de Bundesliga,26.0,26,13,1139,12.7,3,1,4,3,0,0,0,0,0.32,21,7,33.3,1.66,0.55,0.14,0.43,44,40.8,2,13,19.0,1.08,13,22,-9,-0.71,-0.11,0,12,20,4,31,8,7,0.23705004389815626,0.07901668129938542,1.6593503072870939,0.553116769095698,0.6321334503950834,0.553116769095698,2.449517120280948
Granit Xhaka,ch SUI,MF,Sunderland,eng Premier League,33.0,30,28,2544,28.3,1,5,6,1,0,0,6,0,0.21,19,5,26.3,0.67,0.18,0.05,0.2,85,83.1,26,2,29.0,1.43,32,36,-4,-0.14,0.73,0,20,35,0,84,26,29,0.03537735849056604,0.17688679245283018,0.6721698113207547,0.17688679245283018,0.9198113207547169,1.025943396226415,2.9716981132075473
Lamine Yamal,es ESP,"MF,FW",Barcelona,es La Liga,18.0,28,26,2262,25.1,16,11,27,13,3,4,1,0,0.95,117,37,31.6,4.66,1.47,0.11,0.35,81,76.2,16,2,29.0,2.61,62,23,39,1.55,-0.74,0,28,52,14,77,8,20,0.636604774535809,0.43766578249336874,4.655172413793103,1.4721485411140585,0.3183023872679045,0.7957559681697614,3.0636604774535807
Yehor Yarmoliuk,ua UKR,MF,Brentford,eng Premier League,22.0,34,27,2403,26.7,1,2,3,1,0,0,7,0,0.11,15,4,26.7,0.56,0.15,0.07,0.25,71,78.5,14,7,26.0,1.41,37,38,-1,-0.04,-0.59,0,35,10,1,28,27,40,0.03745318352059925,0.0749063670411985,0.5617977528089887,0.149812734082397,1.0112359550561798,1.4981273408239701,1.048689138576779
Terry Yegbe,gh GHA,DF,Metz,fr Ligue 1,25.0,21,19,1693,18.8,0,1,1,0,0,0,3,0,0.05,4,1,25.0,0.21,0.05,0.0,0.0,81,60.7,15,2,30.0,0.62,23,45,-22,-1.17,0.23,0,17,7,0,5,20,7,0.0,0.05316007088009451,0.21264028352037803,0.05316007088009451,1.06320141760189,0.37212049616066156,0.2658003544004725
Kenan Yıldız,tr TUR,"MF,FW",Juventus,it Serie A,20.0,33,30,2564,28.5,10,6,16,9,1,2,2,0,0.53,89,38,42.7,3.12,1.33,0.1,0.24,78,83.8,11,3,25.0,1.85,47,23,24,0.84,0.12,0,20,52,6,108,7,7,0.3510140405616225,0.2106084243369735,3.12402496099844,1.3338533541341655,0.24570982839313574,0.24570982839313574,3.790951638065523
Darlin Yongwa,cm CMR,"DF,MF",Lorient,fr Ligue 1,25.0,22,14,1301,14.5,0,1,1,0,0,0,3,1,0.07,10,2,20.0,0.69,0.14,0.0,0.0,59,46.6,12,8,16.0,1.05,18,20,-2,-0.14,0.04,0,14,22,1,37,11,24,0.0,0.06917755572636433,0.6917755572636433,0.13835511145272866,0.7609531129900077,1.660261337432744,2.5595695618754806
Leny Yoro,fr FRA,DF,Manchester Utd,eng Premier League,20.0,30,18,1723,19.1,0,0,0,0,0,0,1,0,0.0,9,3,33.3,0.47,0.16,0.0,0.0,57,56.3,9,12,21.0,1.63,28,33,-5,-0.26,-1.54,0,16,5,2,3,30,19,0.0,0.0,0.4701102727800348,0.1567034242600116,1.567034242600116,0.9924550203134068,0.1567034242600116
Ali Yousuf,ly LBY,DF,Nantes,fr Ligue 1,24.0,11,10,932,10.4,0,0,0,0,0,0,3,0,0.0,6,1,16.7,0.58,0.1,0.0,0.0,85,33.4,9,1,45.0,0.55,6,14,-8,-0.77,0.05,0,10,11,0,1,18,7,0.0,0.0,0.5793991416309013,0.09656652360515021,1.7381974248927041,0.6759656652360515,0.09656652360515021
Illia Zabarnyi,ua UKR,DF,Paris Saint-Germain,fr Ligue 1,23.0,25,23,2117,23.5,1,0,1,1,0,0,5,0,0.04,4,3,75.0,0.17,0.13,0.25,0.33,85,78.4,22,2,34.0,2.28,53,23,30,1.28,-0.73,0,17,4,0,0,16,17,0.042512990080302314,0.0,0.17005196032120926,0.12753897024090696,0.680207841284837,0.7227208313651393,0.0
Mattia Zaccagni,it ITA,FW,Lazio,it Serie A,30.0,25,25,2045,22.7,3,0,3,3,0,1,6,1,0.13,34,14,41.2,1.5,0.62,0.09,0.21,82,66.8,15,0,0.0,1.36,19,20,-1,-0.04,-0.49,0,28,81,5,47,20,21,0.13202933985330073,0.0,1.4963325183374083,0.6161369193154034,0.8801955990220048,0.9242053789731052,2.0684596577017116
Warren Zaïre-Emery,fr FRA,"DF,MF",Paris Saint-Germain,fr Ligue 1,20.0,30,26,2360,26.2,2,4,6,2,0,0,3,0,0.23,18,6,33.3,0.69,0.23,0.11,0.33,79,87.4,18,4,42.0,2.3,58,22,36,1.37,-0.48,0,35,17,0,14,11,29,0.07627118644067796,0.15254237288135591,0.6864406779661018,0.22881355932203387,0.41949152542372886,1.1059322033898304,0.5338983050847458
Denis Zakaria,ch SUI,"MF,DF",Monaco,fr Ligue 1,29.0,21,20,1761,19.6,2,1,3,2,0,0,4,1,0.15,15,3,20.0,0.77,0.15,0.13,0.67,84,63.1,16,1,12.0,1.76,34,25,9,0.46,0.63,0,20,6,0,8,36,19,0.10221465076660988,0.05110732538330494,0.766609880749574,0.15332197614991483,1.8398637137989777,0.9710391822827938,0.4088586030664395
Nicola Zalewski,pl POL,MF,Atalanta,it Serie A,24.0,30,21,1655,18.4,2,4,6,2,0,0,3,0,0.33,34,6,17.6,1.85,0.33,0.06,0.33,55,54.1,3,9,28.0,1.67,26,11,15,0.82,0.82,0,18,50,3,111,11,16,0.10876132930513595,0.2175226586102719,1.8489425981873113,0.32628398791540786,0.5981873111782477,0.8700906344410876,6.036253776435045
Andre-Frank Zambo Anguissa,cm CMR,MF,Napoli,it Serie A,30.0,17,14,1227,13.6,4,1,5,4,0,0,1,0,0.37,23,9,39.1,1.69,0.66,0.17,0.44,72,40.1,11,3,31.0,2.06,18,14,4,0.29,-0.44,0,18,17,0,15,13,14,0.2933985330073349,0.07334963325183373,1.687041564792176,0.6601466992665037,0.9535452322738387,1.0268948655256724,1.1002444987775062
Nicolò Zaniolo,it ITA,"FW,MF",Udinese,it Serie A,26.0,30,26,2090,23.2,5,6,11,5,0,0,8,0,0.47,65,20,30.8,2.8,0.86,0.08,0.25,70,68.3,9,4,23.0,1.23,26,27,-1,-0.04,0.33,0,59,56,4,113,4,20,0.21531100478468898,0.2583732057416268,2.799043062200957,0.8612440191387559,0.1722488038277512,0.8612440191387559,4.866028708133971
Alessandro Zanoli,it ITA,MF,Udinese,it Serie A,25.0,19,16,1280,14.2,1,2,3,1,0,0,1,0,0.21,3,1,33.3,0.21,0.07,0.33,1.0,67,41.8,1,3,26.0,1.16,16,18,-2,-0.14,0.01,0,16,5,1,40,7,18,0.0703125,0.140625,0.2109375,0.0703125,0.49218749999999994,1.265625,2.8125
Duván Zapata,co COL,FW,Torino,it Serie A,35.0,25,9,958,10.6,3,1,4,3,0,1,0,0,0.38,31,15,48.4,2.91,1.41,0.1,0.2,38,31.3,1,16,22.0,1.16,18,18,0,0.0,0.73,0,14,23,7,8,1,2,0.2818371607515658,0.0939457202505219,2.9123173277661794,1.4091858037578289,0.0939457202505219,0.1878914405010438,0.7515657620041752
Gabriele Zappa,it ITA,DF,Cagliari,it Serie A,26.0,27,16,1386,15.4,0,3,3,0,0,0,2,0,0.19,9,0,0.0,0.58,0.0,0.0,0.0,51,45.3,8,11,16.0,0.93,15,24,-9,-0.58,-0.37,0,12,5,0,32,16,17,0.0,0.19480519480519481,0.5844155844155845,0.0,1.0389610389610389,1.103896103896104,2.0779220779220777
Davide Zappacosta,it ITA,MF,Atalanta,it Serie A,33.0,31,27,2299,25.5,2,3,5,2,0,0,3,0,0.2,33,7,21.2,1.29,0.27,0.06,0.29,74,75.1,15,4,35.0,1.58,37,23,14,0.55,0.43,0,16,8,7,96,17,13,0.078294910830796,0.117442366246194,1.291866028708134,0.274032187907786,0.665506742061766,0.508916920400174,3.758155719878208
Bryan Zaragoza,es ESP,"FW,MF",Celta Vigo,es La Liga,24.0,19,13,1131,12.6,1,1,2,0,1,1,1,0,0.08,26,12,46.2,2.07,0.95,0.0,0.0,60,38.1,4,6,24.0,1.47,16,12,4,0.32,0.42,0,7,17,6,67,2,5,0.07957559681697612,0.07957559681697612,2.0689655172413794,0.9549071618037135,0.15915119363395225,0.3978779840848807,5.3315649867374
Aaron Zehnter,de GER,"DF,MF",Wolfsburg,de Bundesliga,21.0,20,17,1456,16.2,2,0,2,2,0,0,0,0,0.12,11,5,45.5,0.68,0.31,0.18,0.4,73,52.2,10,3,3.0,1.1,23,29,-6,-0.37,0.91,0,2,0,0,36,16,10,0.12362637362637363,0.0,0.679945054945055,0.3090659340659341,0.989010989010989,0.6181318681318682,2.2252747252747254
Jordan Zemura,zw ZIM,"MF,DF",Udinese,it Serie A,26.0,15,12,1017,11.3,0,1,1,0,0,0,3,0,0.09,5,1,20.0,0.44,0.09,0.0,0.0,68,33.2,8,3,15.0,1.27,14,15,-1,-0.09,0.09,0,22,11,2,33,6,17,0.0,0.08849557522123894,0.44247787610619466,0.08849557522123894,0.5309734513274336,1.5044247787610618,2.920353982300885
Alessio Zerbin,it ITA,MF,Cremonese,it Serie A,27.0,29,15,1509,16.8,0,2,2,0,0,0,1,0,0.12,20,7,35.0,1.19,0.42,0.0,0.0,52,49.3,3,14,27.0,0.86,9,22,-13,-0.78,-0.08,0,30,18,7,52,3,19,0.0,0.11928429423459244,1.1928429423459244,0.41749502982107356,0.17892644135188865,1.1332007952286283,3.1013916500994037
Cedric Zesiger,ch SUI,DF,Augsburg,de Bundesliga,27.0,24,17,1546,17.2,0,0,0,0,0,0,7,0,0.0,9,1,11.1,0.52,0.06,0.0,0.0,64,55.4,14,7,16.0,1.31,20,34,-14,-0.82,-0.67,0,17,12,0,34,13,23,0.0,0.0,0.5239327296248383,0.05821474773609315,0.7567917205692108,1.3389391979301424,1.979301423027167
Piotr Zieliński,pl POL,MF,Inter,it Serie A,31.0,31,20,1861,20.7,6,2,8,5,1,1,2,0,0.34,28,10,35.7,1.35,0.48,0.18,0.5,60,60.8,10,11,23.0,2.26,51,22,29,1.4,-0.1,0,16,17,0,22,7,16,0.2901665771090811,0.09672219236969372,1.354110693175712,0.4836109618484685,0.338527673293928,0.7737775389575497,1.0639441160666308
Nadir Zortea,it ITA,DF,Bologna,it Serie A,26.0,29,16,1761,19.6,0,2,2,0,0,0,2,0,0.1,11,1,9.1,0.56,0.05,0.0,0.0,61,57.5,11,13,28.0,1.28,19,26,-7,-0.36,-0.91,0,26,16,1,66,20,16,0.0,0.10221465076660988,0.5621805792163543,0.05110732538330494,1.0221465076660987,0.817717206132879,3.373083475298126
Yanis Zouaoui,dz ALG,"DF,MF",Le Havre,fr Ligue 1,28.0,28,26,2185,24.3,1,1,2,0,1,1,6,0,0.04,16,5,31.3,0.66,0.21,0.0,0.0,78,78.3,14,2,25.0,0.96,23,35,-12,-0.49,-0.35,0,20,25,1,169,24,26,0.041189931350114416,0.041189931350114416,0.6590389016018307,0.20594965675057209,0.9885583524027459,1.0709382151029747,6.961098398169337
Igor Zubeldia,es ESP,DF,Real Sociedad,es La Liga,29.0,22,21,1898,21.1,0,1,1,0,0,0,8,0,0.05,6,1,16.7,0.28,0.05,0.0,0.0,86,63.9,20,1,45.0,1.36,30,32,-2,-0.09,-0.26,0,34,5,0,0,22,18,0.0,0.04741833508956796,0.2845100105374078,0.04741833508956796,1.0432033719704954,0.8535300316122234,0.0
Martín Zubimendi,es ESP,MF,Arsenal,eng Premier League,27.0,34,33,2835,31.5,5,1,6,5,0,0,4,0,0.19,27,9,33.3,0.86,0.29,0.19,0.56,83,92.6,21,1,61.0,2.15,55,24,31,0.98,-1.82,0,30,13,1,12,39,37,0.15873015873015872,0.03174603174603175,0.8571428571428572,0.2857142857142857,1.2380952380952381,1.1746031746031746,0.380952380952381
Martin Ødegaard,no NOR,MF,Arsenal,eng Premier League,27.0,22,15,1256,14.0,1,5,6,1,0,0,0,0,0.43,21,8,38.1,1.5,0.57,0.05,0.13,57,41.0,7,7,27.0,2.09,27,13,14,1.0,-0.19,0,9,7,2,22,7,9,0.07165605095541401,0.35828025477707004,1.5047770700636942,0.5732484076433121,0.501592356687898,0.6449044585987261,1.5764331210191083
